employee_id,valid_from,valid_to,first_name,last_name,gender,birth_date,hire_date,department,job_title,salary,store_id,shift_pattern
EMP-000001,2016-01-01,2020-08-28,Sharon,Mohamed,Male,1979-04-25,2016-01-01,Store Operations,Cashier,39012,STOR-0001,Day
EMP-000001,2020-08-28,,Sharon,Mohamed,Male,1979-04-25,2016-01-01,Store Operations,Cashier,42423,STOR-0001,Day
EMP-000002,2023-01-01,2025-10-24,Erick,Kanini,Male,2006-08-25,2023-01-01,Store Operations,Cashier,36535,STOR-0001,Day
EMP-000002,2025-10-24,,Erick,Kanini,Male,2006-08-25,2023-01-01,Store Operations,Cashier,41835,STOR-0001,Day
EMP-000003,2023-04-15,,Stephen,Rono,Male,1962-08-17,2023-04-15,Store Operations,Cashier,44654,STOR-0001,Night
EMP-000004,2016-01-01,2016-12-10,Kelvin,Adan,Male,2001-07-26,2016-01-01,Store Operations,Supervisor,71149,STOR-0001,Day
EMP-000004,2016-12-10,,Kelvin,Adan,Male,2001-07-26,2016-01-01,Store Operations,Supervisor,83090,STOR-0001,Day
EMP-000005,2023-13-45,2023-13-45,Wanyama,Samuel,Female,2023-13-45,2023-13-45,Store Operations,Cashier,36584,STOR-0002,Night
EMP-000006,2016-01-01,,Fidelis,Ahmed,Female,2000-09-12,2016-01-01,Store Operations,Cashier,43785,STOR-0002,Day
EMP-000007,2016-01-01,,Maina,Nyamweya,Female,1971-06-19,2016-01-01,Store Operations,Cashier,48588,STOR-0002,Night
EMP-000008,2016-01-01,,Nancy,Mutuku,Male,1971-03-07,2016-01-01,Store Operations,Supervisor,69482,STOR-0002,Day
EMP-000009,2016-01-01,2018-01-26,Edwin,Wangila,Male,1967-07-22,2016-01-01,Store Operations,Cashier,42428,STOR-0003,Night
EMP-000009,2018-01-26,2021-10-17,Edwin,Wangila,Male,1967-07-22,2016-01-01,Store Operations,Cashier,47089,STOR-0003,Night
EMP-000009,2021-10-17,,Edwin,Wangila,Male,1967-07-22,2016-01-01,Store Operations,Cashier,50178,STOR-0003,Night
EMP-000010,2018-12-22,,Kelvin,Jelimo,Male,2001-09-06,2018-12-22,Store Operations,Cashier,45617,STOR-0003,Day
EMP-000011,2017-03-15,,Jackson,Mwangi,Male,1991-11-12,2017-03-15,Store Operations,Cashier,41216,STOR-0003,Night
EMP-000012,2020-01-08,,Kipngetich,Nakhumicha,Male,1986-05-11,2020-01-08,Store Operations,Supervisor,61051,STOR-0003,Day
EMP-000013,2018-02-07,2023-11-09,Daniel,Chebet,Female,2003-05-18,2018-02-07,Store Operations,Cashier,49960,STOR-0004,Night
EMP-000013,2023-11-09,2025-02-11,Daniel,Chebet,Female,2003-05-18,2018-02-07,Store Operations,Cashier,53237,STOR-0004,Night
EMP-000013,2025-02-11,,Daniel,Chebet,Female,2003-05-18,2018-02-07,Store Operations,Cashier,56208,STOR-0004,Night
EMP-000014,2024-03-09,,Kipkurui,Mokaya,Female,1963-09-19,2024-03-09,Store Operations,Cashier,37287,STOR-0004,Day
EMP-000015,2023-10-13,,Elizabeth,Nzomo,Female,1966-01-11,2023-10-13,Store Operations,Cashier,40930,STOR-0004,Day
EMP-000016,2025-02-25,,Veronica,Kimanthi,Male,1986-06-20,2025-02-25,Store Operations,Supervisor,61543,STOR-0004,Day
EMP-000017,2016-01-01,2019-04-05,Maina,Musembi,Male,1985-06-04,2016-01-01,Store Operations,Cashier,44771,STOR-0005,Day
EMP-000017,2019-04-05,2022-11-25,Maina,Musembi,Male,1985-06-04,2016-01-01,Store Operations,Cashier,50887,STOR-0005,Day
EMP-000017,2022-11-25,,Maina,Musembi,Male,1985-06-04,2016-01-01,Store Operations,Cashier,56490,STOR-0005,Day
EMP-000018,2016-01-01,,Wambui,Guyo,Female,2008-05-10,2016-01-01,Store Operations,Cashier,36876,STOR-0005,Night
EMP-000019,2016-01-01,2019-05-28,Belinda,Ruto,Female,2002-01-19,2016-01-01,Store Operations,Cashier,37591,STOR-0005,Night
EMP-000019,2019-05-28,2024-06-09,Belinda,Ruto,Female,2002-01-19,2016-01-01,Store Operations,Cashier,42132,STOR-0005,Night
EMP-000019,2024-06-09,,Belinda,Ruto,Female,2002-01-19,2016-01-01,Store Operations,Cashier,44325,STOR-0005,Night
EMP-000020,2016-01-01,,Susan,Wanjiku,Male,1986-06-03,2016-01-01,Store Operations,Supervisor,80937,STOR-0005,Day
EMP-000021,2016-01-01,,Ian,Jacob,Male,2007-06-06,2016-01-01,Store Operations,Cashier,37646,STOR-0006,Day
EMP-000022,2016-01-01,2020-05-22,Godwin,Abdirahman,Female,1964-05-28,2016-01-01,Store Operations,Cashier,49396,STOR-0006,Night
EMP-000022,2020-05-22,,Godwin,Abdirahman,Female,1964-05-28,2016-01-01,Store Operations,Cashier,56656,STOR-0006,Night
EMP-000023,2016-01-01,,Damaris,Muinde,Male,1987-11-25,2016-01-01,Store Operations,Cashier,48369,STOR-0006,Day
EMP-000024,2016-01-01,2021-11-05,Samwel,Ouma,Male,1999-03-13,2016-01-01,Store Operations,Supervisor,78015,STOR-0006,Day
EMP-000024,2021-11-05,2023-03-30,Samwel,Ouma,Male,1999-03-13,2016-01-01,Store Operations,Supervisor,92049,STOR-0006,Day
EMP-000024,2023-03-30,,Samwel,Ouma,Male,1999-03-13,2016-01-01,Store Operations,Supervisor,101758,STOR-0006,Day
EMP-000025,2016-12-10,,Elizabeth,Ngugi,Male,2004-05-06,2016-12-10,Store Operations,Cashier,41537,STOR-0007,Night
EMP-000026,2016-01-01,2026-01-16,Yussuf,Kibet,Female,1977-05-19,2016-01-01,Store Operations,Cashier,36049,STOR-0007,Night
EMP-000026,2026-01-16,,Yussuf,Kibet,Female,1977-05-19,2016-01-01,Store Operations,Cashier,38506,STOR-0007,Night
EMP-000027,2016-01-01,2023-04-15,Ambrose,Kithinji,Male,1989-10-02,2016-01-01,Store Operations,Cashier,-45339,STOR-0007,Day
EMP-000027,2023-04-15,,Ambrose,Kithinji,Male,1989-10-02,2016-01-01,Store Operations,Cashier,48437,STOR-0007,Day
EMP-000028,2016-01-01,,Kyalo,Wanzala,Female,1970-01-05,2016-01-01,Store Operations,Supervisor,69125,STOR-0007,Day
EMP-000029,2016-01-01,2018-05-11,Eugene,Ali,Male,1963-10-22,2016-01-01,Store Operations,Cashier,44440,STOR-0008,Night
EMP-000029,2018-05-11,2020-02-24,Eugene,Ali,Male,1963-10-22,2016-01-01,Store Operations,Cashier,48014,STOR-0008,Night
EMP-000029,2020-02-24,,Eugene,Ali,Male,1963-10-22,2016-01-01,Store Operations,Cashier,52934,STOR-0008,Night
EMP-000030,2016-02-04,2017-08-31,Mercy,Limo,Female,1989-04-29,2016-02-04,Store Operations,Cashier,45796,STOR-0008,Night
EMP-000030,2017-08-31,2021-06-06,Mercy,Limo,Female,1989-04-29,2016-02-04,Store Operations,Cashier,50063,STOR-0008,Night
EMP-000030,2023-13-45,2023-13-45,Mercy,Limo,Female,2023-13-45,2023-13-45,Store Operations,Cashier,54024,STOR-0008,Night
EMP-000031,2016-01-01,2020-10-08,Kenneth,Abdinoor,Female,1996-08-09,2016-01-01,Store Operations,Cashier,45587,STOR-0008,Day
EMP-000031,2020-10-08,2025-12-19,Kenneth,Abdinoor,Female,1996-08-09,2016-01-01,Store Operations,Cashier,50655,STOR-0008,Day
EMP-000031,2025-12-19,,Kenneth,Abdinoor,Female,1996-08-09,2016-01-01,Store Operations,Cashier,53894,STOR-0008,Day
EMP-000032,2017-04-07,,Monica,Otieno,Male,1968-05-24,2017-04-07,Store Operations,Supervisor,77573,STOR-0008,Day
EMP-000033,2016-01-01,,Lucy,Kimathi,Female,1978-10-03,2016-01-01,Store Operations,Cashier,39092,STOR-0009,Day
EMP-000034,2016-01-01,,Alice,Mutuku,Male,1980-07-27,2016-01-01,Store Operations,Cashier,48697,STOR-0009,Day
EMP-000035,2016-01-01,,Pius,Kimutai,Male,1978-07-10,2016-01-01,Store Operations,Cashier,42886,STOR-0009,Day
EMP-000036,2016-01-01,2018-04-21,Velma,Khaemba,Male,1995-02-23,2016-01-01,Store Operations,Supervisor,72793,STOR-0009,Day
EMP-000036,2018-04-21,2024-02-11,Velma,Khaemba,Male,1995-02-23,2016-01-01,Store Operations,Supervisor,81168,STOR-0009,Day
EMP-000036,2024-02-11,,Velma,Khaemba,Male,1995-02-23,2016-01-01,Store Operations,Supervisor,91229,STOR-0009,Day
EMP-000037,2023-12-24,2024-11-22,Shadrack,Kipkemoi,Female,2002-01-15,2023-12-24,Store Operations,Cashier,47834,STOR-0010,Night
EMP-000037,2024-11-22,2025-07-19,Shadrack,Kipkemoi,Female,2002-01-15,2023-12-24,Store Operations,Cashier,52407,STOR-0010,Night
EMP-000037,2025-07-19,,Shadrack,Kipkemoi,Female,2002-01-15,2023-12-24,Store Operations,Cashier,59142,STOR-0010,Night
EMP-000038,2016-01-01,,Nelson,Wanjiku,Male,1996-09-09,2016-01-01,Store Operations,Cashier,43883,STOR-0010,Day
EMP-000039,2016-01-01,2016-10-28,Virginia,Okello,Male,1993-11-06,2016-01-01,Store Operations,Cashier,43238,STOR-0010,Day
EMP-000039,2016-10-28,,Virginia,Okello,Male,1993-11-06,2016-01-01,Store Operations,Cashier,46263,STOR-0010,Day
EMP-000040,2016-01-01,,Mohamed,Cherotich,Male,1981-07-11,2016-01-01,Store Operations,,82125,STOR-0010,Day
EMP-000041,2016-01-01,,Robert,Mutua,Female,1999-03-17,2016-01-01,Store Operations,Cashier,44485,STOR-0011,Day
EMP-000042,2020-05-07,2021-06-06,Rahab,Ali,Female,1993-09-02,2020-05-07,Store Operations,Cashier,45972,STOR-0011,Night
EMP-000042,2021-06-06,2025-02-26,Rahab,Ali,Female,1993-09-02,2020-05-07,Store Operations,Cashier,50634,STOR-0011,Night
EMP-000042,2025-02-26,,Rahab,Ali,Female,1993-09-02,2020-05-07,Store Operations,Cashier,56165,STOR-0011,Night
EMP-000043,2019-08-11,2024-02-22,Riziki,Juma,Male,2005-06-30,2019-08-11,Store Operations,Cashier,47318,STOR-0011,Day
EMP-000043,2024-02-22,,Riziki,Juma,Male,2005-06-30,2019-08-11,Store Operations,Cashier,49903,STOR-0011,Day
EMP-000044,2016-09-09,,Rahab,Njoroge,Male,1996-07-04,2016-09-09,Store Operations,Supervisor,64340,STOR-0011,Day
EMP-000045,2017-06-10,,Juliet,Rono,Male,1975-01-05,2017-06-10,Store Operations,Cashier,37584,STOR-0012,Night
EMP-000046,2023-13-45,2023-13-45,Naomy,Ekai,Female,2023-13-45,2023-13-45,Store Operations,Cashier,44086,STOR-0012,Night
EMP-000047,2016-01-01,,Collins,Rotich,Male,2006-04-22,2016-01-01,Store Operations,Cashier,49577,STOR-0012,Day
EMP-000048,2018-05-20,,Esther,Wachira,Male,1995-10-27,2018-05-20,Store Operations,Supervisor,66901,STOR-0012,Day
EMP-000049,2018-09-16,2022-01-28,Nyambura,Adhiambo,Male,1964-12-15,2018-09-16,Store Operations,Cashier,39114,STOR-0013,Day
EMP-000049,2022-01-28,2022-08-28,Nyambura,Adhiambo,Male,1964-12-15,2018-09-16,Store Operations,Cashier,43446,STOR-0013,Day
EMP-000049,2022-08-28,,Nyambura,Adhiambo,Male,1964-12-15,2018-09-16,Store Operations,Cashier,46359,STOR-0013,Day
EMP-000050,2016-01-01,,Aaron,Hussein,Female,1975-08-02,2016-01-01,Store Operations,Cashier,47634,STOR-0013,Day
EMP-000051,2016-01-01,,John,Mwai,Female,1964-08-09,2016-01-01,Store Operations,Cashier,44038,STOR-0013,Night
EMP-000052,2016-01-01,2017-09-12,Joshua,Situma,Male,1983-01-31,2016-01-01,Store Operations,Supervisor,77877,STOR-0013,Day
EMP-000052,2023-13-45,2023-13-45,Joshua,Situma,Male,2023-13-45,2023-13-45,Store Operations,Supervisor,84715,STOR-0013,Day
EMP-000052,2022-07-25,,Joshua,Situma,Male,1983-01-31,2016-01-01,Store Operations,Supervisor,101138,STOR-0013,Day
EMP-000053,2023-03-02,,Robert,Rutto,Male,1975-03-06,2023-03-02,Store Operations,Cashier,40050,STOR-0014,Night
EMP-000054,2021-04-22,2025-10-26,Anderson,Omari,Male,1999-06-17,2021-04-22,Store Operations,Cashier,39088,STOR-0014,Day
EMP-000054,2025-10-26,,Anderson,Omari,Male,1999-06-17,2021-04-22,Store Operations,Cashier,44816,STOR-0014,Day
EMP-000055,2017-03-26,,Amos,Mungai,Male,1988-04-19,2017-03-26,Store Operations,Cashier,48283,STOR-0014,Day
EMP-000056,2016-01-01,,Patrick,Kamau,Male,1989-12-06,2016-01-01,Store Operations,Supervisor,73491,STOR-0014,Day
EMP-000057,2018-03-26,2024-06-14,Allan,Kirui,Male,1964-04-14,2018-03-26,Store Operations,Cashier,46489,STOR-0015,Day
EMP-000057,2024-06-14,,Allan,Kirui,Male,1964-04-14,2018-03-26,Store Operations,Cashier,52571,STOR-0015,Day
EMP-000058,2017-04-27,2021-03-27,Esther,Wambugu,Female,1964-09-21,2017-04-27,Store Operations,Cashier,42541,STOR-0015,Night
EMP-000058,2021-03-27,,Esther,Wambugu,Female,1964-09-21,2017-04-27,Store Operations,Cashier,45963,STOR-0015,Night
EMP-000059,2016-01-01,2020-09-21,Susan,Kiragu,Male,1968-01-13,2016-01-01,Store Operations,Cashier,41528,STOR-0015,Night
EMP-000059,2020-09-21,,Susan,Kiragu,Male,1968-01-13,2016-01-01,Store Operations,Cashier,44010,STOR-0015,Night
EMP-000060,2021-11-17,,Patrick,Kimathi,Female,1970-02-20,2021-11-17,Store Operations,Supervisor,73096,STOR-0015,Day
EMP-000061,2016-01-01,2017-10-10,Lewis,Barasa,Female,1977-08-06,2016-01-01,Store Operations,Cashier,37925,STOR-0016,Night
EMP-000061,2017-10-10,2022-01-13,Lewis,Barasa,Female,1977-08-06,2016-01-01,Store Operations,Cashier,42416,STOR-0016,Night
EMP-000061,2022-01-13,,Lewis,Barasa,Female,1977-08-06,2016-01-01,Store Operations,Cashier,46403,STOR-0016,Night
EMP-000062,2020-07-20,2021-06-22,Winnie,Warui,Female,1967-04-06,2020-07-20,Store Operations,Cashier,43379,STOR-0016,Day
EMP-000062,2021-06-22,,Winnie,Warui,Female,1967-04-06,2020-07-20,Store Operations,Cashier,46077,STOR-0016,Day
EMP-000063,2016-01-01,2018-01-29,Esther,Momanyi,Female,1961-08-08,2016-01-01,Store Operations,Cashier,35027,STOR-0016,Day
EMP-000063,2018-01-29,,Esther,Momanyi,Female,1961-08-08,2016-01-01,Store Operations,Cashier,38512,STOR-0016,Day
EMP-000064,2020-11-28,,Aisha,Chengo,Female,1971-12-01,2020-11-28,Store Operations,Supervisor,64083,STOR-0016,Day
EMP-000065,2019-11-14,,Hamisi,Yussuf,Female,1987-11-21,2019-11-14,Store Operations,Cashier,40344,STOR-0017,Night
EMP-000066,2016-07-22,,Kwamboka,Njoroge,Male,1960-09-29,2016-07-22,Store Operations,Cashier,41211,STOR-0017,Day
EMP-000067,2022-09-27,2024-06-11,June,Kibet,Female,1991-07-25,2022-09-27,Store Operations,Cashier,35006,STOR-0017,Night
EMP-000067,2024-06-11,2025-11-01,June,Kibet,Female,1991-07-25,2022-09-27,Store Operations,Cashier,36876,STOR-0017,Night
EMP-000067,2025-11-01,,June,Kibet,Female,1991-07-25,2022-09-27,Store Operations,Cashier,-42073,STOR-0017,Night
EMP-000068,2024-08-15,2025-10-26,Nancy,Bosire,Female,1998-06-02,2024-08-15,Store Operations,Supervisor,82138,STOR-0017,Day
EMP-000068,2025-10-26,,Nancy,Bosire,Female,1998-06-02,2024-08-15,Store Operations,Supervisor,91259,STOR-0017,Day
EMP-000069,2016-01-01,2020-03-12,Purity,Atieno,Male,1980-10-15,2016-01-01,Store Operations,Cashier,45876,STOR-0018,Night
EMP-000069,2020-03-12,,Purity,Atieno,Male,1980-10-15,2016-01-01,Store Operations,Cashier,51209,STOR-0018,Night
EMP-000070,2017-04-05,2018-04-09,Carol,Mutunga,Female,1997-06-30,2017-04-05,Store Operations,Cashier,35400,STOR-0018,Day
EMP-000070,2018-04-09,2025-02-14,Carol,Mutunga,Female,1997-06-30,2017-04-05,Store Operations,Cashier,38273,STOR-0018,Day
EMP-000070,2025-02-14,,Carol,Mutunga,Female,1997-06-30,2017-04-05,Store Operations,Cashier,42177,STOR-0018,Day
EMP-000071,2024-07-21,,Kamau,Mwangi,Male,1993-01-16,2024-07-21,Store Operations,Cashier,44431,STOR-0018,Day
EMP-000072,2025-07-08,,Yahya,Mulongo,Female,1971-04-25,2025-07-08,Store Operations,Supervisor,64835,STOR-0018,Day
EMP-000073,2016-01-01,2017-08-28,David,Mugo,Male,1973-03-30,2016-01-01,Store Operations,Cashier,37881,STOR-0019,Night
EMP-000073,2017-08-28,,David,Mugo,Male,1973-03-30,2016-01-01,Store Operations,Cashier,41846,STOR-0019,Night
EMP-000074,2024-03-26,,Joe,Nduku,Male,1976-08-09,2024-03-26,Store Operations,Cashier,42612,STOR-0019,Night
EMP-000075,2023-09-15,,Jeremiah,Nzilani,Female,1999-05-14,2023-09-15,Store Operations,Cashier,49699,STOR-0019,Day
EMP-000076,2024-05-25,,Denis,Aden,Female,2002-09-30,2024-05-25,Store Operations,Supervisor,68101,STOR-0019,Day
EMP-000077,2025-11-08,,Daniel,Abdalla,Female,1999-01-23,2025-11-08,Store Operations,Cashier,39499,STOR-0020,Night
EMP-000078,2018-06-11,2024-08-18,Murithi,Mbaabu,Male,1974-07-01,2018-06-11,Store Operations,Cashier,49631,STOR-0020,Day
EMP-000078,2024-08-18,,Murithi,Mbaabu,Male,1974-07-01,2018-06-11,Store Operations,Cashier,53030,STOR-0020,Day
EMP-000079,2016-01-01,,Joyce,Mutua,Female,1987-07-14,2016-01-01,Store Operations,Cashier,36052,STOR-0020,Night
EMP-000080,2023-01-07,,Victor,Wambugu,Female,1991-09-18,2023-01-07,Store Operations,Supervisor,73767,STOR-0020,Day
EMP-000081,2022-08-01,,Onyango,Muthomi,Male,1965-07-15,2022-08-01,Store Operations,Cashier,40763,STOR-0021,Night
EMP-000082,2017-08-08,,John,Kipkirui,Female,1998-11-29,2017-08-08,Store Operations,Cashier,39471,STOR-0021,Night
EMP-000083,2020-11-22,,Lindah,Maina,Female,1975-02-07,2020-11-22,Store Operations,Cashier,48076,STOR-0021,Night
EMP-000084,2016-01-01,,Mungai,Hassan,Female,1984-05-07,2016-01-01,Store Operations,Supervisor,60883,STOR-0021,Day
EMP-000085,2016-01-01,2021-05-04,Winfred,Muhia,Male,1985-09-29,2016-01-01,Store Operations,Cashier,37223,STOR-0022,Night
EMP-000085,2021-05-04,2022-07-03,Winfred,Muhia,Male,1985-09-29,2016-01-01,Store Operations,Cashier,42693,STOR-0022,Night
EMP-000085,2022-07-03,,Winfred,Muhia,Male,1985-09-29,2016-01-01,Store Operations,Cashier,48136,STOR-0022,Night
EMP-000086,2020-04-15,,Musa,Musyoki,Female,1981-03-09,2020-04-15,Store Operations,Cashier,40355,STOR-0022,Night
EMP-000087,2018-07-09,,Mary,Mbui,Female,2005-02-06,2018-07-09,Store Operations,Cashier,48679,STOR-0022,Day
EMP-000088,2021-04-21,,Evance,Farah,Male,1998-05-04,2021-04-21,Store Operations,Supervisor,62248,STOR-0022,Day
EMP-000089,2016-01-01,,Shadrack,Mwiti,Male,1969-09-26,2016-01-01,Store Operations,Cashier,48749,,Day
EMP-000090,2016-01-01,,Jackson,Ngui,Male,1998-03-31,2016-01-01,Store Operations,Cashier,36874,STOR-0023,Day
EMP-000091,2021-03-20,,Michael,Barasa,Female,1974-12-07,2021-03-20,Store Operations,Cashier,44949,STOR-0023,Day
EMP-000092,2019-02-19,,Purity,Achieng,Male,2003-10-05,2019-02-19,Store Operations,Supervisor,60841,STOR-0023,Day
EMP-000093,2022-12-07,2023-08-22,Doreen,Charo,Female,1977-09-08,2022-12-07,Store Operations,Cashier,36245,STOR-0024,Day
EMP-000093,2023-08-22,2024-04-29,Doreen,Charo,Female,1977-09-08,2022-12-07,Store Operations,Cashier,41462,STOR-0024,Day
EMP-000093,2024-04-29,,Doreen,Charo,Female,1977-09-08,2022-12-07,Store Operations,Cashier,47245,STOR-0024,Day
EMP-000094,2016-01-01,2016-07-21,Mercy,Thuku,Male,1963-08-07,2016-01-01,Store Operations,Cashier,42018,STOR-0024,Night
EMP-000094,2016-07-21,2022-09-20,Mercy,Thuku,Male,1963-08-07,2016-01-01,Store Operations,Cashier,46631,STOR-0024,Night
EMP-000094,2022-09-20,,Mercy,Thuku,Male,1963-08-07,2016-01-01,Store Operations,Cashier,53261,STOR-0024,Night
EMP-000095,2023-08-04,,Fatuma,Waithira,Male,1978-06-04,2023-08-04,Store Operations,Cashier,42102,STOR-0024,Night
EMP-000096,2016-01-01,,Francis,Irungu,Female,1989-09-14,2016-01-01,Store Operations,Supervisor,84045,STOR-0024,Day
EMP-000097,2025-08-14,,Odongo,Onyango,Female,2007-08-16,2025-08-14,Store Operations,Cashier,48528,STOR-0025,Night
EMP-000098,2018-08-08,,Veronicah,Mutisya,Male,1985-09-21,2018-08-08,Store Operations,Cashier,47295,STOR-0025,Night
EMP-000099,2020-01-16,2020-11-20,Bramwel,Wambui,Female,1969-04-09,2020-01-16,Store Operations,Cashier,48942,STOR-0025,Night
EMP-000099,2020-11-20,,Bramwel,Wambui,Female,1969-04-09,2020-01-16,Store Operations,Cashier,51822,STOR-0025,Night
EMP-000100,2018-06-09,,Thomas,Koros,Female,1963-04-25,2018-06-09,Store Operations,Supervisor,79534,STOR-0025,Day
EMP-000101,2023-13-45,2023-13-45,Rael,Ouma,Female,2023-13-45,2023-13-45,Store Operations,Cashier,36402,STOR-0026,Day
EMP-000102,2023-13-45,2023-13-45,Jane,Awuor,Female,2023-13-45,2023-13-45,Store Operations,Cashier,45582,STOR-0026,Night
EMP-000103,2016-01-01,2019-02-14,Violet,Mburu,Male,2002-11-01,2016-01-01,Store Operations,Cashier,41625,STOR-0026,Day
EMP-000103,2019-02-14,2021-08-17,Violet,Mburu,Male,2002-11-01,2016-01-01,Store Operations,Cashier,44522,STOR-0026,Day
EMP-000103,2021-08-17,,Violet,Mburu,Male,2002-11-01,2016-01-01,Store Operations,Cashier,46949,STOR-0026,Day
EMP-000104,2021-07-24,,Rebecca,Jumba,Female,1972-08-24,2021-07-24,Store Operations,Supervisor,78035,STOR-0026,Day
EMP-000105,2018-05-09,,Winfred,Mohamed,Female,1983-03-16,2018-05-09,Store Operations,Cashier,38777,STOR-0027,Day
EMP-000106,2016-01-01,2020-09-18,Lydia,Kirui,Female,2006-03-09,2016-01-01,Store Operations,Cashier,47487,STOR-0027,Day
EMP-000106,2023-13-45,2023-13-45,Lydia,Kirui,Female,2023-13-45,2023-13-45,Store Operations,Cashier,51406,STOR-0027,Day
EMP-000106,2023-06-23,,Lydia,Kirui,Female,2006-03-09,2016-01-01,Store Operations,Cashier,55974,STOR-0027,Day
EMP-000107,2019-02-27,2019-12-24,Francis,Nkatha,Female,1986-08-19,2019-02-27,Store Operations,Cashier,38180,STOR-0027,Night
EMP-000107,2019-12-24,,Francis,Nkatha,Female,1986-08-19,2019-02-27,Store Operations,Cashier,41125,STOR-0027,Night
EMP-000108,2016-01-01,2022-06-10,Fridah,Kimani,Female,1991-12-03,2016-01-01,Store Operations,Supervisor,64147,STOR-0027,Day
EMP-000108,2022-06-10,,Fridah,Kimani,Female,1991-12-03,2016-01-01,Store Operations,Supervisor,75658,STOR-0027,Day
EMP-000109,2016-01-01,2020-04-14,Wilson,Komen,Female,1976-02-01,2016-01-01,Store Operations,Cashier,47333,STOR-0028,Night
EMP-000109,2023-13-45,2023-13-45,Wilson,Komen,Female,2023-13-45,2023-13-45,Store Operations,Cashier,51388,STOR-0028,Night
EMP-000110,2025-08-15,,Joseph,Wafula,Female,1982-12-08,2025-08-15,Store Operations,Cashier,40582,STOR-0028,Day
EMP-000111,2025-02-27,,Maina,Maina,Female,1979-08-05,2025-02-27,Store Operations,Cashier,36070,STOR-0028,Night
EMP-000112,2016-01-01,,Edward,Mugo,Male,2006-11-03,2016-01-01,Store Operations,Supervisor,78443,STOR-0028,Day
EMP-000113,2017-02-18,,Jepchirchir,Kimathi,Male,1962-06-24,2017-02-18,Store Operations,Cashier,47524,STOR-0029,Night
EMP-000114,2022-08-15,2025-07-31,Dennis,Mule,Male,1972-10-01,2022-08-15,Store Operations,Cashier,39871,STOR-0029,Night
EMP-000114,2025-07-31,,Dennis,Mule,Male,1972-10-01,2022-08-15,Store Operations,Cashier,42984,STOR-0029,Night
EMP-000115,2016-11-07,2024-09-26,Sabina,Simiyu,Male,1967-12-23,2016-11-07,Store Operations,Cashier,39335,STOR-0029,Day
EMP-000115,2024-09-26,,Sabina,Simiyu,Male,1967-12-23,2016-11-07,Store Operations,Cashier,43436,STOR-0029,Day
EMP-000116,2016-01-01,,Henry,Nkirote,Male,1990-04-18,2016-01-01,Store Operations,Supervisor,74762,STOR-0029,Day
EMP-000117,2019-01-08,,Mary,Kosgei,Female,1986-10-24,2019-01-08,Store Operations,Cashier,39720,STOR-0030,Night
EMP-000118,2016-01-01,,Rael,Akinyi,Female,1963-08-15,2016-01-01,Store Operations,Cashier,39334,STOR-0030,Day
EMP-000119,2016-01-01,2019-11-05,Ann,Otieno,Male,1997-03-29,2016-01-01,Store Operations,Cashier,37330,STOR-0030,Day
EMP-000119,2019-11-05,2023-06-08,Ann,Otieno,Male,1997-03-29,2016-01-01,Store Operations,Cashier,39722,STOR-0030,Day
EMP-000119,2023-06-08,,Ann,Otieno,Male,1997-03-29,2016-01-01,Store Operations,Cashier,44894,STOR-0030,Day
EMP-000120,2024-02-15,,Douglas,Nyanchama,Female,1983-01-26,2024-02-15,Store Operations,Supervisor,82566,STOR-0030,Day
EMP-000121,2018-09-18,2025-04-30,Faith,Mwiti,Female,1969-01-29,2018-09-18,Store Operations,Cashier,43090,STOR-0031,Night
EMP-000121,2023-13-45,2023-13-45,Faith,Mwiti,Female,2023-13-45,2023-13-45,Store Operations,Cashier,45565,STOR-0031,Night
EMP-000122,2020-10-09,2024-09-26,Emmaculate,Murithi,Female,2005-12-24,2020-10-09,Store Operations,Cashier,35423,STOR-0031,Day
EMP-000122,2024-09-26,,Emmaculate,Murithi,Female,2005-12-24,2020-10-09,Store Operations,Cashier,40689,STOR-0031,Day
EMP-000123,2016-01-01,,Andrew,Kipngeno,Female,1998-04-29,2016-01-01,Store Operations,Cashier,43502,STOR-0031,Night
EMP-000124,2023-11-27,,Paul,Gitonga,Male,1986-05-26,2023-11-27,Store Operations,Supervisor,76112,STOR-0031,Day
EMP-000125,2021-07-11,,Ruth,Kobia,Female,2002-06-26,2021-07-11,Store Operations,Cashier,40260,STOR-0032,Day
EMP-000126,2023-12-16,,Jesse,Mburu,Female,1960-08-17,2023-12-16,Store Operations,Cashier,39722,STOR-0032,Night
EMP-000127,2024-02-11,2025-11-23,Joel,Ouma,Male,2000-01-25,2024-02-11,Store Operations,Cashier,39135,STOR-0032,Night
EMP-000127,2025-11-23,,Joel,Ouma,Male,2000-01-25,2024-02-11,Store Operations,Cashier,44113,,Night
EMP-000128,2024-07-02,,Esther,Chepkorir,Male,1990-09-08,2024-07-02,Store Operations,Supervisor,66146,STOR-0032,Day
EMP-000129,2024-01-07,,Ruth,Kosgei,Female,1972-02-23,2024-01-07,Store Operations,Cashier,39375,STOR-0033,Day
EMP-000130,2025-02-01,,Elizabeth,Wambua,Female,2005-10-10,2025-02-01,Store Operations,Cashier,45322,STOR-0033,Day
EMP-000131,2016-01-01,,Mercy,Langat,Female,1976-07-31,2016-01-01,Store Operations,Cashier,36527,STOR-0033,Day
EMP-000132,2024-02-21,,Grace,Kimani,Male,1974-02-24,2024-02-21,Store Operations,Supervisor,65045,STOR-0033,Day
EMP-000133,2018-07-27,2024-04-05,Kevin,Mwangi,Female,1992-12-06,2018-07-27,Store Operations,Cashier,42905,STOR-0034,Night
EMP-000133,2024-04-05,,Kevin,Mwangi,Female,1992-12-06,2018-07-27,Store Operations,Cashier,45902,STOR-0034,Night
EMP-000134,2016-10-17,,Betty,Maina,Female,1988-10-19,2016-10-17,Store Operations,Cashier,47227,STOR-0034,Day
EMP-000135,2023-06-26,,Dorothy,Kahindi,Female,2007-12-26,2023-06-26,Store Operations,Cashier,43318,STOR-0034,Night
EMP-000136,2019-10-19,,Elvis,Kiprotich,Female,1970-08-22,2019-10-19,Store Operations,Supervisor,81624,STOR-0034,Day
EMP-000137,2024-09-16,,Elizabeth,Otieno,Male,1967-11-08,2024-09-16,Store Operations,Cashier,40654,STOR-0035,Night
EMP-000138,2024-06-28,,Agnes,Ahmed,Female,2007-12-15,2024-06-28,Store Operations,Cashier,38090,STOR-0035,Day
EMP-000139,2023-01-11,,Maxwel,Mwangi,Male,1977-07-22,2023-01-11,Store Operations,Cashier,47201,STOR-0035,Night
EMP-000140,2022-11-26,,Risper,Juma,Female,1969-09-03,2022-11-26,Store Operations,Supervisor,81365,STOR-0035,Day
EMP-000141,2016-01-01,,Florence,Ogutu,Female,1998-08-20,2016-01-01,Store Operations,,44669,STOR-0036,Night
EMP-000142,2016-01-01,,Mugendi,Chesire,Female,1990-09-19,2016-01-01,Store Operations,Cashier,35251,STOR-0036,Day
EMP-000143,2016-01-01,,Mary,Kipkosgei,Male,1994-12-13,2016-01-01,Store Operations,Cashier,39342,STOR-0036,Night
EMP-000144,2016-01-01,,Godfrey,Oyoo,Female,1990-12-11,2016-01-01,Store Operations,Supervisor,82097,STOR-0036,Day
EMP-000145,2020-11-23,,Peris,Odiwuor,Female,1992-11-25,2020-11-23,Store Operations,Cashier,49539,STOR-0037,Night
EMP-000146,2016-01-01,,Mohammed,Mutethia,Male,2003-12-29,2016-01-01,Store Operations,Cashier,46213,STOR-0037,Night
EMP-000147,2023-02-25,,Odhiambo,Chesang,Male,1993-07-29,2023-02-25,Store Operations,Cashier,45383,STOR-0037,Day
EMP-000148,2016-01-01,2021-05-09,Mercy,Wanjala,Female,1965-11-14,2016-01-01,Store Operations,Supervisor,61838,STOR-0037,Day
EMP-000148,2021-05-09,2022-11-04,Mercy,Wanjala,Female,1965-11-14,2016-01-01,Store Operations,Supervisor,66826,STOR-0037,Day
EMP-000148,2022-11-04,,Mercy,Wanjala,Female,1965-11-14,2016-01-01,Store Operations,Supervisor,78711,STOR-0037,Day
EMP-000149,2016-01-01,2017-11-11,Ian,Anyango,Female,1997-05-10,2016-01-01,Store Operations,Cashier,41751,STOR-0038,Day
EMP-000149,2017-11-11,,Ian,Anyango,Female,1997-05-10,2016-01-01,Store Operations,Cashier,46789,STOR-0038,Day
EMP-000150,2017-08-19,,Moses,Hussein,Female,2007-10-28,2017-08-19,Store Operations,Cashier,37344,STOR-0038,Day
EMP-000151,2024-05-22,,Wanjiru,Ouma,Female,1988-10-30,2024-05-22,Store Operations,Cashier,35153,STOR-0038,Night
EMP-000152,2016-01-01,2017-07-20,Kibet,Musyoki,Male,1988-11-22,2016-01-01,Store Operations,Supervisor,79253,STOR-0038,Day
EMP-000152,2017-07-20,2019-10-20,Kibet,Musyoki,Male,1988-11-22,2016-01-01,Store Operations,Supervisor,92526,,Day
EMP-000152,2019-10-20,,Kibet,Musyoki,Male,1988-11-22,2016-01-01,Store Operations,Supervisor,108491,STOR-0038,Day
EMP-000153,2024-05-07,2024-11-18,Amina,Waweru,Female,2000-05-06,2024-05-07,Store Operations,Cashier,41302,,Night
EMP-000153,2024-11-18,2025-12-26,Amina,Waweru,Female,2000-05-06,2024-05-07,Store Operations,Cashier,43672,STOR-0039,Night
EMP-000153,2025-12-26,,Amina,Waweru,Female,2000-05-06,2024-05-07,Store Operations,Cashier,47421,STOR-0039,Night
EMP-000154,2019-12-10,2022-12-21,Enock,Otieno,Female,1984-07-15,2019-12-10,Store Operations,Cashier,35359,STOR-0039,Night
EMP-000154,2022-12-21,,Enock,Otieno,Female,1984-07-15,2019-12-10,Store Operations,Cashier,37536,STOR-0039,Night
EMP-000155,2019-04-20,2024-05-15,Brenda,Kiptum,Female,1989-02-10,2019-04-20,Store Operations,Cashier,48138,STOR-0039,Night
EMP-000155,2024-05-15,,Brenda,Kiptum,Female,1989-02-10,2019-04-20,Store Operations,Cashier,54699,STOR-0039,Night
EMP-000156,2016-01-01,,Cynthia,Mutisya,Female,2001-08-25,2016-01-01,Store Operations,Supervisor,80560,STOR-0039,Day
EMP-000157,2024-01-19,2025-06-20,Asha,Osman,Female,1979-03-04,2024-01-19,Store Operations,Cashier,40977,STOR-0040,Day
EMP-000157,2025-06-20,2026-01-09,Asha,Osman,Female,1979-03-04,2024-01-19,Store Operations,Cashier,45579,STOR-0040,Day
EMP-000157,2026-01-09,,Asha,Osman,Female,1979-03-04,2024-01-19,Store Operations,Cashier,49366,STOR-0040,Day
EMP-000158,2023-03-07,,Peter,Chepkemoi,Female,2006-10-25,2023-03-07,Store Operations,Cashier,37165,STOR-0040,Night
EMP-000159,2016-01-01,,Pauline,Aoko,Female,1992-05-28,2016-01-01,Store Operations,Cashier,42894,STOR-0040,Night
EMP-000160,2016-01-01,,Deborah,Ombasa,Female,1996-12-11,2016-01-01,Store Operations,Supervisor,64612,STOR-0040,Day
EMP-000161,2022-09-12,2026-01-03,Joseph,Kinyua,Male,1999-01-03,2022-09-12,Store Operations,Cashier,36479,STOR-0041,Night
EMP-000161,2026-01-03,,Joseph,Kinyua,Male,1999-01-03,2022-09-12,Store Operations,Cashier,38534,STOR-0041,Night
EMP-000162,2021-11-24,,Peter,Waithera,Female,1969-10-31,2021-11-24,Store Operations,Cashier,46015,STOR-0041,Night
EMP-000163,2016-01-01,,Hannah,Kariuki,Female,1978-04-21,2016-01-01,Store Operations,Cashier,42724,STOR-0041,Day
EMP-000164,2017-11-03,,Clinton,Ouma,Female,1982-11-03,2017-11-03,Store Operations,Supervisor,80820,STOR-0041,Day
EMP-000165,2023-02-05,2025-05-19,Sammy,Kadenge,Female,1979-07-15,2023-02-05,Store Operations,Cashier,35742,STOR-0042,Day
EMP-000165,2025-05-19,2025-12-09,Sammy,Kadenge,Female,1979-07-15,2023-02-05,Store Operations,Cashier,38640,STOR-0042,Day
EMP-000165,2025-12-09,,Sammy,Kadenge,Female,1979-07-15,2023-02-05,Store Operations,Cashier,41828,STOR-0042,Day
EMP-000166,2016-01-01,,Leah,Kiprono,Male,1997-04-22,2016-01-01,Store Operations,Cashier,37222,STOR-0042,Night
EMP-000167,2016-01-01,,David,Yakub,Female,1975-11-10,2016-01-01,Store Operations,Cashier,36622,STOR-0042,Night
EMP-000168,2016-01-01,,Esther,Yego,Female,2004-12-13,2016-01-01,Store Operations,Supervisor,67119,STOR-0042,Day
EMP-000169,2021-02-22,2023-05-02,Brian,Mohamed,Male,1977-06-05,2021-02-22,Store Operations,Cashier,41018,STOR-0043,Night
EMP-000169,2023-05-02,2023-11-29,Brian,Mohamed,Male,1977-06-05,2021-02-22,Store Operations,Cashier,46061,STOR-0043,Night
EMP-000169,2023-11-29,,Brian,Mohamed,Male,1977-06-05,2021-02-22,Store Operations,Cashier,51300,STOR-0043,Night
EMP-000170,2016-01-01,,Faith,Mutua,Male,1992-10-28,2016-01-01,Store Operations,Cashier,45858,STOR-0043,Day
EMP-000171,2016-01-01,2024-05-27,Grace,Kipchumba,Male,1975-06-07,2016-01-01,Store Operations,Cashier,37063,STOR-0043,Day
EMP-000171,2024-05-27,,Grace,Kipchumba,Male,1975-06-07,2016-01-01,Store Operations,Cashier,42204,STOR-0043,Day
EMP-000172,2017-06-25,,Nancy,Kitsao,Male,1972-01-07,2017-06-25,Store Operations,Supervisor,64835,STOR-0043,Day
EMP-000173,2018-03-05,,Mary,Mmboga,Male,1968-05-23,2018-03-05,Store Operations,Cashier,43850,STOR-0044,Night
EMP-000174,2016-01-01,,Agnes,Wanjiku,Male,1981-10-06,2016-01-01,Store Operations,Cashier,40869,STOR-0044,Day
EMP-000175,2016-01-01,,Mohamed,Mohamed,Male,1981-10-29,2016-01-01,Store Operations,Cashier,37076,STOR-0044,Night
EMP-000176,2025-08-25,,Sila,Kibor,Male,1986-02-20,2025-08-25,Store Operations,Supervisor,71863,STOR-0044,Day
EMP-000177,2024-09-08,,Meshack,Jeptoo,Male,1965-10-08,2024-09-08,Store Operations,Cashier,45077,STOR-0045,Day
EMP-000178,2024-11-01,,Masika,Bahati,Female,1977-02-15,2024-11-01,Store Operations,Cashier,35996,STOR-0045,Night
EMP-000179,2016-01-01,2018-07-21,Ibrahim,Nzomo,Female,2007-03-01,2016-01-01,Store Operations,Cashier,49904,STOR-0045,Night
EMP-000179,2018-07-21,,Ibrahim,Nzomo,Female,2007-03-01,2016-01-01,Store Operations,Cashier,54755,STOR-0045,Night
EMP-000180,2016-01-01,,Janet,Nekesa,Female,1963-05-24,2016-01-01,Store Operations,Supervisor,69011,STOR-0045,Day
EMP-000181,2022-10-17,,Elijah,Mwaura,Female,1985-10-25,2022-10-17,Store Operations,Cashier,39831,STOR-0046,Night
EMP-000182,2016-01-01,,James,Mumbi,Female,1961-06-17,2016-01-01,Store Operations,,48972,STOR-0046,Day
EMP-000183,2023-06-27,,Betty,Obonyo,Male,1967-10-13,2023-06-27,Store Operations,Cashier,42430,STOR-0046,Night
EMP-000184,2020-07-11,2022-04-27,Kioko,Cherotich,Male,1991-11-19,2020-07-11,Store Operations,Supervisor,81794,STOR-0046,Day
EMP-000184,2022-04-27,,Kioko,Cherotich,Male,1991-11-19,2020-07-11,Store Operations,Supervisor,89511,STOR-0046,Day
EMP-000185,2016-01-01,,Morris,Morara,Female,2004-11-11,2016-01-01,Store Operations,Cashier,36398,STOR-0047,Day
EMP-000186,2016-01-01,,Ian,Jepkemboi,Female,1997-03-22,2016-01-01,Store Operations,Cashier,44608,STOR-0047,Night
EMP-000187,2023-13-45,2023-13-45,Gladys,Chepkorir,Female,2023-13-45,2023-13-45,Store Operations,Cashier,41929,STOR-0047,Day
EMP-000188,2021-02-19,2024-01-01,Samwel,Brian,Female,1966-07-01,2021-02-19,Store Operations,Supervisor,76626,STOR-0047,Day
EMP-000188,2024-01-01,2025-06-14,Samwel,Brian,Female,1966-07-01,2021-02-19,Store Operations,Supervisor,89314,STOR-0047,Day
EMP-000188,2025-06-14,,Samwel,Brian,Female,1966-07-01,2021-02-19,Store Operations,Supervisor,104612,STOR-0047,Day
EMP-000189,2016-01-01,2022-12-09,Denis,Chepkorir,Male,2002-02-17,2016-01-01,Store Operations,Cashier,44113,STOR-0048,Night
EMP-000189,2022-12-09,2024-11-10,Denis,Chepkorir,Male,2002-02-17,2016-01-01,Store Operations,Cashier,48794,STOR-0048,Night
EMP-000189,2024-11-10,,Denis,Chepkorir,Male,2002-02-17,2016-01-01,Store Operations,Cashier,54995,STOR-0048,Night
EMP-000190,2023-09-25,,Peter,Mulei,Male,1972-12-21,2023-09-25,Store Operations,Cashier,48409,STOR-0048,Day
EMP-000191,2016-01-01,,Muriithi,Awuor,Female,1978-03-07,2016-01-01,Store Operations,,46513,STOR-0048,Night
EMP-000192,2016-01-01,,Wafula,Keya,Female,2008-04-25,2016-01-01,Store Operations,,64694,STOR-0048,Day
EMP-000193,2016-01-01,2019-09-29,Irine,Nyakundi,Female,1995-10-03,2016-01-01,Store Operations,Cashier,45373,STOR-0049,Day
EMP-000193,2019-09-29,,Irine,Nyakundi,Female,1995-10-03,2016-01-01,Store Operations,Cashier,49882,STOR-0049,Day
EMP-000194,2023-08-11,2025-04-13,Stephen,Kipkurui,Female,1993-11-05,2023-08-11,Store Operations,Cashier,37578,STOR-0049,Night
EMP-000194,2025-04-13,2025-11-25,Stephen,Kipkurui,Female,1993-11-05,2023-08-11,Store Operations,,41421,STOR-0049,Night
EMP-000194,2025-11-25,,Stephen,Kipkurui,Female,1993-11-05,2023-08-11,Store Operations,Cashier,45262,STOR-0049,Night
EMP-000195,2016-01-01,,Christine,Wambugu,Male,1993-12-31,2016-01-01,Store Operations,Cashier,47360,STOR-0049,Day
EMP-000196,2024-11-14,,Wycliffe,Otieno,Female,1980-08-15,2024-11-14,Store Operations,Supervisor,75914,STOR-0049,Day
EMP-000197,2018-04-25,2024-06-14,Erick,Kipsang,Female,1981-06-08,2018-04-25,Store Operations,Cashier,43394,STOR-0050,Day
EMP-000197,2024-06-14,,Erick,Kipsang,Female,1981-06-08,2018-04-25,Store Operations,Cashier,45674,STOR-0050,Day
EMP-000198,2025-09-22,,Kiarie,Mungai,Female,1996-09-23,2025-09-22,Store Operations,Cashier,40053,STOR-0050,Day
EMP-000199,2016-05-07,,Titus,Lumbasi,Male,1998-01-19,2016-05-07,Store Operations,Cashier,47572,STOR-0050,Day
EMP-000200,2020-02-01,,Mark,Ngigi,Female,1979-01-13,2020-02-01,Store Operations,Supervisor,76298,STOR-0050,Day
EMP-000201,2016-01-01,,Wilson,Hussein,Male,1973-09-14,2016-01-01,Store Operations,Cashier,46528,STOR-0051,Day
EMP-000202,2016-01-01,,Onyango,Daniel,Female,2007-07-26,2016-01-01,Store Operations,Cashier,47157,STOR-0051,Day
EMP-000203,2016-01-01,,George,Ahmed,Female,1993-07-19,2016-01-01,Store Operations,Cashier,42033,STOR-0051,Night
EMP-000204,2019-02-13,,Odhiambo,Wanjohi,Female,1996-04-19,2019-02-13,Store Operations,Supervisor,60683,STOR-0051,Day
EMP-000205,2024-12-12,,Gathoni,Mzungu,Male,1973-10-22,2024-12-12,Store Operations,Cashier,36443,STOR-0052,Night
EMP-000206,2023-10-13,2024-04-20,Samson,Nyongesa,Male,1981-03-02,2023-10-13,Store Operations,Cashier,43584,STOR-0052,Day
EMP-000206,2024-04-20,2025-12-05,Samson,Nyongesa,Male,1981-03-02,2023-10-13,Store Operations,Cashier,46233,STOR-0052,Day
EMP-000206,2025-12-05,,Samson,Nyongesa,Male,1981-03-02,2023-10-13,Store Operations,Cashier,48689,STOR-0052,Day
EMP-000207,2017-06-25,,Paul,Mwangi,Female,1964-04-23,2017-06-25,Store Operations,Cashier,37754,STOR-0052,Day
EMP-000208,2016-06-12,,Nicodemus,Kipngeno,Male,1969-03-11,2016-06-12,Store Operations,Supervisor,83834,STOR-0052,Day
EMP-000209,2017-02-05,2025-01-05,Mercy,Jemutai,Male,1967-07-31,2017-02-05,Store Operations,Cashier,39193,STOR-0053,Day
EMP-000209,2025-01-05,,Mercy,Jemutai,Male,1967-07-31,2017-02-05,Store Operations,Cashier,43646,STOR-0053,Day
EMP-000210,2016-01-01,,John,Wambua,Male,1993-03-05,2016-01-01,Store Operations,Cashier,42601,STOR-0053,Night
EMP-000211,2020-03-15,,Barasa,Kariuki,Female,1964-02-04,2020-03-15,Store Operations,Cashier,36118,STOR-0053,Night
EMP-000212,2018-10-02,,Julius,Abdikadir,Female,1968-05-12,2018-10-02,Store Operations,Supervisor,71532,STOR-0053,Day
EMP-000213,2024-08-02,,Damaris,Kipkoech,Female,1965-08-22,2024-08-02,Store Operations,Cashier,35932,STOR-0054,Night
EMP-000214,2016-01-01,,Muturi,Mutwiri,Male,1970-12-04,2016-01-01,Store Operations,Cashier,43307,STOR-0054,Night
EMP-000215,2024-10-21,,Wanjiru,Mugambi,Male,1981-04-10,2024-10-21,Store Operations,Cashier,38084,STOR-0054,Night
EMP-000216,2016-01-01,,Stephen,Adhiambo,Male,1998-07-29,2016-01-01,Store Operations,Supervisor,71253,STOR-0054,Day
EMP-000217,2016-01-01,,Irene,Mumo,Male,2002-09-06,2016-01-01,Store Operations,Cashier,46593,STOR-0055,Night
EMP-000218,2021-06-10,,Felix,Kinyanjui,Male,1991-04-04,2021-06-10,Store Operations,Cashier,41347,STOR-0055,Night
EMP-000219,2020-02-11,2024-04-02,Celestine,Koech,Male,2000-08-24,2020-02-11,Store Operations,Cashier,36548,STOR-0055,Night
EMP-000219,2024-04-02,,Celestine,Koech,Male,2000-08-24,2020-02-11,Store Operations,Cashier,39524,STOR-0055,Night
EMP-000220,2016-01-01,,Wilson,Kipkirui,Female,2002-01-31,2016-01-01,Store Operations,Supervisor,64634,STOR-0055,Day
EMP-000221,2022-03-20,2025-05-14,Felister,Kamau,Female,1974-09-27,2022-03-20,Store Operations,Cashier,46613,STOR-0056,Day
EMP-000221,2025-05-14,2025-11-30,Felister,Kamau,Female,1974-09-27,2022-03-20,Store Operations,Cashier,51314,STOR-0056,Day
EMP-000221,2025-11-30,,Felister,Kamau,Female,1974-09-27,2022-03-20,Store Operations,Cashier,58536,STOR-0056,Day
EMP-000222,2016-01-01,,Jackson,Ochieng,Female,1976-12-02,2016-01-01,Store Operations,Cashier,48581,STOR-0056,Day
EMP-000223,2021-01-12,,Alex,Ochieng,Female,1960-10-12,2021-01-12,Store Operations,Cashier,40060,STOR-0056,Day
EMP-000224,2025-04-08,2025-11-30,Gabriel,Mbithi,Female,1992-07-29,2025-04-08,Store Operations,Supervisor,64507,STOR-0056,Day
EMP-000224,2025-11-30,,Gabriel,Mbithi,Female,1992-07-29,2025-04-08,Store Operations,Supervisor,71597,STOR-0056,Day
EMP-000225,2016-01-01,,Peter,Wairimu,Male,1979-11-03,2016-01-01,Store Operations,Cashier,49358,STOR-0057,Day
EMP-000226,2016-01-01,,Margaret,Ndungu,Male,2007-05-18,2016-01-01,Store Operations,Cashier,46351,STOR-0057,Day
EMP-000227,2023-06-22,,Abdi,Kibet,Male,2003-02-18,2023-06-22,Store Operations,Cashier,46789,STOR-0057,Day
EMP-000228,2024-04-18,,Livingstone,Opondo,Female,1974-01-22,2024-04-18,Store Operations,Supervisor,67837,STOR-0057,Day
EMP-000229,2023-13-45,2023-13-45,Festus,Kuria,Female,2023-13-45,2023-13-45,Store Operations,Cashier,44345,STOR-0058,Night
EMP-000230,2022-09-17,,Wanjiru,Simiyu,Female,1970-04-12,2022-09-17,Store Operations,Cashier,41859,STOR-0058,Day
EMP-000231,2018-01-21,,Samuel,Njoroge,Male,1981-07-13,2018-01-21,Store Operations,Cashier,42873,STOR-0058,Night
EMP-000232,2016-01-01,2023-12-18,Joe,Kalama,Male,1980-03-28,2016-01-01,Store Operations,Supervisor,65253,STOR-0058,Day
EMP-000232,2023-12-18,,Joe,Kalama,Male,1980-03-28,2016-01-01,Store Operations,Supervisor,73686,STOR-0058,Day
EMP-000233,2016-01-01,,Emmanuel,Omollo,Female,2008-03-19,2016-01-01,Store Operations,Cashier,42391,STOR-0059,Night
EMP-000234,2016-01-01,2024-11-22,Abraham,Macharia,Female,1997-05-06,2016-01-01,Store Operations,Cashier,41126,STOR-0059,Day
EMP-000234,2024-11-22,,Abraham,Macharia,Female,1997-05-06,2016-01-01,Store Operations,Cashier,46289,STOR-0059,Day
EMP-000235,2017-01-11,,Macharia,Sang,Female,1989-12-31,2017-01-11,Store Operations,Cashier,36623,STOR-0059,Night
EMP-000236,2016-01-01,,Rose,Munyao,Male,1962-05-11,2016-01-01,Store Operations,Supervisor,75481,STOR-0059,Day
EMP-000237,2025-08-20,,Stephen,Joel,Male,1999-09-28,2025-08-20,Store Operations,Cashier,35086,STOR-0060,Day
EMP-000238,2023-02-25,2024-10-15,Nehemiah,Mohamed,Male,2006-05-07,2023-02-25,Store Operations,Cashier,39720,STOR-0060,Day
EMP-000238,2024-10-15,,Nehemiah,Mohamed,Male,2006-05-07,2023-02-25,Store Operations,Cashier,42614,STOR-0060,Day
EMP-000239,2023-11-26,2025-05-24,Mumbi,Wangila,Male,1972-07-09,2023-11-26,Store Operations,Cashier,45204,STOR-0060,Night
EMP-000239,2025-05-24,2026-01-09,Mumbi,Wangila,Male,1972-07-09,2023-11-26,Store Operations,Cashier,47812,STOR-0060,Night
EMP-000239,2026-01-09,,Mumbi,Wangila,Male,1972-07-09,2023-11-26,Store Operations,Cashier,51587,STOR-0060,Night
EMP-000240,2017-12-05,,Esther,Kungu,Male,1972-12-12,2017-12-05,Store Operations,Supervisor,69544,STOR-0060,Day
EMP-000241,2017-10-14,,Jamila,Munene,Female,1994-01-22,2017-10-14,Store Operations,Cashier,38068,STOR-0061,Day
EMP-000242,2016-01-01,2022-03-01,Sofia,Chepkirui,Female,1988-05-21,2016-01-01,Store Operations,Cashier,43312,STOR-0061,Day
EMP-000242,2022-03-01,2024-01-08,Sofia,Chepkirui,Female,1988-05-21,2016-01-01,Store Operations,Cashier,46175,STOR-0061,Day
EMP-000242,2024-01-08,,Sofia,Chepkirui,Female,1988-05-21,2016-01-01,Store Operations,Cashier,52776,STOR-0061,Day
EMP-000243,2022-06-09,2024-09-05,Grace,Jepleting,Male,1983-01-16,2022-06-09,Store Operations,Cashier,47244,STOR-0061,Day
EMP-000243,2024-09-05,,Grace,Jepleting,Male,1983-01-16,2022-06-09,Store Operations,Cashier,53424,STOR-0061,Day
EMP-000244,2017-12-22,2025-05-21,Christine,Wairimu,Female,1987-11-07,2017-12-22,Store Operations,Supervisor,80586,STOR-0061,Day
EMP-000244,2025-05-21,2026-01-09,Christine,Wairimu,Female,1987-11-07,2017-12-22,Store Operations,Supervisor,93158,STOR-0061,Day
EMP-000244,2026-01-09,,Christine,Wairimu,Female,1987-11-07,2017-12-22,Store Operations,Supervisor,110352,STOR-0061,Day
EMP-000245,2016-01-01,,Peter,Ali,Male,1977-10-10,2016-01-01,Store Operations,Cashier,40546,STOR-0062,Day
EMP-000246,2025-11-06,,Jacob,Rugut,Female,1988-02-07,2025-11-06,Store Operations,Cashier,48295,STOR-0062,Day
EMP-000247,2019-04-02,,Caren,Sigei,Male,1960-09-04,2019-04-02,Store Operations,Cashier,47961,STOR-0062,Day
EMP-000248,2019-09-13,,Elizabeth,Musyoki,Female,1988-09-20,2019-09-13,Store Operations,Supervisor,77794,STOR-0062,Day
EMP-000249,2016-05-12,,David,Ngetich,Male,2002-12-20,2016-05-12,Store Operations,Cashier,49125,STOR-0063,Day
EMP-000250,2018-02-26,,Brenda,Ondieki,Female,1964-02-10,2018-02-26,Store Operations,Cashier,41029,STOR-0063,Night
EMP-000251,2023-13-45,2023-13-45,Kennedy,Kipngetich,Female,2023-13-45,2023-13-45,Store Operations,Cashier,43129,STOR-0063,Night
EMP-000251,2024-10-13,2026-01-07,Kennedy,Kipngetich,Female,1980-03-14,2022-06-06,Store Operations,Cashier,48751,STOR-0063,Night
EMP-000251,2026-01-07,,Kennedy,Kipngetich,Female,1980-03-14,2022-06-06,Store Operations,Cashier,52098,STOR-0063,Night
EMP-000252,2023-02-14,,Steven,Mohamed,Male,2003-06-22,2023-02-14,Store Operations,Supervisor,79741,STOR-0063,Day
EMP-000253,2019-06-04,,Mary,Mutua,Male,1971-05-18,2019-06-04,Store Operations,,36311,STOR-0064,Night
EMP-000254,2024-10-23,,Hussein,Otieno,Female,1988-05-12,2024-10-23,Store Operations,Cashier,41981,STOR-0064,Day
EMP-000255,2024-01-24,,Kelvin,Elijah,Female,1968-04-27,2024-01-24,Store Operations,Cashier,49254,STOR-0064,Night
EMP-000256,2018-11-26,2023-08-20,Oduor,Onyango,Female,1971-01-28,2018-11-26,Store Operations,Supervisor,61879,STOR-0064,Day
EMP-000256,2023-08-20,2025-08-25,Oduor,Onyango,Female,1971-01-28,2018-11-26,Store Operations,Supervisor,73456,STOR-0064,Day
EMP-000256,2025-08-25,,Oduor,Onyango,Female,1971-01-28,2018-11-26,Store Operations,,84086,STOR-0064,Day
EMP-000257,2016-01-01,2024-09-13,William,Mutembei,Female,1988-11-15,2016-01-01,Store Operations,Cashier,48904,STOR-0065,Night
EMP-000257,2024-09-13,,William,Mutembei,Female,1988-11-15,2016-01-01,Store Operations,Cashier,55297,STOR-0065,Night
EMP-000258,2021-06-13,,Jesca,Abdullahi,Male,1998-02-10,2021-06-13,Store Operations,Cashier,44293,STOR-0065,Day
EMP-000259,2021-06-15,,Kevin,Akinyi,Female,2001-05-21,2021-06-15,Store Operations,Cashier,47502,STOR-0065,Day
EMP-000260,2022-06-21,2024-02-20,Augustine,Muhia,Female,1965-05-08,2022-06-21,Store Operations,Supervisor,69132,STOR-0065,Day
EMP-000260,2024-02-20,,Augustine,Muhia,Female,1965-05-08,2022-06-21,Store Operations,Supervisor,82096,STOR-0065,Day
EMP-000261,2016-01-01,2025-02-16,Fatuma,Ndambuki,Male,1983-09-23,2016-01-01,Store Operations,Cashier,41340,STOR-0066,Day
EMP-000261,2025-02-16,2025-10-05,Fatuma,Ndambuki,Male,1983-09-23,2016-01-01,Store Operations,Cashier,44721,STOR-0066,Day
EMP-000261,2025-10-05,,Fatuma,Ndambuki,Male,1983-09-23,2016-01-01,Store Operations,Cashier,47449,STOR-0066,Day
EMP-000262,2016-10-10,2025-08-06,Judith,Wambua,Female,1980-11-30,2016-10-10,Store Operations,Cashier,46370,STOR-0066,Night
EMP-000262,2025-08-06,,Judith,Wambua,Female,1980-11-30,2016-10-10,Store Operations,Cashier,49745,STOR-0066,Night
EMP-000263,2024-03-23,,Caren,Kemboi,Male,1993-07-23,2024-03-23,Store Operations,Cashier,42292,STOR-0066,Day
EMP-000264,2021-12-03,,Titus,Wainaina,Female,1997-07-31,2021-12-03,Store Operations,Supervisor,78022,STOR-0066,Day
EMP-000265,2016-01-01,,Alfred,Samoei,Female,1973-06-08,2016-01-01,Store Operations,Cashier,46472,STOR-0067,Day
EMP-000266,2016-01-01,,Jennifer,Mutua,Male,1986-08-29,2016-01-01,Store Operations,Cashier,37275,STOR-0067,Day
EMP-000267,2023-13-45,2023-13-45,Abdi,Kombo,Male,2023-13-45,2023-13-45,Store Operations,Cashier,41044,STOR-0067,Night
EMP-000268,2016-01-01,,Geoffrey,Mungai,Male,1986-07-17,2016-01-01,Store Operations,Supervisor,73046,STOR-0067,Day
EMP-000269,2023-07-27,2024-05-20,Suleiman,Mwiti,Female,2004-12-20,2023-07-27,Store Operations,Cashier,44419,STOR-0068,Day
EMP-000269,2024-05-20,2025-12-05,Suleiman,Mwiti,Female,2004-12-20,2023-07-27,Store Operations,Cashier,48537,STOR-0068,Day
EMP-000269,2025-12-05,,Suleiman,Mwiti,Female,2004-12-20,2023-07-27,Store Operations,Cashier,54934,STOR-0068,Day
EMP-000270,2024-08-22,2025-06-26,Metrine,Juma,Male,2000-10-05,2024-08-22,Store Operations,Cashier,43476,STOR-0068,Night
EMP-000270,2023-13-45,2023-13-45,Metrine,Juma,Male,2023-13-45,2023-13-45,Store Operations,Cashier,49391,STOR-0068,Night
EMP-000271,2023-09-28,,Moraa,Kimaiyo,Male,1990-07-24,2023-09-28,Store Operations,Cashier,35907,STOR-0068,Day
EMP-000272,2016-01-01,2018-12-11,Ibrahim,Jimale,Female,1961-08-23,2016-01-01,Store Operations,Supervisor,83243,STOR-0068,Day
EMP-000272,2018-12-11,2022-12-03,Ibrahim,Jimale,Female,1961-08-23,2016-01-01,Store Operations,Supervisor,89971,STOR-0068,Day
EMP-000272,2022-12-03,,Ibrahim,Jimale,Female,1961-08-23,2016-01-01,Store Operations,Supervisor,102682,STOR-0068,Day
EMP-000273,2018-04-21,2022-10-15,Everlyne,Erupe,Male,1965-09-09,2018-04-21,Store Operations,Cashier,44024,STOR-0069,Night
EMP-000273,2022-10-15,2024-05-28,Everlyne,Erupe,Male,1965-09-09,2018-04-21,Store Operations,Cashier,48062,STOR-0069,Night
EMP-000273,2024-05-28,,Everlyne,Erupe,Male,1965-09-09,2018-04-21,Store Operations,Cashier,51532,STOR-0069,Night
EMP-000274,2016-01-01,,Dominic,Muia,Male,2004-10-26,2016-01-01,Store Operations,Cashier,37526,STOR-0069,Day
EMP-000275,2016-01-01,,Daniel,Okoth,Female,2006-06-28,2016-01-01,Store Operations,Cashier,35744,STOR-0069,Night
EMP-000276,2016-01-01,2024-10-17,Teresia,Mwendwa,Female,1982-02-23,2016-01-01,Store Operations,Supervisor,77877,STOR-0069,Day
EMP-000276,2024-10-17,2025-11-11,Teresia,Mwendwa,Female,1982-02-23,2016-01-01,Store Operations,Supervisor,85227,STOR-0069,Day
EMP-000276,2025-11-11,,Teresia,Mwendwa,Female,1982-02-23,2016-01-01,Store Operations,,95498,STOR-0069,Day
EMP-000277,2017-11-13,2024-03-07,Peter,Maina,Female,2003-07-20,2017-11-13,Store Operations,Cashier,39873,STOR-0070,Night
EMP-000277,2024-03-07,,Peter,Maina,Female,2003-07-20,2017-11-13,Store Operations,Cashier,45626,STOR-0070,Night
EMP-000278,2024-07-16,2025-06-29,Sophia,Saitoti,Male,1966-10-01,2024-07-16,Store Operations,Cashier,42609,STOR-0070,Day
EMP-000278,2025-06-29,,Sophia,Saitoti,Male,1966-10-01,2024-07-16,Store Operations,,46116,STOR-0070,Day
EMP-000279,2020-12-28,2022-05-04,Rita,Kamande,Female,2008-07-01,2020-12-28,Store Operations,Cashier,40658,STOR-0070,Night
EMP-000279,2022-05-04,2024-09-19,Rita,Kamande,Female,2008-07-01,2020-12-28,Store Operations,Cashier,44800,STOR-0070,Night
EMP-000279,2024-09-19,,Rita,Kamande,Female,2008-07-01,2020-12-28,Store Operations,Cashier,50189,STOR-0070,Night
EMP-000280,2020-04-15,2021-03-03,Charles,Ibrahim,Male,1962-07-27,2020-04-15,Store Operations,Supervisor,64014,STOR-0070,Day
EMP-000280,2021-03-03,,Charles,Ibrahim,Male,1962-07-27,2020-04-15,Store Operations,,71928,STOR-0070,Day
EMP-000281,2016-01-01,2022-11-14,Jacob,Odhiambo,Male,1984-12-28,2016-01-01,Store Operations,Cashier,41293,STOR-0071,Night
EMP-000281,2022-11-14,,Jacob,Odhiambo,Male,1984-12-28,2016-01-01,Store Operations,Cashier,47370,STOR-0071,Night
EMP-000282,2020-04-25,,Douglas,Abdullahi,Female,1988-08-21,2020-04-25,Store Operations,Cashier,37610,STOR-0071,Night
EMP-000283,2025-05-16,,Dismas,Ochola,Female,1972-03-01,2025-05-16,Store Operations,Cashier,35379,STOR-0071,Day
EMP-000284,2017-04-19,2023-01-23,Alex,Mwikali,Female,1986-08-19,2017-04-19,Store Operations,Supervisor,71563,STOR-0071,Day
EMP-000284,2023-01-23,2024-07-30,Alex,Mwikali,Female,1986-08-19,2017-04-19,Store Operations,Supervisor,85553,STOR-0071,Day
EMP-000284,2024-07-30,,Alex,Mwikali,Female,1986-08-19,2017-04-19,Store Operations,Supervisor,94982,STOR-0071,Day
EMP-000285,2025-05-18,,Abdihakim,Ndegwa,Female,1976-05-26,2025-05-18,Store Operations,Cashier,35133,STOR-0072,Day
EMP-000286,2021-07-12,2024-11-08,Johnson,Cheruiyot,Female,1977-12-22,2021-07-12,Store Operations,Cashier,35741,STOR-0072,Night
EMP-000286,2024-11-08,,Johnson,Cheruiyot,Female,1977-12-22,2021-07-12,Store Operations,Cashier,39305,STOR-0072,Night
EMP-000287,2019-02-13,,John,Wario,Female,1980-03-04,2019-02-13,Store Operations,Cashier,43261,STOR-0072,Night
EMP-000288,2016-01-01,,Ruth,Wanjiku,Female,1990-08-29,2016-01-01,Store Operations,Supervisor,72907,STOR-0072,Day
EMP-000289,2021-03-07,,Nyaboke,Abdifatah,Female,1980-12-15,2021-03-07,Store Operations,Cashier,44870,STOR-0073,Night
EMP-000290,2016-01-01,,Sharon,Rono,Male,1977-08-14,2016-01-01,Store Operations,Cashier,40456,STOR-0073,Night
EMP-000291,2023-13-45,2023-13-45,Job,Ibrahim,Male,2023-13-45,2023-13-45,Store Operations,Cashier,40218,STOR-0073,Day
EMP-000291,2024-09-17,2025-04-26,Job,Ibrahim,Male,1986-10-11,2016-01-01,Store Operations,Cashier,43438,STOR-0073,Day
EMP-000291,2025-04-26,,Job,Ibrahim,Male,1986-10-11,2016-01-01,Store Operations,Cashier,46847,STOR-0073,Day
EMP-000292,2025-12-19,,Robert,Opiyo,Female,1999-09-19,2025-12-19,Store Operations,Supervisor,69823,STOR-0073,Day
EMP-000293,2021-06-22,,Philip,Paul,Male,1962-02-03,2021-06-22,Store Operations,Cashier,36795,STOR-0074,Night
EMP-000294,2025-05-21,,Hawa,Njiru,Male,1979-04-12,2025-05-21,Store Operations,Cashier,47827,STOR-0074,Day
EMP-000295,2016-01-01,2024-12-10,John,Athman,Female,1963-12-09,2016-01-01,Store Operations,Cashier,46815,STOR-0074,Night
EMP-000295,2024-12-10,,John,Athman,Female,1963-12-09,2016-01-01,Store Operations,Cashier,49328,STOR-0074,Night
EMP-000296,2016-01-01,,Amina,Kobia,Male,1976-04-04,2016-01-01,Store Operations,Supervisor,74451,STOR-0074,Day
EMP-000297,2023-12-07,,Mary,Awuor,Male,2003-12-03,2023-12-07,Store Operations,Cashier,41723,STOR-0075,Night
EMP-000298,2016-01-01,,Otieno,Adhiambo,Male,2005-06-16,2016-01-01,Store Operations,Cashier,44189,STOR-0075,Night
EMP-000299,2022-06-06,,Lucy,Abdi,Female,1967-03-19,2022-06-06,Store Operations,Cashier,42531,STOR-0075,Night
EMP-000300,2025-04-08,,Veronicah,Wambugu,Female,1981-08-15,2025-04-08,Store Operations,Supervisor,69142,STOR-0075,Day
EMP-000301,2019-05-23,2020-12-31,Joan,Mohamed,Male,1985-06-05,2019-05-23,Store Operations,Cashier,38396,STOR-0076,Night
EMP-000301,2020-12-31,2022-04-05,Joan,Mohamed,Male,1985-06-05,2019-05-23,Store Operations,Cashier,42656,STOR-0076,Night
EMP-000301,2022-04-05,,Joan,Mohamed,Male,1985-06-05,2019-05-23,Store Operations,Cashier,46933,STOR-0076,Night
EMP-000302,2019-02-19,,Edith,Wekesa,Female,1988-11-15,2019-02-19,Store Operations,Cashier,46085,STOR-0076,Night
EMP-000303,2021-03-10,,Alex,Hassan,Female,1997-04-22,2021-03-10,Store Operations,Cashier,35689,STOR-0076,Night
EMP-000304,2021-08-21,,Marion,Wanyonyi,Male,1994-09-30,2021-08-21,Store Operations,Supervisor,68403,STOR-0076,Day
EMP-000305,2016-09-09,2025-05-19,Zipporah,Bahati,Male,1978-02-01,2016-09-09,Store Operations,Cashier,44208,STOR-0077,Night
EMP-000305,2025-05-19,,Zipporah,Bahati,Male,1978-02-01,2016-09-09,Store Operations,Cashier,46645,STOR-0077,Night
EMP-000306,2016-01-01,2018-06-14,Consolata,Koech,Male,1983-08-25,2016-01-01,Store Operations,Cashier,38697,STOR-0077,Day
EMP-000306,2018-06-14,2022-12-05,Consolata,Koech,Male,1983-08-25,2016-01-01,Store Operations,Cashier,41710,STOR-0077,Day
EMP-000306,2022-12-05,,Consolata,Koech,Male,1983-08-25,2016-01-01,Store Operations,Cashier,47583,STOR-0077,Day
EMP-000307,2025-02-22,2025-12-30,Valary,Abdi,Female,1975-12-14,2025-02-22,Store Operations,Cashier,47628,,Day
EMP-000307,2025-12-30,,Valary,Abdi,Female,1975-12-14,2025-02-22,Store Operations,Cashier,51150,STOR-0077,Day
EMP-000308,2025-08-21,,Eunice,Benard,Female,1998-07-11,2025-08-21,Store Operations,Supervisor,66535,STOR-0077,Day
EMP-000309,2020-05-21,,Ismail,Muendo,Female,1961-07-18,2020-05-21,Store Operations,Cashier,35969,,Day
EMP-000310,2016-01-01,,Jackson,Juma,Male,1985-09-06,2016-01-01,Store Operations,Cashier,49454,STOR-0078,Day
EMP-000311,2022-08-06,,Grace,Musau,Male,2000-05-18,2022-08-06,Store Operations,Cashier,47271,STOR-0078,Night
EMP-000312,2019-10-20,,Enock,Kipkemoi,Male,1985-11-17,2019-10-20,Store Operations,Supervisor,63516,STOR-0078,Day
EMP-000313,2019-08-21,,Mohamed,Adan,Female,1962-04-20,2019-08-21,Store Operations,Cashier,43901,STOR-0079,Night
EMP-000314,2024-05-07,2025-04-23,Faith,Terer,Male,1982-12-02,2024-05-07,Store Operations,Cashier,48251,STOR-0079,Day
EMP-000314,2025-04-23,2025-11-01,Faith,Terer,Male,1982-12-02,2024-05-07,Store Operations,Cashier,51362,,Day
EMP-000314,2025-11-01,,Faith,Terer,Male,1982-12-02,2024-05-07,Store Operations,Cashier,56444,STOR-0079,Day
EMP-000315,2016-01-01,,Mercy,Chepkorir,Female,2008-04-22,2016-01-01,Store Operations,Cashier,40523,STOR-0079,Night
EMP-000316,2016-01-01,,Ahmed,Mburu,Male,1970-02-10,2016-01-01,Store Operations,Supervisor,80929,STOR-0079,Day
EMP-000317,2020-02-13,2021-08-06,Brian,Mwangi,Female,1994-02-14,2020-02-13,Store Operations,Cashier,45965,STOR-0080,Day
EMP-000317,2021-08-06,,Brian,Mwangi,Female,1994-02-14,2020-02-13,Store Operations,Cashier,52793,STOR-0080,Day
EMP-000318,2020-04-01,2024-01-18,Kelvin,Isaac,Female,1969-10-30,2020-04-01,Store Operations,Cashier,39272,STOR-0080,Night
EMP-000318,2024-01-18,2025-07-03,Kelvin,Isaac,Female,1969-10-30,2020-04-01,Store Operations,Cashier,42186,STOR-0080,Night
EMP-000318,2025-07-03,,Kelvin,Isaac,Female,1969-10-30,2020-04-01,Store Operations,Cashier,47130,STOR-0080,Night
EMP-000319,2019-10-24,2024-11-24,Njeri,Akello,Female,2007-12-30,2019-10-24,Store Operations,Cashier,44386,STOR-0080,Day
EMP-000319,2024-11-24,2025-11-01,Njeri,Akello,Female,2007-12-30,2019-10-24,Store Operations,Cashier,49985,STOR-0080,Day
EMP-000319,2025-11-01,,Njeri,Akello,Female,2007-12-30,2019-10-24,Store Operations,Cashier,53672,STOR-0080,Day
EMP-000320,2016-01-01,,Amon,Njue,Male,1988-10-31,2016-01-01,Store Operations,Supervisor,75250,STOR-0080,Day
EMP-000321,2019-12-04,2023-11-20,Esther,Charles,Female,2002-06-30,2019-12-04,Store Operations,Cashier,45464,STOR-0081,Night
EMP-000321,2023-11-20,,Esther,Charles,Female,2002-06-30,2019-12-04,Store Operations,Cashier,51047,STOR-0081,Night
EMP-000322,2016-01-01,,Habiba,Barasa,Male,2007-07-29,2016-01-01,Store Operations,Cashier,42454,STOR-0081,Night
EMP-000323,2016-04-22,,Omar,Njeru,Female,1976-08-31,2016-04-22,Store Operations,Cashier,47365,STOR-0081,Day
EMP-000324,2016-01-01,,Veronica,Kamau,Female,2007-04-05,2016-01-01,Store Operations,Supervisor,62023,STOR-0081,Day
EMP-000325,2016-01-01,2022-08-05,Christopher,Wangare,Male,2004-06-24,2016-01-01,Store Operations,Cashier,48999,STOR-0082,Night
EMP-000325,2022-08-05,,Christopher,Wangare,Male,2004-06-24,2016-01-01,Store Operations,Cashier,53251,STOR-0082,Night
EMP-000326,2016-01-01,,James,Wanjala,Female,1968-11-29,2016-01-01,Store Operations,Cashier,48249,STOR-0082,Day
EMP-000327,2024-10-02,,Dorine,Kalama,Female,1966-11-02,2024-10-02,Store Operations,Cashier,44155,STOR-0082,Night
EMP-000328,2016-01-01,,Jane,Mwita,Female,2001-03-27,2016-01-01,Store Operations,Supervisor,60098,STOR-0082,Day
EMP-000329,2016-01-01,,Phylis,Odhiambo,Male,1983-04-18,2016-01-01,Store Operations,Cashier,46475,STOR-0083,Day
EMP-000330,2016-01-01,2019-12-26,Denis,Juma,Male,1999-01-07,2016-01-01,Store Operations,Cashier,39703,STOR-0083,Night
EMP-000330,2019-12-26,,Denis,Juma,Male,1999-01-07,2016-01-01,Store Operations,Cashier,44198,STOR-0083,Night
EMP-000331,2021-07-15,2024-07-09,James,Issak,Female,1974-09-11,2021-07-15,Store Operations,Cashier,49247,STOR-0083,Night
EMP-000331,2024-07-09,,James,Issak,Female,1974-09-11,2021-07-15,Store Operations,Cashier,54829,STOR-0083,Night
EMP-000332,2016-01-01,,Edwin,Syombua,Female,1982-12-16,2016-01-01,Store Operations,Supervisor,72879,STOR-0083,Day
EMP-000333,2016-01-01,,Gladys,Ndanu,Male,2001-02-26,2016-01-01,Store Operations,Cashier,42585,STOR-0084,Night
EMP-000334,2017-08-12,2019-03-18,John,Ngatia,Male,1970-06-12,2017-08-12,Store Operations,Cashier,37541,STOR-0084,Night
EMP-000334,2019-03-18,,John,Ngatia,Male,1970-06-12,2017-08-12,Store Operations,Cashier,41429,STOR-0084,Night
EMP-000335,2023-10-25,2025-09-17,Mulwa,Ndinda,Male,1968-01-30,2023-10-25,Store Operations,Cashier,49479,STOR-0084,Day
EMP-000335,2025-09-17,,Mulwa,Ndinda,Male,1968-01-30,2023-10-25,Store Operations,Cashier,52399,STOR-0084,Day
EMP-000336,2016-01-01,,Hannah,Hassan,Male,1984-12-23,2016-01-01,Store Operations,Supervisor,82020,STOR-0084,Day
EMP-000337,2017-12-02,2018-07-19,Joan,Mutua,Male,1982-08-19,2017-12-02,Store Operations,Cashier,41590,STOR-0085,Night
EMP-000337,2018-07-19,,Joan,Mutua,Male,1982-08-19,2017-12-02,Store Operations,Cashier,47143,STOR-0085,Night
EMP-000338,2016-01-01,,Alex,Odhiambo,Male,1989-03-31,2016-01-01,Store Operations,Cashier,38836,STOR-0085,Night
EMP-000339,2017-05-05,,Kipruto,Oketch,Female,1993-01-03,2017-05-05,Store Operations,Cashier,45816,STOR-0085,Day
EMP-000340,2016-01-01,,Wycliffe,Cherotich,Female,2000-12-30,2016-01-01,Store Operations,Supervisor,84091,STOR-0085,Day
EMP-000341,2023-13-45,2023-13-45,Mohamed,Charo,Female,2023-13-45,2023-13-45,Store Operations,Cashier,45540,STOR-0086,Night
EMP-000342,2023-07-05,2025-02-09,Brian,Ireri,Female,2005-06-09,2023-07-05,Store Operations,Cashier,39913,STOR-0086,Night
EMP-000342,2025-02-09,2025-10-05,Brian,Ireri,Female,2005-06-09,2023-07-05,Store Operations,Cashier,43188,STOR-0086,Night
EMP-000342,2025-10-05,,Brian,Ireri,Female,2005-06-09,2023-07-05,Store Operations,Cashier,46152,STOR-0086,Night
EMP-000343,2017-05-28,,Rodgers,Changawa,Male,1964-09-26,2017-05-28,Store Operations,Cashier,46592,STOR-0086,Day
EMP-000344,2023-07-18,2025-06-29,Rabecca,Jelimo,Male,1989-08-10,2023-07-18,Store Operations,Supervisor,77366,STOR-0086,Day
EMP-000344,2025-06-29,,Rabecca,Jelimo,Male,1989-08-10,2023-07-18,Store Operations,Supervisor,83933,STOR-0086,Day
EMP-000345,2016-06-21,,Mohamed,Naliaka,Female,1990-10-13,2016-06-21,Store Operations,Cashier,36295,,Night
EMP-000346,2016-01-09,,Samuel,Ochieng,Male,2001-12-29,2016-01-09,Store Operations,Cashier,41179,STOR-0087,Day
EMP-000347,2016-08-07,2022-08-16,Wanjiru,Juma,Male,2003-01-31,2016-08-07,Store Operations,Cashier,49245,STOR-0087,Night
EMP-000347,2022-08-16,,Wanjiru,Juma,Male,2003-01-31,2016-08-07,Store Operations,Cashier,54617,STOR-0087,Night
EMP-000348,2016-12-04,,Enock,Sang,Male,1980-08-31,2016-12-04,Store Operations,Supervisor,84473,STOR-0087,Day
EMP-000349,2017-12-20,2025-03-17,Issa,Murimi,Female,1967-05-08,2017-12-20,Store Operations,Cashier,46530,STOR-0088,Day
EMP-000349,2025-03-17,,Issa,Murimi,Female,1967-05-08,2017-12-20,Store Operations,Cashier,52009,STOR-0088,Day
EMP-000350,2019-07-15,2024-09-18,Margaret,Mulongo,Female,2004-11-22,2019-07-15,Store Operations,Cashier,43743,STOR-0088,Night
EMP-000350,2024-09-18,2025-12-21,Margaret,Mulongo,Female,2004-11-22,2019-07-15,Store Operations,Cashier,46002,STOR-0088,Night
EMP-000350,2025-12-21,,Margaret,Mulongo,Female,2004-11-22,2019-07-15,Store Operations,Cashier,50657,STOR-0088,Night
EMP-000351,2024-02-26,,Caren,Muriithi,Female,1976-02-24,2024-02-26,Store Operations,Cashier,46836,STOR-0088,Night
EMP-000352,2016-06-11,2024-01-05,Reuben,Wamaitha,Female,1987-09-25,2016-06-11,Store Operations,Supervisor,73563,STOR-0088,Day
EMP-000352,2024-01-05,,Reuben,Wamaitha,Female,1987-09-25,2016-06-11,Store Operations,Supervisor,81447,STOR-0088,Day
EMP-000353,2016-01-01,2020-10-29,Susan,Rotich,Male,1981-11-12,2016-01-01,Store Operations,Cashier,44568,STOR-0089,Night
EMP-000353,2020-10-29,,Susan,Rotich,Male,1981-11-12,2016-01-01,Store Operations,Cashier,49671,STOR-0089,Night
EMP-000354,2017-07-19,,Nelson,Atieno,Female,1992-11-14,2017-07-19,Store Operations,Cashier,48653,STOR-0089,Day
EMP-000355,2018-08-24,,James,Ndege,Female,1966-12-11,2018-08-24,Store Operations,Cashier,45513,STOR-0089,Night
EMP-000356,2016-01-01,,Dancan,Kassim,Female,1985-12-16,2016-01-01,Store Operations,Supervisor,77909,STOR-0089,Day
EMP-000357,2016-01-01,,Emily,Nyakundi,Male,2000-07-04,2016-01-01,Store Operations,Cashier,45948,STOR-0090,Day
EMP-000358,2016-01-01,2018-07-28,Chebet,Mohammed,Female,2006-03-12,2016-01-01,Store Operations,Cashier,36113,STOR-0090,Day
EMP-000358,2018-07-28,2022-07-23,Chebet,Mohammed,Female,2006-03-12,2016-01-01,Store Operations,Cashier,38548,STOR-0090,Day
EMP-000358,2022-07-23,,Chebet,Mohammed,Female,2006-03-12,2016-01-01,Store Operations,Cashier,43138,STOR-0090,Day
EMP-000359,2016-01-01,,Allan,Kinuthia,Female,1989-05-19,2016-01-01,Store Operations,Cashier,45924,STOR-0090,Night
EMP-000360,2016-01-01,2021-10-22,Carolyne,Baya,Male,1980-03-04,2016-01-01,Store Operations,Supervisor,73478,STOR-0090,Day
EMP-000360,2021-10-22,2023-10-18,Carolyne,Baya,Male,1980-03-04,2016-01-01,Store Operations,Supervisor,82766,STOR-0090,Day
EMP-000360,2023-10-18,,Carolyne,Baya,Male,1980-03-04,2016-01-01,Store Operations,Supervisor,98690,STOR-0090,Day
EMP-000361,2016-01-01,,Ibrahim,Murithi,Female,1971-02-16,2016-01-01,Store Operations,Cashier,46433,STOR-0091,Night
EMP-000362,2016-01-01,2022-06-13,Elizabeth,Kimani,Male,1967-12-18,2016-01-01,Store Operations,Cashier,37439,STOR-0091,Day
EMP-000362,2022-06-13,2025-04-22,Elizabeth,Kimani,Male,1967-12-18,2016-01-01,Store Operations,Cashier,39825,STOR-0091,Day
EMP-000362,2025-04-22,,Elizabeth,Kimani,Male,1967-12-18,2016-01-01,Store Operations,Cashier,43174,STOR-0091,Day
EMP-000363,2018-07-03,,Christopher,Njambi,Female,1999-09-01,2018-07-03,Store Operations,Cashier,41112,STOR-0091,Night
EMP-000364,2017-05-22,,Felix,Mwaura,Male,1998-10-09,2017-05-22,Store Operations,Supervisor,62641,STOR-0091,Day
EMP-000365,2016-01-01,2025-12-18,Hadija,Kimeli,Male,2002-05-09,2016-01-01,Store Operations,Cashier,41179,STOR-0092,Night
EMP-000365,2025-12-18,,Hadija,Kimeli,Male,2002-05-09,2016-01-01,Store Operations,Cashier,43705,STOR-0092,Night
EMP-000366,2016-01-01,,Joseph,Nyagaka,Male,2007-10-16,2016-01-01,Store Operations,Cashier,42109,STOR-0092,Night
EMP-000367,2016-01-01,2021-09-30,Samwel,Kariuki,Male,2008-06-01,2016-01-01,Store Operations,Cashier,49766,STOR-0092,Night
EMP-000367,2021-09-30,,Samwel,Kariuki,Male,2008-06-01,2016-01-01,Store Operations,Cashier,56856,STOR-0092,Night
EMP-000368,2016-01-01,2018-12-06,Ivy,Njoki,Female,1972-12-10,2016-01-01,Store Operations,,70305,STOR-0092,Day
EMP-000368,2018-12-06,,Ivy,Njoki,Female,1972-12-10,2016-01-01,Store Operations,Supervisor,83331,STOR-0092,Day
EMP-000369,2022-02-10,,Yunis,Kipkoech,Male,1970-04-03,2022-02-10,Store Operations,Cashier,37661,STOR-0093,Day
EMP-000370,2020-07-25,,Beatrice,Dennis,Female,1966-11-04,2020-07-25,Store Operations,Cashier,47119,STOR-0093,Day
EMP-000371,2021-01-04,,Cynthia,Ouma,Male,1989-03-02,2021-01-04,Store Operations,Cashier,42161,STOR-0093,Day
EMP-000372,2022-06-01,2025-12-22,Issa,Wanjiku,Female,1981-10-21,2022-06-01,Store Operations,Supervisor,80778,STOR-0093,Day
EMP-000372,2025-12-22,,Issa,Wanjiku,Female,1981-10-21,2022-06-01,Store Operations,Supervisor,89740,STOR-0093,Day
EMP-000373,2017-06-18,2018-09-04,Jacob,Dida,Female,2001-03-04,2017-06-18,Store Operations,Cashier,41150,STOR-0094,Night
EMP-000373,2018-09-04,2019-08-13,Jacob,Dida,Female,2001-03-04,2017-06-18,Store Operations,Cashier,45923,STOR-0094,Night
EMP-000373,2019-08-13,,Jacob,Dida,Female,2001-03-04,2017-06-18,Store Operations,Cashier,51972,STOR-0094,Night
EMP-000374,2019-04-23,2025-07-13,Michael,Cheruto,Male,1963-12-26,2019-04-23,Store Operations,Cashier,36204,STOR-0094,Day
EMP-000374,2025-07-13,2026-01-10,Michael,Cheruto,Male,1963-12-26,2019-04-23,Store Operations,Cashier,40024,STOR-0094,Day
EMP-000374,2026-01-10,,Michael,Cheruto,Male,1963-12-26,2019-04-23,Store Operations,,44145,STOR-0094,Day
EMP-000375,2022-06-12,2025-07-09,Ian,Nasimiyu,Male,1993-08-25,2022-06-12,Store Operations,Cashier,36745,STOR-0094,Day
EMP-000375,2025-07-09,2026-01-15,Ian,Nasimiyu,Male,1993-08-25,2022-06-12,Store Operations,Cashier,39470,STOR-0094,Day
EMP-000375,2026-01-15,,Ian,Nasimiyu,Male,1993-08-25,2022-06-12,Store Operations,Cashier,41810,STOR-0094,Day
EMP-000376,2021-05-04,2022-04-25,Reuben,Ouma,Female,1995-06-19,2021-05-04,Store Operations,Supervisor,64341,STOR-0094,Day
EMP-000376,2022-04-25,2024-04-10,Reuben,Ouma,Female,1995-06-19,2021-05-04,Store Operations,Supervisor,76415,STOR-0094,Day
EMP-000376,2024-04-10,,Reuben,Ouma,Female,1995-06-19,2021-05-04,Store Operations,Supervisor,90784,STOR-0094,Day
EMP-000377,2023-02-01,,Musyoka,Wambua,Female,2006-10-08,2023-02-01,Store Operations,Cashier,36468,STOR-0095,Night
EMP-000378,2022-01-10,,Stephene,Maalim,Female,1981-08-02,2022-01-10,Store Operations,Cashier,41779,STOR-0095,Night
EMP-000379,2016-01-01,2017-06-04,Brian,Ngugi,Male,2001-05-20,2016-01-01,Store Operations,Cashier,37777,STOR-0095,Day
EMP-000379,2017-06-04,2017-12-24,Brian,Ngugi,Male,2001-05-20,2016-01-01,Store Operations,Cashier,42057,STOR-0095,Day
EMP-000379,2017-12-24,,Brian,Ngugi,Male,2001-05-20,2016-01-01,Store Operations,Cashier,45585,STOR-0095,Day
EMP-000380,2016-01-01,2020-11-02,Kennedy,Cheyech,Female,1969-12-08,2016-01-01,Store Operations,Supervisor,74243,STOR-0095,Day
EMP-000380,2020-11-02,2023-10-17,Kennedy,Cheyech,Female,1969-12-08,2016-01-01,Store Operations,Supervisor,83293,STOR-0095,Day
EMP-000380,2023-10-17,,Kennedy,Cheyech,Female,1969-12-08,2016-01-01,Store Operations,Supervisor,97212,STOR-0095,Day
EMP-000381,2016-01-01,,Gideon,Otieno,Female,1989-11-26,2016-01-01,Store Operations,Cashier,39040,STOR-0096,Night
EMP-000382,2024-02-05,,Alex,Mwendwa,Male,2008-06-25,2024-02-05,Store Operations,Cashier,39991,STOR-0096,Day
EMP-000383,2022-06-15,,Joshua,Wanyama,Female,2006-01-22,2022-06-15,Store Operations,Cashier,40484,STOR-0096,Night
EMP-000384,2019-06-20,2023-09-02,Maureen,Maina,Male,1963-06-24,2019-06-20,Store Operations,Supervisor,82783,STOR-0096,Day
EMP-000384,2023-09-02,2024-03-14,Maureen,Maina,Male,1963-06-24,2019-06-20,Store Operations,Supervisor,98317,STOR-0096,Day
EMP-000384,2024-03-14,,Maureen,Maina,Male,1963-06-24,2019-06-20,Store Operations,Supervisor,116648,STOR-0096,Day
EMP-000385,2022-06-10,,Derick,Ochieng,Male,1981-11-26,2022-06-10,Store Operations,Cashier,47040,STOR-0097,Night
EMP-000386,2020-07-09,2024-07-25,Sila,Noor,Male,2004-02-28,2020-07-09,Store Operations,Cashier,48377,STOR-0097,Night
EMP-000386,2024-07-25,,Sila,Noor,Male,2004-02-28,2020-07-09,Store Operations,Cashier,54568,STOR-0097,Night
EMP-000387,2016-01-01,,Juma,Oduor,Male,1982-09-13,2016-01-01,Store Operations,Cashier,46605,STOR-0097,Day
EMP-000388,2016-01-01,2022-08-25,Vincent,Duba,Female,1991-11-28,2016-01-01,Store Operations,Supervisor,76361,STOR-0097,Day
EMP-000388,2022-08-25,2023-07-07,Vincent,Duba,Female,1991-11-28,2016-01-01,Store Operations,Supervisor,88353,STOR-0097,Day
EMP-000388,2023-07-07,,Vincent,Duba,Female,1991-11-28,2016-01-01,Store Operations,Supervisor,96313,STOR-0097,Day
EMP-000389,2018-11-05,,Elias,Omondi,Male,1990-03-31,2018-11-05,Store Operations,Cashier,46718,STOR-0098,Night
EMP-000390,2024-10-16,,Kipkosgei,Chepngetich,Male,1987-07-13,2024-10-16,Store Operations,Cashier,44539,STOR-0098,Night
EMP-000391,2016-01-01,2022-02-27,Everlyne,Oketch,Female,1975-09-05,2016-01-01,Store Operations,Cashier,49671,STOR-0098,Day
EMP-000391,2022-02-27,,Everlyne,Oketch,Female,1975-09-05,2016-01-01,Store Operations,Cashier,52957,STOR-0098,Day
EMP-000392,2016-01-01,,Vivian,Ochieng,Female,2003-09-09,2016-01-01,Store Operations,Supervisor,61451,STOR-0098,Day
EMP-000393,2020-07-04,2023-12-26,Dennis,Kosgei,Female,1984-05-16,2020-07-04,Store Operations,Cashier,35172,STOR-0099,Day
EMP-000393,2023-12-26,,Dennis,Kosgei,Female,1984-05-16,2020-07-04,Store Operations,Cashier,40090,STOR-0099,Day
EMP-000394,2021-07-15,2023-01-13,Susan,Stephen,Female,1970-08-25,2021-07-15,Store Operations,Cashier,47654,STOR-0099,Day
EMP-000394,2023-01-13,,Susan,Stephen,Female,1970-08-25,2021-07-15,Store Operations,Cashier,52926,STOR-0099,Day
EMP-000395,2016-01-01,,Ibrahim,Cheruiyot,Female,1972-05-28,2016-01-01,Store Operations,Cashier,36406,STOR-0099,Day
EMP-000396,2021-05-11,,Mary,Muthee,Male,2005-03-16,2021-05-11,Store Operations,Supervisor,74920,,Day
EMP-000397,2021-08-04,2024-03-08,Samuel,Zawadi,Female,2003-05-01,2021-08-04,Store Operations,Cashier,42178,STOR-0100,Night
EMP-000397,2024-03-08,2025-08-30,Samuel,Zawadi,Female,2003-05-01,2021-08-04,Store Operations,Cashier,44325,STOR-0100,Night
EMP-000397,2025-08-30,,Samuel,Zawadi,Female,2003-05-01,2021-08-04,Store Operations,Cashier,46991,STOR-0100,Night
EMP-000398,2016-01-01,,Brenda,Muthee,Male,1991-02-23,2016-01-01,Store Operations,Cashier,40620,STOR-0100,Day
EMP-000399,2017-09-06,2023-07-30,Lucy,Mwongeli,Male,2004-05-09,2017-09-06,Store Operations,Cashier,44042,STOR-0100,Day
EMP-000399,2023-07-30,2025-05-25,Lucy,Mwongeli,Male,2004-05-09,2017-09-06,Store Operations,Cashier,49166,STOR-0100,Day
EMP-000399,2025-05-25,,Lucy,Mwongeli,Male,2004-05-09,2017-09-06,Store Operations,Cashier,51649,STOR-0100,Day
EMP-000400,2017-07-21,2019-05-01,Jacob,Maitha,Female,1982-02-10,2017-07-21,Store Operations,Supervisor,66044,STOR-0100,Day
EMP-000400,2019-05-01,2023-07-25,Jacob,Maitha,Female,1982-02-10,2017-07-21,Store Operations,Supervisor,72601,STOR-0100,Day
EMP-000400,2023-07-25,,Jacob,Maitha,Female,1982-02-10,2017-07-21,Store Operations,Supervisor,83189,STOR-0100,Day
EMP-000401,2016-01-01,,James,Njeru,Female,1981-03-16,2016-01-01,Store Operations,Cashier,49468,STOR-0101,Day
EMP-000402,2022-01-23,2024-09-17,Janet,Kipruto,Female,1984-07-19,2022-01-23,Store Operations,Cashier,38519,STOR-0101,Day
EMP-000402,2024-09-17,,Janet,Kipruto,Female,1984-07-19,2022-01-23,Store Operations,Cashier,43110,STOR-0101,Day
EMP-000403,2016-01-01,2017-06-17,Samuel,Ndung'u,Male,1963-02-27,2016-01-01,Store Operations,Cashier,38228,STOR-0101,Night
EMP-000403,2017-06-17,2021-02-01,Samuel,Ndung'u,Male,1963-02-27,2016-01-01,Store Operations,Cashier,42631,,Night
EMP-000403,2021-02-01,,Samuel,Ndung'u,Male,1963-02-27,2016-01-01,Store Operations,Cashier,45718,STOR-0101,Night
EMP-000404,2022-10-13,2025-11-21,Millicent,Ochieng,Female,1966-09-29,2022-10-13,Store Operations,Supervisor,79234,STOR-0101,Day
EMP-000404,2025-11-21,,Millicent,Ochieng,Female,1966-09-29,2022-10-13,Store Operations,Supervisor,92344,STOR-0101,Day
EMP-000405,2016-01-01,,Vitalis,Mbugua,Female,2000-02-03,2016-01-01,Store Operations,Cashier,48117,STOR-0102,Night
EMP-000406,2016-01-01,2024-02-22,Swaleh,Limo,Male,1963-05-23,2016-01-01,Store Operations,Cashier,38908,STOR-0102,Night
EMP-000406,2024-02-22,2025-11-07,Swaleh,Limo,Male,1963-05-23,2016-01-01,Store Operations,Cashier,41776,STOR-0102,Night
EMP-000406,2025-11-07,,Swaleh,Limo,Male,1963-05-23,2016-01-01,Store Operations,Cashier,45224,STOR-0102,Night
EMP-000407,2022-07-20,,Esther,Wangui,Male,1992-12-18,2022-07-20,Store Operations,Cashier,37258,STOR-0102,Night
EMP-000408,2016-01-01,2018-04-03,Josephat,Alex,Female,1991-04-04,2016-01-01,Store Operations,Supervisor,76044,STOR-0102,Day
EMP-000408,2018-04-03,,Josephat,Alex,Female,1991-04-04,2016-01-01,Store Operations,Supervisor,88939,STOR-0102,Day
EMP-000409,2024-10-02,,Joy,Omolo,Female,1966-05-04,2024-10-02,Store Operations,Cashier,49180,STOR-0103,Night
EMP-000410,2016-01-01,,Steve,Njeri,Female,1977-06-16,2016-01-01,Store Operations,Cashier,41290,STOR-0103,Night
EMP-000411,2023-13-45,2023-13-45,Ann,Kaimenyi,Female,2023-13-45,2023-13-45,Store Operations,Cashier,42272,STOR-0103,Night
EMP-000411,2025-08-04,,Ann,Kaimenyi,Female,1996-04-05,2023-12-27,Store Operations,Cashier,47131,STOR-0103,Night
EMP-000412,2019-01-09,,Mary,Cherotich,Male,1979-11-07,2019-01-09,Store Operations,Supervisor,67367,STOR-0103,Day
EMP-000413,2024-10-24,,Rashid,Kemei,Male,2006-10-19,2024-10-24,Store Operations,Cashier,47657,STOR-0104,Night
EMP-000414,2016-01-01,,Dalmas,Ndanu,Male,2004-08-24,2016-01-01,Store Operations,Cashier,43898,STOR-0104,Night
EMP-000415,2023-13-45,2023-13-45,Adan,Okoth,Male,2023-13-45,2023-13-45,Store Operations,Cashier,41965,STOR-0104,Day
EMP-000416,2019-01-15,,Ruth,Wambua,Male,2005-04-11,2019-01-15,Store Operations,Supervisor,-68611,STOR-0104,Day
EMP-000417,2024-02-25,2025-05-08,Clare,Ndirangu,Male,1970-10-31,2024-02-25,Store Operations,Cashier,48301,,Day
EMP-000417,2025-05-08,2025-11-11,Clare,Ndirangu,Male,1970-10-31,2024-02-25,Store Operations,Cashier,54817,STOR-0105,Day
EMP-000417,2025-11-11,,Clare,Ndirangu,Male,1970-10-31,2024-02-25,Store Operations,Cashier,61162,STOR-0105,Day
EMP-000418,2016-01-01,,Zachary,Abdi,Female,1984-05-27,2016-01-01,Store Operations,Cashier,47858,STOR-0105,Day
EMP-000419,2021-09-09,2023-11-06,Hussein,Nduta,Male,2005-08-28,2021-09-09,Store Operations,Cashier,44778,STOR-0105,Day
EMP-000419,2023-11-06,2024-08-12,Hussein,Nduta,Male,2005-08-28,2021-09-09,Store Operations,Cashier,49561,STOR-0105,Day
EMP-000419,2024-08-12,,Hussein,Nduta,Male,2005-08-28,2021-09-09,Store Operations,Cashier,52503,STOR-0105,Day
EMP-000420,2018-09-22,2023-12-21,Joe,Siele,Female,1981-08-31,2018-09-22,Store Operations,Supervisor,63120,STOR-0105,Day
EMP-000420,2023-12-21,2025-04-06,Joe,Siele,Female,1981-08-31,2018-09-22,Store Operations,Supervisor,70954,STOR-0105,Day
EMP-000420,2025-04-06,,Joe,Siele,Female,1981-08-31,2018-09-22,Store Operations,Supervisor,78888,STOR-0105,Day
EMP-000421,2018-11-05,2025-01-13,Sharon,Okoth,Male,1969-04-18,2018-11-05,Store Operations,Cashier,46492,STOR-0106,Day
EMP-000421,2025-01-13,2025-08-17,Sharon,Okoth,Male,1969-04-18,2018-11-05,Store Operations,Cashier,49950,STOR-0106,Day
EMP-000421,2025-08-17,,Sharon,Okoth,Male,1969-04-18,2018-11-05,Store Operations,Cashier,57307,STOR-0106,Day
EMP-000422,2022-08-05,,Sharon,Rono,Male,1985-03-22,2022-08-05,Store Operations,Cashier,44460,STOR-0106,Night
EMP-000423,2024-02-21,,Joseph,Nyambura,Female,1975-03-05,2024-02-21,Store Operations,Cashier,48018,STOR-0106,Day
EMP-000424,2021-08-16,,Salim,Odera,Female,1973-08-31,2021-08-16,Store Operations,Supervisor,70724,STOR-0106,Day
EMP-000425,2024-11-22,,Felix,Abdi,Male,1965-11-06,2024-11-22,Store Operations,Cashier,46424,STOR-0107,Night
EMP-000426,2016-07-27,2026-01-07,Philip,Musyimi,Female,1995-02-23,2016-07-27,Store Operations,Cashier,38470,STOR-0107,Night
EMP-000426,2026-01-07,,Philip,Musyimi,Female,1995-02-23,2016-07-27,Store Operations,Cashier,41905,STOR-0107,Night
EMP-000427,2016-01-01,,Peter,Chepkemoi,Female,2002-08-28,2016-01-01,Store Operations,Cashier,42951,STOR-0107,Night
EMP-000428,2016-01-01,2019-07-27,Victor,Chelangat,Male,1971-08-22,2016-01-01,Store Operations,Supervisor,75059,STOR-0107,Day
EMP-000428,2019-07-27,,Victor,Chelangat,Male,1971-08-22,2016-01-01,Store Operations,Supervisor,89098,STOR-0107,Day
EMP-000429,2024-01-14,,Millicent,Ojwang,Female,1971-11-12,2024-01-14,Store Operations,Cashier,38314,STOR-0108,Day
EMP-000430,2016-01-01,2020-07-13,Purity,Mwangi,Female,1985-05-22,2016-01-01,Store Operations,Cashier,45724,STOR-0108,Night
EMP-000430,2020-07-13,2024-10-20,Purity,Mwangi,Female,1985-05-22,2016-01-01,Store Operations,Cashier,50896,STOR-0108,Night
EMP-000430,2024-10-20,,Purity,Mwangi,Female,1985-05-22,2016-01-01,Store Operations,Cashier,57486,STOR-0108,Night
EMP-000431,2016-01-01,,Mary,Muthomi,Male,1991-02-24,2016-01-01,Store Operations,Cashier,40005,STOR-0108,Day
EMP-000432,2016-01-01,2019-10-17,Martin,Mutua,Male,1992-07-07,2016-01-01,Store Operations,Supervisor,75624,STOR-0108,Day
EMP-000432,2019-10-17,,Martin,Mutua,Male,1992-07-07,2016-01-01,Store Operations,Supervisor,86235,STOR-0108,Day
EMP-000433,2016-01-01,,Wanjiku,Mwadime,Female,1990-08-01,2016-01-01,Store Operations,Cashier,40629,STOR-0109,Day
EMP-000434,2016-01-01,2025-01-17,Oduor,Barasa,Female,1986-08-02,2016-01-01,Store Operations,Cashier,38751,STOR-0109,Night
EMP-000434,2025-01-17,,Oduor,Barasa,Female,1986-08-02,2016-01-01,Store Operations,Cashier,42924,STOR-0109,Night
EMP-000435,2020-06-10,,Danson,Eregae,Male,1974-03-10,2020-06-10,Store Operations,Cashier,37246,STOR-0109,Night
EMP-000436,2016-01-01,2017-05-19,Florence,Abdi,Male,1977-08-11,2016-01-01,Store Operations,Supervisor,78457,STOR-0109,Day
EMP-000436,2017-05-19,,Florence,Abdi,Male,1977-08-11,2016-01-01,Store Operations,Supervisor,89370,STOR-0109,Day
EMP-000437,2021-12-07,,Sharon,Kimaiyo,Female,1998-05-03,2021-12-07,Store Operations,Cashier,45290,STOR-0110,Day
EMP-000438,2016-02-04,,Immaculate,Okeyo,Female,1995-09-15,2016-02-04,Store Operations,Cashier,37293,STOR-0110,Day
EMP-000439,2021-07-11,2023-03-06,Stella,Wambua,Female,1971-07-05,2021-07-11,Store Operations,Cashier,47961,STOR-0110,Day
EMP-000439,2023-03-06,,Stella,Wambua,Female,1971-07-05,2021-07-11,Store Operations,Cashier,51295,STOR-0110,Day
EMP-000440,2019-12-01,,Karanja,Makokha,Male,1990-05-15,2019-12-01,Store Operations,Supervisor,81574,STOR-0110,Day
EMP-000441,2016-12-13,,Stephen,Jimale,Male,1991-04-19,2016-12-13,Store Operations,Cashier,39842,STOR-0111,Day
EMP-000442,2025-07-04,,Rosemary,Kurui,Male,1988-10-31,2025-07-04,Store Operations,Cashier,38949,STOR-0111,Night
EMP-000443,2016-01-01,,David,Mwaniki,Male,1976-08-23,2016-01-01,Store Operations,Cashier,37162,STOR-0111,Night
EMP-000444,2021-09-22,,Suleiman,Ochieng,Female,1975-11-17,2021-09-22,Store Operations,Supervisor,65661,STOR-0111,Day
EMP-000445,2016-01-01,2022-03-13,Peter,Murangiri,Male,2004-10-29,2016-01-01,Store Operations,Cashier,35225,STOR-0112,Night
EMP-000445,2022-03-13,,Peter,Murangiri,Male,2004-10-29,2016-01-01,Store Operations,Cashier,39531,STOR-0112,Night
EMP-000446,2019-11-23,,Hellen,Abdi,Female,1980-02-14,2019-11-23,Store Operations,,43209,STOR-0112,Night
EMP-000447,2016-01-01,2024-06-21,Margret,Mungai,Female,1970-01-16,2016-01-01,Store Operations,Cashier,43808,STOR-0112,Day
EMP-000447,2024-06-21,2025-12-01,Margret,Mungai,Female,1970-01-16,2016-01-01,Store Operations,Cashier,47228,STOR-0112,Day
EMP-000447,2025-12-01,,Margret,Mungai,Female,1970-01-16,2016-01-01,Store Operations,Cashier,49704,STOR-0112,Day
EMP-000448,2016-03-18,,Faith,Mbula,Male,1961-11-22,2016-03-18,Store Operations,Supervisor,70706,STOR-0112,Day
EMP-000449,2019-12-14,2025-08-15,Benard,Kinoti,Male,1997-12-11,2019-12-14,Store Operations,Cashier,46959,STOR-0113,Day
EMP-000449,2025-08-15,,Benard,Kinoti,Male,1997-12-11,2019-12-14,Store Operations,Cashier,52338,STOR-0113,Day
EMP-000450,2016-01-01,2020-07-14,Danson,Onyango,Female,1980-03-15,2016-01-01,Store Operations,Cashier,44975,STOR-0113,Day
EMP-000450,2020-07-14,,Danson,Onyango,Female,1980-03-15,2016-01-01,Store Operations,Cashier,48020,STOR-0113,Day
EMP-000451,2016-01-01,2024-04-08,Ahmed,Mwangi,Male,1989-03-02,2016-01-01,Store Operations,Cashier,46493,STOR-0113,Day
EMP-000451,2024-04-08,2024-11-22,Ahmed,Mwangi,Male,1989-03-02,2016-01-01,Store Operations,Cashier,53190,STOR-0113,Day
EMP-000451,2024-11-22,,Ahmed,Mwangi,Male,1989-03-02,2016-01-01,Store Operations,Cashier,60923,STOR-0113,Day
EMP-000452,2016-01-01,,Mohamed,Situma,Female,2001-03-17,2016-01-01,Store Operations,Supervisor,84568,STOR-0113,Day
EMP-000453,2016-01-01,2020-08-10,Kipngetich,Cherop,Female,1999-09-24,2016-01-01,Store Operations,Cashier,48223,STOR-0114,Night
EMP-000453,2020-08-10,,Kipngetich,Cherop,Female,1999-09-24,2016-01-01,Store Operations,Cashier,55045,STOR-0114,Night
EMP-000454,2016-01-01,2022-06-30,Purity,Chebet,Female,1960-09-14,2016-01-01,Store Operations,Cashier,43368,STOR-0114,Night
EMP-000454,2022-06-30,,Purity,Chebet,Female,1960-09-14,2016-01-01,Store Operations,Cashier,47141,STOR-0114,Night
EMP-000455,2016-01-01,2017-12-12,Amos,Kioko,Female,2005-10-23,2016-01-01,Store Operations,Cashier,36685,STOR-0114,Day
EMP-000455,2017-12-12,,Amos,Kioko,Female,2005-10-23,2016-01-01,Store Operations,Cashier,38575,STOR-0114,Day
EMP-000456,2016-01-01,,Humphrey,Nyongesa,Male,1996-05-25,2016-01-01,Store Operations,Supervisor,75458,STOR-0114,Day
EMP-000457,2016-01-01,2025-12-02,Frank,Nkirote,Male,1995-02-22,2016-01-01,Store Operations,Cashier,48158,STOR-0115,Night
EMP-000457,2025-12-02,,Frank,Nkirote,Male,1995-02-22,2016-01-01,Store Operations,Cashier,55036,STOR-0115,Night
EMP-000458,2020-05-27,2024-03-08,Joseph,Ndichu,Female,1963-07-25,2020-05-27,Store Operations,Cashier,36276,STOR-0115,Night
EMP-000458,2024-03-08,,Joseph,Ndichu,Female,1963-07-25,2020-05-27,Store Operations,Cashier,39643,STOR-0115,Night
EMP-000459,2017-09-02,,Jerotich,Cheruiyot,Male,1961-09-14,2017-09-02,Store Operations,Cashier,41568,STOR-0115,Day
EMP-000460,2019-06-03,,Stanley,Maina,Female,1977-01-03,2019-06-03,Store Operations,Supervisor,78123,STOR-0115,Day
EMP-000461,2016-05-19,,Jackline,Mulwa,Female,2000-03-13,2016-05-19,Store Operations,Cashier,47853,STOR-0116,Night
EMP-000462,2024-06-19,,Rose,Langat,Male,1963-08-13,2024-06-19,Store Operations,Cashier,43083,STOR-0116,Day
EMP-000463,2016-01-01,,Josphat,Chepkemoi,Male,2004-05-04,2016-01-01,Store Operations,Cashier,35391,STOR-0116,Day
EMP-000464,2020-01-25,,Alex,Jeruto,Male,1992-03-20,2020-01-25,Store Operations,Supervisor,81538,STOR-0116,Day
EMP-000465,2016-01-01,,Jerotich,Muriuki,Female,1973-01-01,2016-01-01,Store Operations,Cashier,38902,STOR-0117,Night
EMP-000466,2016-01-01,,Emily,Maina,Male,1991-09-29,2016-01-01,Store Operations,Cashier,36524,STOR-0117,Day
EMP-000467,2021-08-24,,Peter,Achieng,Female,1974-03-04,2021-08-24,Store Operations,Cashier,36391,STOR-0117,Day
EMP-000468,2016-01-01,,Dorothy,Karanja,Female,1981-09-12,2016-01-01,Store Operations,Supervisor,62040,STOR-0117,Day
EMP-000469,2017-05-09,,Dan,Kiptui,Male,1997-07-21,2017-05-09,Store Operations,Cashier,48941,STOR-0118,Night
EMP-000470,2020-06-15,2022-07-28,Kiptoo,Mwangi,Female,2004-08-14,2020-06-15,Store Operations,Cashier,39455,STOR-0118,Day
EMP-000470,2022-07-28,,Kiptoo,Mwangi,Female,2004-08-14,2020-06-15,Store Operations,Cashier,45241,STOR-0118,Day
EMP-000471,2016-01-01,,Antony,Muindi,Male,1963-11-08,2016-01-01,Store Operations,Cashier,37693,STOR-0118,Night
EMP-000472,2016-01-01,,Caren,Langat,Female,1969-01-25,2016-01-01,Store Operations,Supervisor,66803,STOR-0118,Day
EMP-000473,2018-02-03,,Florence,Munene,Female,1987-10-27,2018-02-03,Store Operations,Cashier,37582,STOR-0119,Night
EMP-000474,2016-06-05,,Diana,Mwaka,Male,1986-11-29,2016-06-05,Store Operations,Cashier,36494,STOR-0119,Day
EMP-000475,2016-01-01,2024-12-15,Dominic,Akinyi,Female,2007-09-11,2016-01-01,Store Operations,Cashier,39262,STOR-0119,Day
EMP-000475,2024-12-15,2025-11-02,Dominic,Akinyi,Female,2007-09-11,2016-01-01,Store Operations,Cashier,45008,STOR-0119,Day
EMP-000475,2025-11-02,,Dominic,Akinyi,Female,2007-09-11,2016-01-01,Store Operations,Cashier,51097,STOR-0119,Day
EMP-000476,2017-02-15,,Anna,Okumu,Female,1966-03-22,2017-02-15,Store Operations,Supervisor,63339,STOR-0119,Day
EMP-000477,2016-01-01,2019-07-25,Susan,Ochieng,Male,2001-08-06,2016-01-01,Store Operations,Cashier,48604,STOR-0120,Day
EMP-000477,2019-07-25,2024-09-10,Susan,Ochieng,Male,2001-08-06,2016-01-01,Store Operations,Cashier,52465,STOR-0120,Day
EMP-000477,2024-09-10,,Susan,Ochieng,Male,2001-08-06,2016-01-01,Store Operations,Cashier,57108,STOR-0120,Day
EMP-000478,2016-01-01,2021-07-10,Philip,Omondi,Female,1982-11-30,2016-01-01,Store Operations,Cashier,39240,STOR-0120,Day
EMP-000478,2021-07-10,,Philip,Omondi,Female,1982-11-30,2016-01-01,Store Operations,Cashier,44541,STOR-0120,Day
EMP-000479,2024-03-03,2025-01-06,Wilson,Ndirangu,Male,1989-08-06,2024-03-03,Store Operations,Cashier,49828,STOR-0120,Night
EMP-000479,2025-01-06,2025-12-24,Wilson,Ndirangu,Male,1989-08-06,2024-03-03,Store Operations,Cashier,53898,STOR-0120,Night
EMP-000479,2025-12-24,,Wilson,Ndirangu,Male,1989-08-06,2024-03-03,Store Operations,Cashier,57506,STOR-0120,Night
EMP-000480,2016-01-01,,Edward,Mwangi,Male,1984-08-03,2016-01-01,Store Operations,Supervisor,83738,STOR-0120,Day
EMP-000481,2022-11-14,2023-08-10,Faith,Munene,Male,2004-02-12,2022-11-14,Store Operations,Cashier,37831,STOR-0121,Night
EMP-000481,2023-08-10,,Faith,Munene,Male,2004-02-12,2022-11-14,Store Operations,Cashier,41828,STOR-0121,Night
EMP-000482,2018-08-05,,Samuel,Mutiso,Female,1985-04-28,2018-08-05,Store Operations,Cashier,35567,STOR-0121,Day
EMP-000483,2023-09-16,2024-04-07,Aden,Chepchirchir,Female,1971-06-27,2023-09-16,Store Operations,Cashier,35999,STOR-0121,Day
EMP-000483,2024-04-07,,Aden,Chepchirchir,Female,1971-06-27,2023-09-16,Store Operations,Cashier,41169,STOR-0121,Day
EMP-000484,2016-11-26,2017-12-27,Kevin,Kipchirchir,Female,1990-06-01,2016-11-26,Store Operations,Supervisor,77229,STOR-0121,Day
EMP-000484,2017-12-27,,Kevin,Kipchirchir,Female,1990-06-01,2016-11-26,Store Operations,Supervisor,89857,STOR-0121,Day
EMP-000485,2021-08-18,2023-09-06,Paul,Adan,Female,2004-07-02,2021-08-18,Store Operations,Cashier,47803,STOR-0122,Night
EMP-000485,2023-09-06,2024-12-10,Paul,Adan,Female,2004-07-02,2021-08-18,Store Operations,Cashier,52918,STOR-0122,Night
EMP-000485,2024-12-10,,Paul,Adan,Female,2004-07-02,2021-08-18,Store Operations,Cashier,56078,STOR-0122,Night
EMP-000486,2018-03-01,2019-12-17,Elvis,Wanja,Female,2001-10-10,2018-03-01,Store Operations,Cashier,40224,STOR-0122,Day
EMP-000486,2019-12-17,2024-04-11,Elvis,Wanja,Female,2001-10-10,2018-03-01,Store Operations,Cashier,44709,STOR-0122,Day
EMP-000486,2024-04-11,,Elvis,Wanja,Female,2001-10-10,2018-03-01,Store Operations,Cashier,51370,STOR-0122,Day
EMP-000487,2025-09-12,,Moreen,Korir,Male,1965-10-30,2025-09-12,Store Operations,Cashier,47563,STOR-0122,Day
EMP-000488,2017-11-08,,Murimi,Issack,Male,1987-09-08,2017-11-08,Store Operations,Supervisor,68733,STOR-0122,Day
EMP-000489,2017-10-28,2018-07-15,Kamau,Barasa,Male,1968-04-26,2017-10-28,Store Operations,Cashier,48064,STOR-0123,Night
EMP-000489,2018-07-15,,Kamau,Barasa,Male,1968-04-26,2017-10-28,Store Operations,Cashier,51140,STOR-0123,Night
EMP-000490,2017-10-11,,Rose,Awino,Male,1986-12-07,2017-10-11,Store Operations,Cashier,48208,STOR-0123,Night
EMP-000491,2021-10-19,,Zipporah,Onyango,Male,1978-04-24,2021-10-19,Store Operations,Cashier,37328,STOR-0123,Day
EMP-000492,2019-03-16,2022-02-15,Margaret,Ouma,Female,2002-03-28,2019-03-16,Store Operations,Supervisor,61243,STOR-0123,Day
EMP-000492,2022-02-15,,Margaret,Ouma,Female,2002-03-28,2019-03-16,Store Operations,Supervisor,69951,STOR-0123,Day
EMP-000493,2016-01-01,,Christine,Sidi,Male,1974-03-22,2016-01-01,Store Operations,Cashier,35011,STOR-0124,Night
EMP-000494,2016-01-01,2019-06-06,Emmanuel,Mulongo,Male,1991-05-12,2016-01-01,Store Operations,Cashier,37907,STOR-0124,Night
EMP-000494,2019-06-06,,Emmanuel,Mulongo,Male,1991-05-12,2016-01-01,Store Operations,Cashier,43128,STOR-0124,Night
EMP-000495,2016-01-01,2021-12-05,Rael,Kemboi,Male,1966-07-29,2016-01-01,Store Operations,Cashier,40978,STOR-0124,Day
EMP-000495,2021-12-05,2025-04-05,Rael,Kemboi,Male,1966-07-29,2016-01-01,Store Operations,Cashier,46062,STOR-0124,Day
EMP-000495,2025-04-05,,Rael,Kemboi,Male,1966-07-29,2016-01-01,Store Operations,Cashier,51575,STOR-0124,Day
EMP-000496,2020-05-11,,Elijah,Maina,Male,1997-06-29,2020-05-11,Store Operations,Supervisor,64471,STOR-0124,Day
EMP-000497,2025-11-11,,Juma,Ibrahim,Female,1971-04-26,2025-11-11,Store Operations,Cashier,37854,STOR-0125,Night
EMP-000498,2019-12-23,2021-12-12,Lilian,Mangale,Female,2003-12-30,2019-12-23,Store Operations,Cashier,39825,STOR-0125,Day
EMP-000498,2021-12-12,,Lilian,Mangale,Female,2003-12-30,2019-12-23,Store Operations,Cashier,44613,STOR-0125,Day
EMP-000499,2016-01-01,,Janet,Mugo,Female,1968-11-09,2016-01-01,Store Operations,Cashier,40213,STOR-0125,Day
EMP-000500,2025-03-11,2025-12-11,Fiona,Limo,Male,1976-09-16,2025-03-11,Store Operations,Supervisor,84423,STOR-0125,Day
EMP-000500,2025-12-11,,Fiona,Limo,Male,1976-09-16,2025-03-11,Store Operations,Supervisor,94818,STOR-0125,Day
EMP-000501,2016-01-01,,Joseph,Muchiri,Female,1985-09-14,2016-01-01,Store Operations,Cashier,48462,STOR-0126,Night
EMP-000502,2016-04-23,2018-04-08,Kinyua,Mwendia,Female,1969-06-06,2016-04-23,Store Operations,Cashier,36110,STOR-0126,Night
EMP-000502,2018-04-08,,Kinyua,Mwendia,Female,1969-06-06,2016-04-23,Store Operations,Cashier,38975,STOR-0126,Night
EMP-000503,2016-01-01,,James,Kiprotich,Male,1993-03-04,2016-01-01,Store Operations,Cashier,47002,STOR-0126,Night
EMP-000504,2025-07-12,,Munyao,Haji,Female,1999-09-21,2025-07-12,Store Operations,Supervisor,77892,STOR-0126,Day
EMP-000505,2017-03-15,2018-04-29,Samuel,Chai,Female,2004-04-23,2017-03-15,Store Operations,Cashier,36207,STOR-0127,Day
EMP-000505,2018-04-29,2022-08-24,Samuel,Chai,Female,2004-04-23,2017-03-15,Store Operations,Cashier,40947,STOR-0127,Day
EMP-000505,2022-08-24,,Samuel,Chai,Female,2004-04-23,2017-03-15,Store Operations,Cashier,46311,STOR-0127,Day
EMP-000506,2016-01-01,2025-11-14,Wanyonyi,Ngetich,Female,1969-05-01,2016-01-01,Store Operations,Cashier,37787,STOR-0127,Night
EMP-000506,2025-11-14,,Wanyonyi,Ngetich,Female,1969-05-01,2016-01-01,Store Operations,,42952,STOR-0127,Night
EMP-000507,2020-10-20,,Sharon,Kariuki,Male,1969-05-19,2020-10-20,Store Operations,Cashier,49634,STOR-0127,Night
EMP-000508,2016-01-01,2018-08-09,Eliud,Moseti,Female,1964-05-15,2016-01-01,Store Operations,Supervisor,65147,STOR-0127,Day
EMP-000508,2018-08-09,2023-07-03,Eliud,Moseti,Female,1964-05-15,2016-01-01,Store Operations,Supervisor,77498,STOR-0127,Day
EMP-000508,2023-07-03,,Eliud,Moseti,Female,1964-05-15,2016-01-01,Store Operations,Supervisor,88453,STOR-0127,Day
EMP-000509,2016-07-23,,Wanjiru,Njoroge,Male,1982-07-22,2016-07-23,Store Operations,Cashier,44078,STOR-0128,Night
EMP-000510,2017-02-02,2025-03-12,Immaculate,Kimani,Female,1995-11-29,2017-02-02,Store Operations,Cashier,41437,STOR-0128,Night
EMP-000510,2025-03-12,2025-11-02,Immaculate,Kimani,Female,1995-11-29,2017-02-02,Store Operations,Cashier,45586,STOR-0128,Night
EMP-000510,2025-11-02,,Immaculate,Kimani,Female,1995-11-29,2017-02-02,Store Operations,Cashier,51504,STOR-0128,Night
EMP-000511,2023-02-10,2025-12-11,Yvonne,Adhiambo,Male,2003-10-25,2023-02-10,Store Operations,Cashier,48498,STOR-0128,Night
EMP-000511,2025-12-11,,Yvonne,Adhiambo,Male,2003-10-25,2023-02-10,Store Operations,Cashier,54075,STOR-0128,Night
EMP-000512,2016-01-01,,Eric,Mwanzia,Male,2002-05-30,2016-01-01,Store Operations,Supervisor,62684,STOR-0128,Day
EMP-000513,2019-07-16,2025-01-23,Mugo,Mwaniki,Male,1972-01-28,2019-07-16,Store Operations,Cashier,43013,STOR-0129,Night
EMP-000513,2025-01-23,2026-01-20,Mugo,Mwaniki,Male,1972-01-28,2019-07-16,Store Operations,Cashier,48183,STOR-0129,Night
EMP-000513,2026-01-20,,Mugo,Mwaniki,Male,1972-01-28,2019-07-16,Store Operations,Cashier,54426,STOR-0129,Night
EMP-000514,2021-07-12,2025-01-31,Donald,Njoroge,Male,2003-02-04,2021-07-12,Store Operations,Cashier,38056,STOR-0129,Night
EMP-000514,2025-01-31,2026-01-21,Donald,Njoroge,Male,2003-02-04,2021-07-12,Store Operations,Cashier,43345,STOR-0129,Night
EMP-000514,2026-01-21,,Donald,Njoroge,Male,2003-02-04,2021-07-12,Store Operations,Cashier,46977,STOR-0129,Night
EMP-000515,2018-04-27,2019-02-28,Mary,Jerono,Female,1998-12-14,2018-04-27,Store Operations,Cashier,39400,STOR-0129,Day
EMP-000515,2019-02-28,,Mary,Jerono,Female,1998-12-14,2018-04-27,Store Operations,Cashier,42849,STOR-0129,Day
EMP-000516,2021-09-14,,Nafula,Mohamed,Male,1963-09-10,2021-09-14,Store Operations,Supervisor,84787,STOR-0129,Day
EMP-000517,2022-09-14,,Moreen,Kanana,Male,1978-08-11,2022-09-14,Store Operations,Cashier,43773,STOR-0130,Night
EMP-000518,2025-05-03,,Esther,Kitsao,Male,1988-12-12,2025-05-03,Store Operations,Cashier,41468,STOR-0130,Day
EMP-000519,2016-01-01,,Faith,Mohamed,Male,2003-04-12,2016-01-01,Store Operations,Cashier,37738,STOR-0130,Day
EMP-000520,2016-01-01,,Wainaina,Mwita,Male,1981-02-26,2016-01-01,Store Operations,Supervisor,82384,STOR-0130,Day
EMP-000521,2018-06-24,2022-06-04,Mike,Wario,Male,2007-03-19,2018-06-24,Store Operations,Cashier,49977,STOR-0131,Day
EMP-000521,2022-06-04,2024-03-07,Mike,Wario,Male,2007-03-19,2018-06-24,Store Operations,Cashier,52945,STOR-0131,Day
EMP-000521,2024-03-07,,Mike,Wario,Male,2007-03-19,2018-06-24,Store Operations,Cashier,58653,STOR-0131,Day
EMP-000522,2018-09-15,,Issa,Omollo,Female,1971-05-11,2018-09-15,Store Operations,Cashier,49310,STOR-0131,Day
EMP-000523,2016-01-01,,Mathew,Njenga,Female,1974-06-26,2016-01-01,Store Operations,Cashier,37428,STOR-0131,Day
EMP-000524,2023-13-45,2023-13-45,Wafula,Wambui,Male,2023-13-45,2023-13-45,Store Operations,Supervisor,73464,STOR-0131,Day
EMP-000524,2023-02-16,2025-04-25,Wafula,Wambui,Male,1982-04-30,2019-09-12,Store Operations,Supervisor,79657,STOR-0131,Day
EMP-000524,2025-04-25,,Wafula,Wambui,Male,1982-04-30,2019-09-12,Store Operations,Supervisor,90480,STOR-0131,Day
EMP-000525,2016-01-01,,Paul,Chepkoech,Female,1998-10-26,2016-01-01,Store Operations,Cashier,41602,STOR-0132,Day
EMP-000526,2016-01-01,2021-01-16,Mohamed,Abdullahi,Female,1968-12-08,2016-01-01,Store Operations,Cashier,46313,STOR-0132,Day
EMP-000526,2021-01-16,2025-05-11,Mohamed,Abdullahi,Female,1968-12-08,2016-01-01,Store Operations,Cashier,51141,STOR-0132,Day
EMP-000526,2025-05-11,,Mohamed,Abdullahi,Female,1968-12-08,2016-01-01,Store Operations,Cashier,55163,STOR-0132,Day
EMP-000527,2021-01-11,2024-10-15,Hassan,Kamau,Female,1980-05-07,2021-01-11,Store Operations,Cashier,48392,STOR-0132,Night
EMP-000527,2023-13-45,2023-13-45,Hassan,Kamau,Female,2023-13-45,2023-13-45,Store Operations,Cashier,53670,STOR-0132,Night
EMP-000527,2025-12-07,,Hassan,Kamau,Female,1980-05-07,2021-01-11,Store Operations,Cashier,56517,STOR-0132,Night
EMP-000528,2017-03-10,,Njuguna,Towett,Male,1971-06-20,2017-03-10,Store Operations,Supervisor,84370,STOR-0132,Day
EMP-000529,2018-12-14,2021-01-21,Miriam,Samwel,Female,1981-11-17,2018-12-14,Store Operations,Cashier,44911,STOR-0133,Day
EMP-000529,2021-01-21,,Miriam,Samwel,Female,1981-11-17,2018-12-14,Store Operations,Cashier,47324,STOR-0133,Day
EMP-000530,2025-09-28,,Naomi,Awino,Female,1995-08-17,2025-09-28,Store Operations,Cashier,41126,STOR-0133,Day
EMP-000531,2016-01-01,2016-11-20,Nyongesa,Muhia,Male,1994-06-12,2016-01-01,Store Operations,Cashier,43303,STOR-0133,Night
EMP-000531,2016-11-20,,Nyongesa,Muhia,Male,1994-06-12,2016-01-01,Store Operations,Cashier,49030,STOR-0133,Night
EMP-000532,2016-04-27,2020-11-27,Stephen,Kinyua,Male,1991-09-18,2016-04-27,Store Operations,Supervisor,61888,STOR-0133,Day
EMP-000532,2020-11-27,2023-03-25,Stephen,Kinyua,Male,1991-09-18,2016-04-27,Store Operations,Supervisor,69514,STOR-0133,Day
EMP-000532,2023-03-25,,Stephen,Kinyua,Male,1991-09-18,2016-04-27,Store Operations,Supervisor,76135,STOR-0133,Day
EMP-000533,2021-12-07,,Wambugu,Mwangi,Male,1979-09-30,2021-12-07,Store Operations,Cashier,39488,STOR-0134,Night
EMP-000534,2016-01-01,,Maxwell,Ongeri,Female,2005-02-13,2016-01-01,Store Operations,Cashier,38963,STOR-0134,Night
EMP-000535,2016-01-01,2018-04-27,Grace,Wambua,Female,1961-02-26,2016-01-01,Store Operations,Cashier,44033,STOR-0134,Night
EMP-000535,2018-04-27,2022-06-23,Grace,Wambua,Female,1961-02-26,2016-01-01,Store Operations,Cashier,48534,STOR-0134,Night
EMP-000535,2022-06-23,,Grace,Wambua,Female,1961-02-26,2016-01-01,Store Operations,Cashier,54697,STOR-0134,Night
EMP-000536,2019-01-13,2026-01-09,Victor,Kibet,Male,1985-06-28,2019-01-13,Store Operations,Supervisor,61626,STOR-0134,Day
EMP-000536,2026-01-09,,Victor,Kibet,Male,1985-06-28,2019-01-13,Store Operations,Supervisor,68152,STOR-0134,Day
EMP-000537,2017-11-07,,Jeremiah,Mwangi,Male,1964-01-30,2017-11-07,Store Operations,Cashier,39408,STOR-0135,Night
EMP-000538,2025-03-21,2025-11-12,Gibson,Wafula,Male,1998-03-31,2025-03-21,Store Operations,Cashier,37837,STOR-0135,Day
EMP-000538,2025-11-12,,Gibson,Wafula,Male,1998-03-31,2025-03-21,Store Operations,Cashier,42085,STOR-0135,Day
EMP-000539,2023-07-28,2024-08-28,Samuel,Charo,Female,1998-01-06,2023-07-28,Store Operations,Cashier,40713,STOR-0135,Night
EMP-000539,2024-08-28,2026-01-10,Samuel,Charo,Female,1998-01-06,2023-07-28,Store Operations,Cashier,43096,STOR-0135,Night
EMP-000539,2026-01-10,,Samuel,Charo,Female,1998-01-06,2023-07-28,Store Operations,Cashier,45473,STOR-0135,Night
EMP-000540,2022-10-04,,Keziah,Too,Female,1968-09-07,2022-10-04,Store Operations,Supervisor,60240,STOR-0135,Day
EMP-000541,2019-05-22,2022-10-06,Paul,Kamau,Female,1985-12-29,2019-05-22,Store Operations,Cashier,36771,STOR-0136,Night
EMP-000541,2022-10-06,2025-08-17,Paul,Kamau,Female,1985-12-29,2019-05-22,Store Operations,Cashier,40563,STOR-0136,Night
EMP-000541,2025-08-17,,Paul,Kamau,Female,1985-12-29,2019-05-22,Store Operations,Cashier,44784,STOR-0136,Night
EMP-000542,2018-05-21,2024-01-01,Habiba,Ekai,Female,1974-02-22,2018-05-21,Store Operations,Cashier,46650,STOR-0136,Night
EMP-000542,2024-01-01,,Habiba,Ekai,Female,1974-02-22,2018-05-21,Store Operations,Cashier,51956,,Night
EMP-000543,2022-11-11,,Alexander,John,Male,1963-09-07,2022-11-11,Store Operations,Cashier,46153,STOR-0136,Day
EMP-000544,2019-05-14,,Brian,Maiyo,Female,1992-11-01,2019-05-14,Store Operations,Supervisor,73257,STOR-0136,Day
EMP-000545,2016-06-24,,Raymond,Wambui,Male,1995-09-05,2016-06-24,Store Operations,Cashier,46687,STOR-0137,Day
EMP-000546,2021-09-10,,Moses,Omwoyo,Female,1982-04-11,2021-09-10,Store Operations,Cashier,48851,STOR-0137,Day
EMP-000547,2019-02-16,,Francis,Weru,Male,1980-12-17,2019-02-16,Store Operations,Cashier,37096,STOR-0137,Night
EMP-000548,2020-11-03,,Mathias,Murithi,Male,1995-04-15,2020-11-03,Store Operations,Supervisor,67282,STOR-0137,Day
EMP-000549,2023-06-12,,Willy,Nyawira,Female,1980-12-31,2023-06-12,Store Operations,Cashier,39269,STOR-0138,Night
EMP-000550,2025-01-28,,Tonny,Otieno,Male,1983-02-21,2025-01-28,Store Operations,Cashier,45393,STOR-0138,Day
EMP-000551,2016-01-01,,Ruth,Benard,Male,2000-04-26,2016-01-01,Store Operations,Cashier,43680,STOR-0138,Night
EMP-000552,2016-01-01,,Thomas,Kiboi,Male,2007-06-03,2016-01-01,Store Operations,Supervisor,73408,STOR-0138,Day
EMP-000553,2016-01-01,,Mercy,Chepkwony,Female,1978-09-01,2016-01-01,Store Operations,Cashier,46725,STOR-0139,Day
EMP-000554,2020-11-06,2023-04-11,Dianah,Wahome,Female,1999-12-19,2020-11-06,Store Operations,Cashier,40134,STOR-0139,Day
EMP-000554,2023-04-11,2023-12-26,Dianah,Wahome,Female,1999-12-19,2020-11-06,Store Operations,Cashier,45054,STOR-0139,Day
EMP-000554,2023-12-26,,Dianah,Wahome,Female,1999-12-19,2020-11-06,Store Operations,Cashier,51703,STOR-0139,Day
EMP-000555,2023-13-45,2023-13-45,Fidel,Njoroge,Male,2023-13-45,2023-13-45,Store Operations,Cashier,37595,STOR-0139,Night
EMP-000556,2016-01-01,,Purity,Kemei,Male,1986-06-21,2016-01-01,Store Operations,Supervisor,80758,STOR-0139,Day
EMP-000557,2025-07-01,,Wanjiru,Too,Female,1962-09-30,2025-07-01,Store Operations,Cashier,35618,STOR-0140,Day
EMP-000558,2020-09-07,,Zakayo,Thuo,Male,1973-07-31,2020-09-07,Store Operations,Cashier,35293,STOR-0140,Day
EMP-000559,2017-12-12,2021-12-14,Joseph,Rotich,Male,1970-11-26,2017-12-12,Store Operations,Cashier,40113,STOR-0140,Day
EMP-000559,2021-12-14,2025-05-19,Joseph,Rotich,Male,1970-11-26,2017-12-12,Store Operations,Cashier,44189,STOR-0140,Day
EMP-000559,2025-05-19,,Joseph,Rotich,Male,1970-11-26,2017-12-12,Store Operations,Cashier,47825,STOR-0140,Day
EMP-000560,2016-01-01,,Kennedy,Mwaniki,Male,2002-03-18,2016-01-01,Store Operations,Supervisor,69529,STOR-0140,Day
EMP-000561,2023-11-05,2025-11-02,Mercyline,Muoki,Female,1964-11-02,2023-11-05,Store Operations,Cashier,40615,STOR-0141,Night
EMP-000561,2025-11-02,,Mercyline,Muoki,Female,1964-11-02,2023-11-05,Store Operations,Cashier,45875,STOR-0141,Night
EMP-000562,2022-01-08,2025-04-30,Moses,Muthoni,Male,1982-09-20,2022-01-08,Store Operations,Cashier,38675,STOR-0141,Day
EMP-000562,2025-04-30,,Moses,Muthoni,Male,1982-09-20,2022-01-08,Store Operations,Cashier,41656,STOR-0141,Day
EMP-000563,2016-01-01,2024-04-24,Ramadhan,Kiptoo,Male,1972-05-20,2016-01-01,Store Operations,Cashier,45658,STOR-0141,Day
EMP-000563,2024-04-24,2025-12-09,Ramadhan,Kiptoo,Male,1972-05-20,2016-01-01,Store Operations,Cashier,49945,STOR-0141,Day
EMP-000563,2025-12-09,,Ramadhan,Kiptoo,Male,1972-05-20,2016-01-01,Store Operations,Cashier,52834,STOR-0141,Day
EMP-000564,2016-01-01,,Salim,Awuor,Male,2006-12-04,2016-01-01,Store Operations,Supervisor,81416,STOR-0141,Day
EMP-000565,2016-01-01,,Sharon,Muia,Male,2002-02-11,2016-01-01,Store Operations,Cashier,41230,STOR-0142,Day
EMP-000566,2016-01-01,2025-12-26,Alvin,Ratemo,Female,1979-08-02,2016-01-01,Store Operations,Cashier,46235,STOR-0142,Day
EMP-000566,2025-12-26,,Alvin,Ratemo,Female,1979-08-02,2016-01-01,Store Operations,Cashier,48663,STOR-0142,Day
EMP-000567,2016-01-01,,Shadrack,Dida,Female,1980-11-07,2016-01-01,Store Operations,Cashier,49723,STOR-0142,Day
EMP-000568,2019-02-26,,Fatuma,Mokaya,Male,2007-07-28,2019-02-26,Store Operations,Supervisor,63482,STOR-0142,Day
EMP-000569,2018-09-07,2023-12-11,Ann,Karanja,Male,1984-05-02,2018-09-07,Store Operations,Cashier,40864,STOR-0143,Night
EMP-000569,2023-12-11,,Ann,Karanja,Male,1984-05-02,2018-09-07,Store Operations,Cashier,46840,STOR-0143,Night
EMP-000570,2016-12-16,2022-05-07,Stacy,Kihara,Female,1979-03-17,2016-12-16,Store Operations,Cashier,40416,STOR-0143,Day
EMP-000570,2022-05-07,,Stacy,Kihara,Female,1979-03-17,2016-12-16,Store Operations,Cashier,45815,STOR-0143,Day
EMP-000571,2025-03-03,,Emmanuel,Salim,Male,1986-06-09,2025-03-03,Store Operations,Cashier,47771,STOR-0143,Day
EMP-000572,2018-11-08,,Cecilia,Ngugi,Male,1984-02-01,2018-11-08,Store Operations,Supervisor,74966,STOR-0143,Day
EMP-000573,2018-08-02,,Jebet,Wario,Female,1980-05-13,2018-08-02,Store Operations,Cashier,36635,STOR-0144,Day
EMP-000574,2021-11-11,2023-10-30,Brian,Bulle,Female,1965-12-23,2021-11-11,Store Operations,Cashier,41979,STOR-0144,Day
EMP-000574,2023-10-30,,Brian,Bulle,Female,1965-12-23,2021-11-11,Store Operations,Cashier,46999,STOR-0144,Day
EMP-000575,2016-01-01,2020-02-18,Anna,Nduta,Male,1993-03-14,2016-01-01,Store Operations,Cashier,37793,STOR-0144,Night
EMP-000575,2023-13-45,2023-13-45,Anna,Nduta,Male,2023-13-45,2023-13-45,Store Operations,Cashier,41228,STOR-0144,Night
EMP-000575,2022-05-05,,Anna,Nduta,Male,1993-03-14,2016-01-01,Store Operations,Cashier,44003,STOR-0144,Night
EMP-000576,2016-01-01,2021-02-10,Charity,Macharia,Female,1998-11-05,2016-01-01,Store Operations,Supervisor,71230,STOR-0144,Day
EMP-000576,2021-02-10,2022-10-09,Charity,Macharia,Female,1998-11-05,2016-01-01,Store Operations,Supervisor,78265,STOR-0144,Day
EMP-000576,2022-10-09,,Charity,Macharia,Female,1998-11-05,2016-01-01,Store Operations,Supervisor,86876,STOR-0144,Day
EMP-000577,2024-05-27,,Mohamed,Kirwa,Female,1976-11-18,2024-05-27,Store Operations,Cashier,41319,STOR-0145,Night
EMP-000578,2016-01-01,,Amos,Guyo,Male,1996-09-26,2016-01-01,Store Operations,Cashier,46901,STOR-0145,Day
EMP-000579,2016-01-01,2023-07-11,Felix,Adan,Male,1967-06-02,2016-01-01,Store Operations,Cashier,42908,STOR-0145,Night
EMP-000579,2023-07-11,2024-09-19,Felix,Adan,Male,1967-06-02,2016-01-01,Store Operations,Cashier,47410,STOR-0145,Night
EMP-000579,2024-09-19,,Felix,Adan,Male,1967-06-02,2016-01-01,Store Operations,Cashier,53168,STOR-0145,Night
EMP-000580,2016-01-01,,Joyce,Kamau,Female,1969-12-14,2016-01-01,Store Operations,Supervisor,83831,STOR-0145,Day
EMP-000581,2025-08-04,,John,Kipngetich,Male,1971-05-07,2025-08-04,Store Operations,Cashier,49542,STOR-0146,Night
EMP-000582,2018-11-11,,Kibet,Mwero,Male,1992-12-20,2018-11-11,Store Operations,Cashier,35202,STOR-0146,Day
EMP-000583,2016-01-01,,Wesley,Achieng,Female,1980-02-23,2016-01-01,Store Operations,Cashier,46905,STOR-0146,Day
EMP-000584,2016-01-01,2020-06-10,Hillary,Wambugu,Female,1966-09-08,2016-01-01,Store Operations,Supervisor,61788,STOR-0146,Day
EMP-000584,2020-06-10,,Hillary,Wambugu,Female,1966-09-08,2016-01-01,Store Operations,Supervisor,71626,STOR-0146,Day
EMP-000585,2025-03-03,2025-10-02,Peterson,Waithaka,Female,1963-02-20,2025-03-03,Store Operations,Cashier,47311,STOR-0147,Night
EMP-000585,2025-10-02,,Peterson,Waithaka,Female,1963-02-20,2025-03-03,Store Operations,Cashier,51000,STOR-0147,Night
EMP-000586,2016-01-01,,Njuguna,Nzuki,Female,1963-01-27,2016-01-01,Store Operations,Cashier,44019,STOR-0147,Night
EMP-000587,2016-01-01,2019-08-30,Felista,Ngugi,Male,1994-04-23,2016-01-01,Store Operations,Cashier,48127,STOR-0147,Night
EMP-000587,2019-08-30,2022-08-13,Felista,Ngugi,Male,1994-04-23,2016-01-01,Store Operations,,55128,STOR-0147,Night
EMP-000587,2022-08-13,,Felista,Ngugi,Male,1994-04-23,2016-01-01,Store Operations,Cashier,61952,STOR-0147,Night
EMP-000588,2020-02-16,,Marion,Otieno,Female,1999-04-01,2020-02-16,Store Operations,Supervisor,84419,STOR-0147,Day
EMP-000589,2022-07-02,,Mary,Mawia,Male,1983-05-26,2022-07-02,Store Operations,Cashier,44128,STOR-0148,Day
EMP-000590,2016-11-22,2025-10-15,Ochieng,Kiptui,Female,1997-07-27,2016-11-22,Store Operations,Cashier,42474,STOR-0148,Night
EMP-000590,2025-10-15,,Ochieng,Kiptui,Female,1997-07-27,2016-11-22,Store Operations,Cashier,46952,STOR-0148,Night
EMP-000591,2023-13-45,2023-13-45,Achieng,Hassan,Male,2023-13-45,2023-13-45,Store Operations,Cashier,47573,STOR-0148,Night
EMP-000592,2024-02-04,,Cyrus,Wafula,Female,1968-04-06,2024-02-04,Store Operations,Supervisor,84881,STOR-0148,Day
EMP-000593,2020-06-27,,Mark,Bosire,Male,2004-09-18,2020-06-27,Store Operations,Cashier,45381,STOR-0149,Night
EMP-000594,2016-01-01,,Benard,Akinyi,Female,1983-07-16,2016-01-01,Store Operations,Cashier,43067,STOR-0149,Day
EMP-000595,2016-01-01,2019-06-24,Joan,Wanja,Female,1973-09-29,2016-01-01,Store Operations,Cashier,38209,STOR-0149,Day
EMP-000595,2019-06-24,2025-03-02,Joan,Wanja,Female,1973-09-29,2016-01-01,Store Operations,Cashier,42456,STOR-0149,Day
EMP-000595,2025-03-02,,Joan,Wanja,Female,1973-09-29,2016-01-01,Store Operations,Cashier,46360,STOR-0149,Day
EMP-000596,2024-04-23,2025-11-24,Veronica,Bare,Male,1989-09-14,2024-04-23,Store Operations,Supervisor,71073,STOR-0149,Day
EMP-000596,2025-11-24,,Veronica,Bare,Male,1989-09-14,2024-04-23,Store Operations,Supervisor,78871,STOR-0149,Day
EMP-000597,2016-01-01,,Gideon,Kipkoech,Male,1967-02-02,2016-01-01,Store Operations,Cashier,45788,,Day
EMP-000598,2016-01-01,,George,Abdi,Male,1982-08-15,2016-01-01,Store Operations,Cashier,48743,STOR-0150,Night
EMP-000599,2016-01-01,2020-07-01,Mourine,Otieno,Male,1986-09-13,2016-01-01,Store Operations,Cashier,37103,STOR-0150,Day
EMP-000599,2023-13-45,2023-13-45,Mourine,Otieno,Male,2023-13-45,2023-13-45,Store Operations,Cashier,40278,STOR-0150,Day
EMP-000599,2024-10-15,,Mourine,Otieno,Male,1986-09-13,2016-01-01,Store Operations,Cashier,45344,STOR-0150,Day
EMP-000600,2023-10-23,2025-07-16,Brenda,Ombui,Female,1981-02-22,2023-10-23,Store Operations,,84981,STOR-0150,Day
EMP-000600,2025-07-16,2026-01-25,Brenda,Ombui,Female,1981-02-22,2023-10-23,Store Operations,Supervisor,91926,STOR-0150,Day
EMP-000600,2026-01-25,,Brenda,Ombui,Female,1981-02-22,2023-10-23,Store Operations,Supervisor,100560,STOR-0150,Day
EMP-000601,2019-08-26,,John,Mwangangi,Female,2007-09-28,2019-08-26,Store Operations,Cashier,37185,STOR-0020-DUP,Day
EMP-000602,2020-12-24,2024-01-31,Martin,Farah,Female,1992-04-08,2020-12-24,Store Operations,Cashier,44069,STOR-0020-DUP,Day
EMP-000602,2024-01-31,2024-11-30,Martin,Farah,Female,1992-04-08,2020-12-24,Store Operations,Cashier,46475,STOR-0020-DUP,Day
EMP-000602,2024-11-30,,Martin,Farah,Female,1992-04-08,2020-12-24,Store Operations,Cashier,48988,STOR-0020-DUP,Day
EMP-000603,2016-01-01,,Hamisi,Mwaniki,Female,2008-06-23,2016-01-01,Store Operations,Cashier,37913,,Night
EMP-000604,2025-10-19,,Alice,Wesonga,Female,2004-01-24,2025-10-19,Store Operations,Supervisor,81861,STOR-0020-DUP,Day
EMP-000605,2023-01-17,2024-06-23,Beth,Koech,Female,2002-06-04,2023-01-17,Store Operations,Cashier,36744,STOR-0038-DUP,Day
EMP-000605,2024-06-23,,Beth,Koech,Female,2002-06-04,2023-01-17,Store Operations,Cashier,41724,STOR-0038-DUP,Day
EMP-000606,2016-05-25,,Ali,Hassan,Male,1971-01-09,2016-05-25,Store Operations,Cashier,47870,STOR-0038-DUP,Day
EMP-000607,2016-01-01,2023-07-26,Albert,Wabomba,Female,1986-01-09,2016-01-01,Store Operations,Cashier,47850,STOR-0038-DUP,Night
EMP-000607,2023-07-26,,Albert,Wabomba,Female,1986-01-09,2016-01-01,Store Operations,Cashier,53609,STOR-0038-DUP,Night
EMP-000608,2024-02-20,,Margaret,Ogega,Female,1997-03-06,2024-02-20,Store Operations,Supervisor,82135,STOR-0038-DUP,Day
EMP-000609,2022-04-17,,Sheila,Nabwire,Male,1977-06-09,2022-04-17,Store Operations,Store Manager,108850,,Day
EMP-000610,2022-07-14,,Lucy,Musa,Male,1966-03-03,2022-07-14,Store Operations,Store Manager,110490,,Day
EMP-000611,2016-01-01,,Calvin,Issack,Male,1985-03-21,2016-01-01,Store Operations,Store Manager,103309,,Day
EMP-000612,2017-11-23,,Daniel,Kipchumba,Female,1964-10-20,2017-11-23,Store Operations,Store Manager,114100,,Day
EMP-000613,2016-05-15,,Linet,Kobia,Male,1974-05-10,2016-05-15,Store Operations,Store Manager,101627,,Day
EMP-000614,2016-01-01,2025-05-06,Zakayo,Wambui,Male,1982-12-05,2016-01-01,Store Operations,Store Manager,123675,,Day
EMP-000614,2025-05-06,,Zakayo,Wambui,Male,1982-12-05,2016-01-01,Store Operations,Store Manager,144839,,Day
EMP-000615,2018-09-09,2023-05-04,Frankline,Too,Female,2000-04-13,2018-09-09,Store Operations,Store Manager,98524,,Day
EMP-000615,2023-05-04,2024-03-20,Frankline,Too,Female,2000-04-13,2018-09-09,Store Operations,Store Manager,109822,,Day
EMP-000615,2024-03-20,,Frankline,Too,Female,2000-04-13,2018-09-09,Store Operations,Store Manager,128902,,Day
EMP-000616,2020-08-23,2024-12-28,Rael,Kemboi,Male,1964-05-20,2020-08-23,Store Operations,Store Manager,100145,,Day
EMP-000616,2024-12-28,2025-08-16,Rael,Kemboi,Male,1964-05-20,2020-08-23,Store Operations,Store Manager,117271,,Day
EMP-000616,2025-08-16,,Rael,Kemboi,Male,1964-05-20,2020-08-23,Store Operations,Store Manager,132044,,Day
EMP-000617,2019-08-26,,Aden,Nyaga,Male,1964-07-12,2019-08-26,Store Operations,Store Manager,127530,,Day
EMP-000618,2020-09-08,,Jimmy,Musau,Male,1981-07-27,2020-09-08,Store Operations,Store Manager,102050,,Day
EMP-000619,2023-09-18,2025-10-16,Eunice,Ngugi,Male,1960-10-20,2023-09-18,Store Operations,,116438,,Day
EMP-000619,2025-10-16,,Eunice,Ngugi,Male,1960-10-20,2023-09-18,Store Operations,Store Manager,135659,,Day
EMP-000620,2020-06-12,2023-11-14,Ali,Maina,Male,1989-06-07,2020-06-12,Store Operations,Store Manager,109239,,Day
EMP-000620,2023-11-14,2025-11-07,Ali,Maina,Male,1989-06-07,2020-06-12,Store Operations,Store Manager,126692,,Day
EMP-000620,2025-11-07,,Ali,Maina,Male,1989-06-07,2020-06-12,Store Operations,Store Manager,151064,,Day
EMP-000621,2016-01-01,2024-07-10,James,Gachanja,Male,1965-04-18,2016-01-01,Store Operations,Store Manager,119207,,Day
EMP-000621,2024-07-10,,James,Gachanja,Male,1965-04-18,2016-01-01,Store Operations,Store Manager,142483,,Day
EMP-000622,2020-07-26,,Peter,Akoth,Male,1969-10-25,2020-07-26,Store Operations,Store Manager,97430,,Day
EMP-000623,2016-01-01,,Irene,Gure,Female,2004-07-20,2016-01-01,Store Operations,Store Manager,114573,,Day
EMP-000624,2025-01-10,,Prisca,Chelangat,Female,1986-08-17,2025-01-10,Store Operations,Store Manager,102616,,Day
EMP-000625,2016-01-01,,Wycliffe,Lumumba,Male,1986-04-15,2016-01-01,Store Operations,Store Manager,125256,,Day
EMP-000626,2016-11-21,,Ouma,Odero,Male,2005-08-19,2016-11-21,Store Operations,Store Manager,103970,,Day
EMP-000627,2016-01-01,,Monicah,Hassan,Female,1984-04-06,2016-01-01,Store Operations,Store Manager,118523,,Day
EMP-000628,2016-01-01,2025-06-28,Dennis,Nzisa,Male,1987-05-07,2016-01-01,Store Operations,Store Manager,111739,,Day
EMP-000628,2025-06-28,,Dennis,Nzisa,Male,1987-05-07,2016-01-01,Store Operations,Store Manager,123672,,Day
EMP-000629,2016-01-01,,Paul,Okongo,Male,1960-11-01,2016-01-01,Store Operations,Store Manager,94616,,Day
EMP-000630,2018-07-13,,Brenda,Ngaruiya,Male,1992-02-09,2018-07-13,Store Operations,Store Manager,119564,,Day
EMP-000631,2020-01-13,,Grace,Kuria,Female,1996-10-18,2020-01-13,Store Operations,Store Manager,97753,,Day
EMP-000632,2016-01-01,,Clinton,Hussein,Male,1991-12-11,2016-01-01,Store Operations,Store Manager,94757,,Day
EMP-000633,2019-11-10,2020-08-16,Henry,Wanjala,Male,1968-04-11,2019-11-10,Store Operations,Store Manager,129751,,Day
EMP-000633,2020-08-16,2024-09-06,Henry,Wanjala,Male,1968-04-11,2019-11-10,Store Operations,,150017,,Day
EMP-000633,2024-09-06,,Henry,Wanjala,Male,1968-04-11,2019-11-10,Store Operations,Store Manager,179102,,Day
EMP-000634,2022-11-01,2024-05-07,Faith,Obara,Female,1961-08-30,2022-11-01,Store Operations,Store Manager,121063,,Day
EMP-000634,2024-05-07,,Faith,Obara,Female,1961-08-30,2022-11-01,Store Operations,Store Manager,142305,,Day
EMP-000635,2022-09-10,2025-01-30,Kennedy,Kamau,Male,1962-11-19,2022-09-10,Store Operations,Store Manager,99442,,Day
EMP-000635,2025-01-30,2025-11-22,Kennedy,Kamau,Male,1962-11-19,2022-09-10,Store Operations,Store Manager,122161,,Day
EMP-000635,2025-11-22,,Kennedy,Kamau,Male,1962-11-19,2022-09-10,Store Operations,Store Manager,146447,,Day
EMP-000636,2016-01-01,,Grace,Wanza,Male,1977-04-02,2016-01-01,Store Operations,Store Manager,90329,,Day
EMP-000637,2016-01-01,2025-09-03,Beatrice,Kipkoech,Female,1976-07-18,2016-01-01,Store Operations,Store Manager,112534,,Day
EMP-000637,2025-09-03,,Beatrice,Kipkoech,Female,1976-07-18,2016-01-01,Store Operations,Store Manager,126537,,Day
EMP-000638,2016-01-01,2018-11-16,Ali,Thomas,Male,1964-06-09,2016-01-01,Store Operations,Store Manager,106563,,Day
EMP-000638,2018-11-16,,Ali,Thomas,Male,1964-06-09,2016-01-01,Store Operations,Store Manager,118347,,Day
EMP-000639,2024-11-18,2025-09-17,Justine,Wairimu,Male,1999-10-21,2024-11-18,Store Operations,Store Manager,94793,,Day
EMP-000639,2025-09-17,,Justine,Wairimu,Male,1999-10-21,2024-11-18,Store Operations,Store Manager,113406,,Day
EMP-000640,2016-01-01,,Kipkurui,Nzomo,Female,1982-06-03,2016-01-01,Store Operations,Store Manager,128049,,Day
EMP-000641,2021-03-22,2023-08-05,Martin,Muthuri,Female,2005-07-11,2021-03-22,Store Operations,Store Manager,105370,,Day
EMP-000641,2023-08-05,,Martin,Muthuri,Female,2005-07-11,2021-03-22,Store Operations,Store Manager,116326,,Day
EMP-000642,2020-08-15,,Mutuku,Wanjala,Male,1998-06-26,2020-08-15,Store Operations,Store Manager,111518,,Day
EMP-000643,2016-01-01,,Moreen,Kadenge,Female,1972-07-07,2016-01-01,Store Operations,,113887,,Day
EMP-000644,2016-01-01,,Mercy,Mwaura,Female,1994-04-29,2016-01-01,Store Operations,Store Manager,106133,,Day
EMP-000645,2018-06-05,,Brian,Owino,Female,2004-05-17,2018-06-05,Store Operations,Store Manager,111729,,Day
EMP-000646,2024-06-25,,Grace,Salat,Female,1982-04-16,2024-06-25,Store Operations,Store Manager,110019,,Day
EMP-000647,2016-01-01,,Nancy,Mburu,Male,1981-01-02,2016-01-01,Store Operations,Store Manager,95372,,Day
EMP-000648,2016-05-24,,Ouma,Cheruto,Male,1992-10-27,2016-05-24,Store Operations,Store Manager,95011,,Day
EMP-000649,2016-01-01,,Amos,Kimani,Male,1970-06-03,2016-01-01,Store Operations,Store Manager,116550,,Day
EMP-000650,2016-01-01,,Maureen,Maundu,Male,1998-11-14,2016-01-01,Store Operations,Store Manager,125616,,Day
EMP-000651,2016-01-01,,Mutuku,Kioko,Female,1996-08-31,2016-01-01,Store Operations,Store Manager,104634,,Day
EMP-000652,2016-01-01,2022-02-10,Victor,Abdullahi,Female,1974-06-08,2016-01-01,Store Operations,Store Manager,123450,,Day
EMP-000652,2022-02-10,2025-05-09,Victor,Abdullahi,Female,1974-06-08,2016-01-01,Store Operations,Store Manager,146642,,Day
EMP-000652,2025-05-09,,Victor,Abdullahi,Female,1974-06-08,2016-01-01,Store Operations,Store Manager,181987,,Day
EMP-000653,2017-10-22,,Daniel,Cherono,Male,1985-11-07,2017-10-22,Store Operations,Store Manager,100868,,Day
EMP-000654,2024-03-06,,Kelvin,Aoko,Male,1973-07-24,2024-03-06,Store Operations,Store Manager,127116,,Day
EMP-000655,2025-06-02,,David,Kiptoo,Male,2001-10-07,2025-06-02,Store Operations,Store Manager,104340,,Day
EMP-000656,2016-01-01,2025-12-31,Mary,Yator,Male,1973-05-27,2016-01-01,Store Operations,Store Manager,105336,,Day
EMP-000656,2025-12-31,,Mary,Yator,Male,1973-05-27,2016-01-01,Store Operations,Store Manager,124962,,Day
EMP-000657,2022-08-15,2024-05-26,Ali,Muthoni,Female,1983-04-04,2022-08-15,Store Operations,Store Manager,93043,,Day
EMP-000657,2024-05-26,2024-12-03,Ali,Muthoni,Female,1983-04-04,2022-08-15,Store Operations,Store Manager,107764,,Day
EMP-000657,2024-12-03,,Ali,Muthoni,Female,1983-04-04,2022-08-15,Store Operations,Store Manager,128938,,Day
EMP-000658,2018-12-09,,Isaac,Akinyi,Male,1968-07-31,2018-12-09,Store Operations,Store Manager,127921,,Day
EMP-000659,2022-11-13,,Cynthia,Cheruto,Male,1977-02-08,2022-11-13,Store Operations,Store Manager,113940,,Day
EMP-000660,2018-07-08,,Nancy,Kipyegon,Male,1987-08-04,2018-07-08,Store Operations,Store Manager,123840,,Day
EMP-000661,2025-08-20,,Khadija,Wainaina,Female,1979-11-11,2025-08-20,Store Operations,Store Manager,90432,,Day
EMP-000662,2024-03-08,,Enock,Katana,Male,1985-01-17,2024-03-08,Store Operations,Store Manager,95052,,Day
EMP-000663,2016-03-06,,Thomas,Nyongesa,Female,1994-06-09,2016-03-06,Store Operations,Store Manager,100312,,Day
EMP-000664,2017-07-26,,Wanyonyi,Wanjira,Male,1992-07-19,2017-07-26,Store Operations,Store Manager,111641,,Day
EMP-000665,2025-08-07,,Naomi,Anyango,Female,1974-06-03,2025-08-07,Store Operations,Store Manager,128718,,Day
EMP-000666,2017-01-05,,Omar,Mwende,Male,1998-11-17,2017-01-05,Store Operations,Store Manager,127584,,Day
EMP-000667,2016-01-01,2020-12-05,Rebecca,Kigen,Male,1961-09-14,2016-01-01,Store Operations,Store Manager,93664,,Day
EMP-000667,2020-12-05,,Rebecca,Kigen,Male,1961-09-14,2016-01-01,Store Operations,Store Manager,109468,,Day
EMP-000668,2016-01-01,,Nicodemus,Ndegwa,Female,1989-01-05,2016-01-01,Store Operations,Store Manager,108576,,Day
EMP-000669,2024-10-16,2025-09-08,Philip,Wafula,Male,1976-04-02,2024-10-16,Store Operations,Store Manager,121566,,Day
EMP-000669,2025-09-08,,Philip,Wafula,Male,1976-04-02,2024-10-16,Store Operations,Store Manager,143671,,Day
EMP-000670,2016-01-01,2022-03-27,Kipkirui,Abdullahi,Male,1998-01-26,2016-01-01,Store Operations,Store Manager,123476,,Day
EMP-000670,2022-03-27,2023-10-27,Kipkirui,Abdullahi,Male,1998-01-26,2016-01-01,Store Operations,Store Manager,153260,,Day
EMP-000670,2023-10-27,,Kipkirui,Abdullahi,Male,1998-01-26,2016-01-01,Store Operations,Store Manager,177462,,Day
EMP-000671,2016-01-01,2024-11-02,Irene,Osman,Female,2004-04-07,2016-01-01,Store Operations,Store Manager,115261,,Day
EMP-000671,2024-11-02,,Irene,Osman,Female,2004-04-07,2016-01-01,Store Operations,Store Manager,143405,,Day
EMP-000672,2023-03-20,2024-06-04,Johnson,Kathambi,Male,1984-07-25,2023-03-20,Store Operations,Store Manager,96311,,Day
EMP-000672,2024-06-04,,Johnson,Kathambi,Male,1984-07-25,2023-03-20,Store Operations,Store Manager,119021,,Day
EMP-000673,2016-01-01,,Moses,Mutisya,Male,1973-02-14,2016-01-01,Store Operations,Store Manager,98541,,Day
EMP-000674,2023-09-14,,Margret,Momanyi,Male,2004-04-10,2023-09-14,Store Operations,Store Manager,114273,,Day
EMP-000675,2017-08-26,,Teresiah,Chepngetich,Female,1965-08-28,2017-08-26,Store Operations,Store Manager,114984,,Day
EMP-000676,2023-03-09,,Nyaboke,Farah,Male,1961-01-12,2023-03-09,Store Operations,Store Manager,121269,,Day
EMP-000677,2019-10-18,2020-11-12,Justus,Jerono,Male,1976-05-07,2019-10-18,Store Operations,Store Manager,116781,,Day
EMP-000677,2020-11-12,,Justus,Jerono,Male,1976-05-07,2019-10-18,Store Operations,Store Manager,131888,,Day
EMP-000678,2016-01-01,,Ann,Otieno,Male,1995-01-06,2016-01-01,Store Operations,Store Manager,114577,,Day
EMP-000679,2023-06-04,,Jared,Odhiambo,Female,2003-12-30,2023-06-04,Store Operations,Store Manager,100143,,Day
EMP-000680,2018-09-14,,Jane,Kerubo,Female,1993-06-25,2018-09-14,Store Operations,Store Manager,127006,,Day
EMP-000681,2022-04-14,,Elizabeth,Otieno,Female,1996-10-25,2022-04-14,Store Operations,Store Manager,126182,,Day
EMP-000682,2016-01-01,,Njagi,Otieno,Female,1996-08-16,2016-01-01,Store Operations,Store Manager,126366,,Day
EMP-000683,2021-12-13,,Eunice,Kimathi,Female,1980-02-09,2021-12-13,Store Operations,Store Manager,99048,,Day
EMP-000684,2023-13-45,2023-13-45,Joseph,Mugure,Male,2023-13-45,2023-13-45,Store Operations,Store Manager,100603,,Day
EMP-000684,2021-10-21,2025-09-22,Joseph,Mugure,Male,2006-06-20,2017-08-26,Store Operations,Store Manager,111709,,Day
EMP-000684,2025-09-22,,Joseph,Mugure,Male,2006-06-20,2017-08-26,Store Operations,Store Manager,124568,,Day
EMP-000685,2016-01-01,,Milka,Kariuki,Female,1967-02-25,2016-01-01,Store Operations,Store Manager,90346,,Day
EMP-000686,2025-10-14,,Hosea,Mutua,Male,2002-10-10,2025-10-14,Store Operations,Store Manager,95776,,Day
EMP-000687,2016-01-01,,Kipruto,Odoyo,Female,1978-10-16,2016-01-01,Store Operations,Store Manager,115187,,Day
EMP-000688,2019-12-20,,Janet,Ochieng,Female,1988-03-24,2019-12-20,Store Operations,Store Manager,93765,,Day
EMP-000689,2025-08-01,,Wangari,Abdullahi,Male,2008-01-17,2025-08-01,Store Operations,Store Manager,103219,,Day
EMP-000690,2016-01-26,,Felix,Abdirahman,Female,1966-01-31,2016-01-26,Store Operations,Store Manager,129289,,Day
EMP-000691,2016-01-01,2018-01-30,Esther,Adow,Male,1962-10-03,2016-01-01,Store Operations,Store Manager,113575,,Day
EMP-000691,2018-01-30,,Esther,Adow,Male,1962-10-03,2016-01-01,Store Operations,Store Manager,125242,,Day
EMP-000692,2016-01-01,,Boniface,Kiptoo,Male,1992-12-28,2016-01-01,Store Operations,Store Manager,116177,,Day
EMP-000693,2022-10-07,2023-08-11,David,Otieno,Female,1972-04-05,2022-10-07,Store Operations,Store Manager,123930,,Day
EMP-000693,2023-08-11,,David,Otieno,Female,1972-04-05,2022-10-07,Store Operations,Store Manager,138078,,Day
EMP-000694,2019-12-27,,Kiplagat,Gitau,Male,1983-02-21,2019-12-27,Store Operations,Store Manager,126642,,Day
EMP-000695,2021-05-08,,Keith,Adow,Female,1967-02-02,2021-05-08,Store Operations,Store Manager,129738,,Day
EMP-000696,2022-10-01,2024-02-21,Rachael,Kimaru,Female,1976-03-26,2022-10-01,Store Operations,Store Manager,107111,,Day
EMP-000696,2024-02-21,,Rachael,Kimaru,Female,1976-03-26,2022-10-01,Store Operations,Store Manager,128795,,Day
EMP-000697,2019-06-04,,Patricia,Kipsang,Male,1999-03-03,2019-06-04,Store Operations,Store Manager,123638,,Day
EMP-000698,2024-07-19,,Waweru,Mwangi,Female,1965-08-28,2024-07-19,Store Operations,Store Manager,121695,,Day
EMP-000699,2024-11-15,,Lucy,Barasa,Female,1997-07-21,2024-11-15,Store Operations,Store Manager,128458,,Day
EMP-000700,2016-01-01,,Gedion,Mohamed,Female,1981-12-31,2016-01-01,Store Operations,Store Manager,115078,,Day
EMP-000701,2017-06-14,,Joseph,Muthoni,Male,1970-05-30,2017-06-14,Store Operations,Store Manager,113140,,Day
EMP-000702,2018-04-10,,Catherine,Naliaka,Male,1987-09-14,2018-04-10,Store Operations,Store Manager,96095,,Day
EMP-000703,2016-01-01,,Naomy,Ibrahim,Female,1998-12-23,2016-01-01,Store Operations,Store Manager,121231,,Day
EMP-000704,2018-03-24,,Amos,Kinoti,Male,1987-01-30,2018-03-24,Store Operations,Store Manager,102462,,Day
EMP-000705,2017-12-08,2024-11-08,Ruth,Momanyi,Male,1986-09-20,2017-12-08,Store Operations,Store Manager,107393,,Day
EMP-000705,2024-11-08,,Ruth,Momanyi,Male,1986-09-20,2017-12-08,Store Operations,Store Manager,119279,,Day
EMP-000706,2021-03-25,2022-05-22,Beatrice,Muendo,Male,2007-07-04,2021-03-25,Store Operations,Store Manager,96991,,Day
EMP-000706,2022-05-22,,Beatrice,Muendo,Male,2007-07-04,2021-03-25,Store Operations,Store Manager,111330,,Day
EMP-000707,2016-01-01,,Kipkorir,Vaati,Female,1964-04-02,2016-01-01,Store Operations,Store Manager,121607,,Day
EMP-000708,2025-10-28,,Kelvin,Adan,Female,1965-10-09,2025-10-28,Store Operations,Store Manager,-108004,,Day
EMP-000709,2022-04-25,2024-06-29,Wafula,Muthoka,Female,2001-02-16,2022-04-25,Store Operations,Store Manager,127792,,Day
EMP-000709,2024-06-29,2025-09-05,Wafula,Muthoka,Female,2001-02-16,2022-04-25,Store Operations,Store Manager,156766,,Day
EMP-000709,2025-09-05,,Wafula,Muthoka,Female,2001-02-16,2022-04-25,Store Operations,Store Manager,172989,,Day
EMP-000710,2016-01-01,,Peter,Macharia,Female,1991-04-05,2016-01-01,Store Operations,Store Manager,115802,,Day
EMP-000711,2024-02-23,,Mburu,Musyoka,Male,1986-02-23,2024-02-23,Store Operations,Store Manager,123961,,Day
EMP-000712,2016-01-01,,Dancan,Were,Male,2005-07-23,2016-01-01,Store Operations,Store Manager,114866,,Day
EMP-000713,2021-10-28,2025-09-16,Enock,Waswa,Female,1980-09-12,2021-10-28,Store Operations,Store Manager,107019,,Day
EMP-000713,2025-09-16,,Enock,Waswa,Female,1980-09-12,2021-10-28,Store Operations,Store Manager,130795,,Day
EMP-000714,2018-08-20,,Denis,Ochieng,Male,1978-11-01,2018-08-20,Store Operations,Store Manager,112485,,Day
EMP-000715,2023-04-14,,Michael,Okeyo,Female,2003-09-26,2023-04-14,Store Operations,Store Manager,114399,,Day
EMP-000716,2018-08-06,2019-12-30,Michael,Waweru,Female,1985-02-22,2018-08-06,Store Operations,Store Manager,127447,,Day
EMP-000716,2019-12-30,,Michael,Waweru,Female,1985-02-22,2018-08-06,Store Operations,Store Manager,145579,,Day
EMP-000717,2018-04-18,,Stephen,Terer,Male,1990-11-11,2018-04-18,Store Operations,Store Manager,118325,,Day
EMP-000718,2016-01-01,,Njoroge,Simiyu,Male,1969-08-13,2016-01-01,Store Operations,Store Manager,120997,,Day
EMP-000719,2023-08-05,,Stephen,Muriithi,Male,1998-07-02,2023-08-05,Store Operations,Store Manager,123882,,Day
EMP-000720,2025-05-09,,Johnstone,Mburu,Female,1962-05-21,2025-05-09,Store Operations,Store Manager,126840,,Day
EMP-000721,2022-02-23,2025-03-08,Stephen,Muchiri,Male,2001-03-21,2022-02-23,Store Operations,Store Manager,100704,,Day
EMP-000721,2025-03-08,2025-11-05,Stephen,Muchiri,Male,2001-03-21,2022-02-23,Store Operations,Store Manager,112559,,Day
EMP-000721,2025-11-05,,Stephen,Muchiri,Male,2001-03-21,2022-02-23,Store Operations,Store Manager,135578,,Day
EMP-000722,2016-01-01,2023-02-02,Rebecca,Otieno,Female,1988-10-04,2016-01-01,Store Operations,Store Manager,111932,,Day
EMP-000722,2023-02-02,2023-12-10,Rebecca,Otieno,Female,1988-10-04,2016-01-01,Store Operations,Store Manager,133685,,Day
EMP-000722,2023-12-10,,Rebecca,Otieno,Female,1988-10-04,2016-01-01,Store Operations,Store Manager,164649,,Day
EMP-000723,2021-01-14,,Eunice,Sheikh,Female,1977-02-12,2021-01-14,Store Operations,Store Manager,97945,,Day
EMP-000724,2016-01-01,,Njiru,Njoroge,Male,1986-07-05,2016-01-01,Store Operations,Store Manager,111305,,Day
EMP-000725,2024-02-13,,Vincent,Simiyu,Female,1978-11-12,2024-02-13,Store Operations,Store Manager,108777,,Day
EMP-000726,2016-01-01,,Musyoki,Maina,Male,1990-03-06,2016-01-01,Store Operations,Store Manager,112111,,Day
EMP-000727,2016-01-01,2022-08-20,Odhiambo,Ibrahim,Female,1965-10-31,2016-01-01,Store Operations,Store Manager,112519,,Day
EMP-000727,2022-08-20,2024-03-13,Odhiambo,Ibrahim,Female,1965-10-31,2016-01-01,Store Operations,Store Manager,136177,,Day
EMP-000727,2024-03-13,,Odhiambo,Ibrahim,Female,1965-10-31,2016-01-01,Store Operations,Store Manager,166207,,Day
EMP-000728,2018-10-21,2024-05-06,Rukia,Chelimo,Female,1994-05-04,2018-10-21,Store Operations,,115916,,Day
EMP-000728,2024-05-06,2025-04-02,Rukia,Chelimo,Female,1994-05-04,2018-10-21,Store Operations,Store Manager,132411,,Day
EMP-000728,2025-04-02,,Rukia,Chelimo,Female,1994-05-04,2018-10-21,Store Operations,Store Manager,149176,,Day
EMP-000729,2024-07-06,,Rodgers,Abdi,Female,1961-01-22,2024-07-06,Store Operations,Store Manager,102051,,Day
EMP-000730,2017-11-09,2021-07-31,Moreen,Langat,Male,2002-10-20,2017-11-09,Store Operations,Store Manager,95247,,Day
EMP-000730,2021-07-31,2025-06-29,Moreen,Langat,Male,2002-10-20,2017-11-09,Store Operations,Store Manager,115495,,Day
EMP-000730,2025-06-29,,Moreen,Langat,Male,2002-10-20,2017-11-09,Store Operations,Store Manager,141022,,Day
EMP-000731,2016-01-01,2018-10-22,Atieno,Irungu,Male,1989-11-26,2016-01-01,Store Operations,Store Manager,125942,,Day
EMP-000731,2018-10-22,2021-11-08,Atieno,Irungu,Male,1989-11-26,2016-01-01,Store Operations,Store Manager,157248,,Day
EMP-000731,2021-11-08,,Atieno,Irungu,Male,1989-11-26,2016-01-01,Store Operations,Store Manager,182705,,Day
EMP-000732,2016-01-01,2024-08-22,Bonface,Mwadime,Male,1974-04-08,2016-01-01,Store Operations,Store Manager,100176,,Day
EMP-000732,2024-08-22,2025-06-20,Bonface,Mwadime,Male,1974-04-08,2016-01-01,Store Operations,Store Manager,115783,,Day
EMP-000732,2025-06-20,,Bonface,Mwadime,Male,1974-04-08,2016-01-01,Store Operations,Store Manager,140845,,Day
EMP-000733,2017-04-24,,Simon,Kiprotich,Female,1982-04-26,2017-04-24,Store Operations,Store Manager,108623,,Day
EMP-000734,2016-01-01,2020-08-13,William,Gathoni,Male,1994-01-05,2016-01-01,Store Operations,Store Manager,101180,,Day
EMP-000734,2020-08-13,2023-11-18,William,Gathoni,Male,1994-01-05,2016-01-01,Store Operations,Store Manager,116470,,Day
EMP-000734,2023-11-18,,William,Gathoni,Male,1994-01-05,2016-01-01,Store Operations,Store Manager,144377,,Day
EMP-000735,2025-08-28,,Ouma,Ombati,Female,1987-05-04,2025-08-28,Store Operations,Store Manager,125427,,Day
EMP-000736,2016-01-01,,Ismail,Issa,Female,1974-03-13,2016-01-01,Store Operations,Store Manager,101602,,Day
EMP-000737,2023-09-21,,Masika,Mutisya,Female,2006-12-28,2023-09-21,Store Operations,Store Manager,124982,,Day
EMP-000738,2025-09-08,,Alice,Mohamed,Female,1992-01-05,2025-09-08,Store Operations,Store Manager,95869,,Day
EMP-000739,2023-05-05,2024-02-16,Moureen,Muthoni,Female,1980-06-04,2023-05-05,Store Operations,Store Manager,109894,,Day
EMP-000739,2024-02-16,,Moureen,Muthoni,Female,1980-06-04,2023-05-05,Store Operations,Store Manager,135033,,Day
EMP-000740,2019-08-18,,Halima,Kihara,Female,1988-06-10,2019-08-18,Store Operations,Store Manager,90545,,Day
EMP-000741,2025-05-01,,Grace,Abdi,Female,1981-03-16,2025-05-01,Store Operations,Store Manager,118209,,Day
EMP-000742,2016-01-01,,Amos,Njiru,Male,1989-05-23,2016-01-01,Store Operations,Store Manager,102358,,Day
EMP-000743,2022-04-06,,Joan,Ochieng,Female,2001-04-15,2022-04-06,Store Operations,Store Manager,115540,,Day
EMP-000744,2018-02-14,,Haron,Kipkoech,Male,1995-01-27,2018-02-14,Store Operations,Store Manager,105699,,Day
EMP-000745,2019-11-24,,Beryl,Syombua,Female,1989-01-23,2019-11-24,Store Operations,Store Manager,124861,,Day
EMP-000746,2016-02-06,2025-09-22,Kimathi,Muendo,Female,1985-01-24,2016-02-06,Store Operations,Store Manager,98953,,Day
EMP-000746,2025-09-22,,Kimathi,Muendo,Female,1985-01-24,2016-02-06,Store Operations,Store Manager,115215,,Day
EMP-000747,2018-12-20,2026-01-01,Mathias,Boke,Female,1968-01-16,2018-12-20,Store Operations,Store Manager,122243,,Day
EMP-000747,2026-01-01,,Mathias,Boke,Female,1968-01-16,2018-12-20,Store Operations,Store Manager,148235,,Day
EMP-000748,2016-01-01,,Hassan,Kinuthia,Male,1971-12-02,2016-01-01,Store Operations,Store Manager,102185,,Day
EMP-000749,2018-03-23,,Esther,Mwangi,Female,2004-06-29,2018-03-23,Store Operations,Store Manager,118732,,Day
EMP-000750,2016-01-01,2023-10-25,Ruth,Kiprotich,Male,1983-03-01,2016-01-01,Store Operations,Store Manager,122347,,Day
EMP-000750,2023-10-25,2024-07-13,Ruth,Kiprotich,Male,1983-03-01,2016-01-01,Store Operations,Store Manager,148429,,Day
EMP-000750,2024-07-13,,Ruth,Kiprotich,Male,1983-03-01,2016-01-01,Store Operations,Store Manager,165567,,Day
EMP-000751,2025-06-15,,John,Njuguna,Female,1995-05-08,2025-06-15,Store Operations,Store Manager,92079,,Day
EMP-000752,2016-01-01,2020-04-02,Cynthia,Wanyama,Male,2007-05-24,2016-01-01,Store Operations,Store Manager,115717,,Day
EMP-000752,2020-04-02,2024-07-14,Cynthia,Wanyama,Male,2007-05-24,2016-01-01,Store Operations,Store Manager,142954,,Day
EMP-000752,2024-07-14,,Cynthia,Wanyama,Male,2007-05-24,2016-01-01,Store Operations,Store Manager,168083,,Day
EMP-000753,2016-05-27,,Nelson,Ndung'u,Male,2006-11-04,2016-05-27,Store Operations,Store Manager,115007,,Day
EMP-000754,2017-07-25,2018-04-07,Kimeu,John,Male,1984-01-28,2017-07-25,Store Operations,Store Manager,-119029,,Day
EMP-000754,2018-04-07,,Kimeu,John,Male,1984-01-28,2017-07-25,Store Operations,Store Manager,145687,,Day
EMP-000755,2024-12-25,,Mike,Koech,Male,1966-06-10,2024-12-25,Store Operations,Store Manager,96157,,Day
EMP-000756,2025-07-22,,Dennis,Mbiti,Male,1970-03-29,2025-07-22,Store Operations,Store Manager,110454,,Day
EMP-000757,2016-01-01,2025-05-11,Elijah,Owino,Male,1974-09-04,2016-01-01,Store Operations,Store Manager,124139,,Day
EMP-000757,2025-05-11,2025-12-23,Elijah,Owino,Male,1974-09-04,2016-01-01,Store Operations,Store Manager,142512,,Day
EMP-000757,2025-12-23,,Elijah,Owino,Male,1974-09-04,2016-01-01,Store Operations,Store Manager,175906,,Day
EMP-000758,2016-06-02,,Elijah,Kamau,Female,2008-01-06,2016-06-02,Store Operations,Store Manager,104272,,Day
EMP-000759,2023-06-01,,Owino,Maina,Male,1963-08-22,2023-06-01,Store Operations,Store Manager,100968,,Day
EMP-000760,2022-04-01,,Joy,Onyango,Male,1983-12-12,2022-04-01,Store Operations,,92752,,Day
EMP-000761,2016-01-01,,Esther,Kwamboka,Female,1971-10-14,2016-01-01,Sales,Promoter,45669,,Off
EMP-000762,2016-01-01,,Julia,Kirwa,Male,1995-09-18,2016-01-01,Warehouse,Warehouse Manager,41492,,Night
EMP-000763,2024-12-07,,Alex,Wanjiku,Female,1998-09-12,2024-12-07,Sales,Senior Sales,71945,,Night
EMP-000764,2024-09-10,,Jonathan,Ndung'u,Female,1988-02-29,2024-09-10,IT,Support,49874,,Off
EMP-000765,2018-10-28,2022-12-28,Mercy,Akinyi,Female,2005-04-30,2018-10-28,IT,Systems Admin,34027,,Night
EMP-000765,2023-13-45,2023-13-45,Mercy,Akinyi,Female,2023-13-45,2023-13-45,Finance,Auditor,38377,,Night
EMP-000765,2025-03-01,,Mercy,Akinyi,Female,2005-04-30,2018-10-28,Finance,Auditor,40379,,Night
EMP-000766,2023-13-45,2023-13-45,Peter,Ngeno,Female,2023-13-45,2023-13-45,Supply Chain,Supply Chain Manager,106290,,Off
EMP-000766,2024-02-21,2025-11-21,Peter,Ngeno,Female,1974-01-10,2016-01-01,Supply Chain,Supply Chain Manager,130851,,Off
EMP-000766,2025-11-21,,Peter,Ngeno,Female,1974-01-10,2016-01-01,Marketing,Brand Officer,139782,,Off
EMP-000767,2019-06-14,2021-09-10,Said,Otieno,Male,1975-03-20,2019-06-14,Marketing,Brand Officer,39478,,Off
EMP-000767,2021-09-10,,Said,Otieno,Male,1975-03-20,2019-06-14,Marketing,Brand Officer,43973,,Off
EMP-000768,2016-02-16,,Maina,Kipyegon,Male,1964-11-09,2016-02-16,Warehouse,Warehouse Manager,29170,,Night
EMP-000769,2016-01-01,,Kipkurui,Sikuku,Female,1997-02-18,2016-01-01,IT,IT Manager,26715,STOR-0054,Off
EMP-000770,2024-11-02,,Otieno,Wekesa,Male,1991-09-26,2024-11-02,Finance,Auditor,73374,,Day
EMP-000771,2016-01-01,2025-06-21,Dennis,Guyo,Female,1993-11-28,2016-01-01,Supply Chain,Supply Chain Manager,-35215,STOR-0133,Day
EMP-000771,2025-06-21,,Dennis,Guyo,Female,1993-11-28,2016-01-01,HR,,43667,STOR-0133,Day
EMP-000772,2017-10-21,,Dinah,Rotich,Male,1987-01-17,2017-10-21,Warehouse,Forklift Operator,38829,,Off
EMP-000773,2023-02-06,,Mary,Nganga,Female,1984-04-10,2023-02-06,Supply Chain,Procurement Officer,97085,,Night
EMP-000774,2021-06-18,,Josphat,Nyaga,Female,1972-05-04,2021-06-18,Finance,Cashier,79046,,Night
EMP-000775,2017-10-18,,Miriam,Wandera,Female,1980-11-03,2017-10-18,Warehouse,Forklift Operator,97120,STOR-0066,Night
EMP-000776,2022-01-24,,Virginia,Wanjohi,Female,2006-05-03,2022-01-24,Sales,Customer Care,103087,,Day
EMP-000777,2016-01-01,,Victor,Onyango,Female,1981-05-19,2016-01-01,Warehouse,Stock Keeper,27844,,Off
EMP-000778,2016-01-01,2025-03-08,Dennis,Korir,Male,1970-03-21,2016-01-01,Finance,Finance Manager,43141,,Off
EMP-000778,2025-03-08,2025-11-18,Dennis,Korir,Male,1970-03-21,2016-01-01,Finance,Finance Manager,53500,,Off
EMP-000778,2025-11-18,,Dennis,Korir,Male,1970-03-21,2016-01-01,Finance,Finance Manager,62310,,Off
EMP-000779,2016-12-03,,Ronald,Abdi,Female,1986-09-17,2016-12-03,Marketing,Brand Officer,88246,,Off
EMP-000780,2019-01-24,,Leonard,Said,Male,1997-03-02,2019-01-24,Supply Chain,Logistics Officer,75010,,Day
EMP-000781,2021-07-14,,Christine,Gatwiri,Female,1972-05-21,2021-07-14,Supply Chain,Procurement Officer,54716,,Off
EMP-000782,2016-01-01,,Mugambi,Kiprop,Female,1970-02-23,2016-01-01,Sales,Customer Care,95769,,Night
EMP-000783,2016-01-01,,Otieno,Kitheka,Male,2002-10-01,2016-01-01,Marketing,Brand Officer,83407,,Off
EMP-000784,2023-05-26,,David,Nyongesa,Male,1961-04-02,2023-05-26,HR,HR Manager,42326,,Night
EMP-000785,2022-05-03,,Steven,Wafula,Male,1986-09-22,2022-05-03,HR,HR Officer,81949,,Day
EMP-000786,2016-08-13,,Prisca,Charo,Female,1994-04-13,2016-08-13,Marketing,Digital Officer,50703,,Off
EMP-000787,2016-01-01,,Kimani,Mohamud,Male,1990-10-20,2016-01-01,HR,Recruiter,114749,STOR-0023,Day
EMP-000788,2021-06-07,2025-04-23,Davis,Ochieng,Female,1962-09-13,2021-06-07,Finance,Cashier,102840,,Night
EMP-000788,2025-04-23,2025-12-01,Davis,Ochieng,Female,1962-09-13,2021-06-07,Supply Chain,Supply Chain Manager,120977,,Night
EMP-000788,2025-12-01,,Davis,Ochieng,Female,1962-09-13,2021-06-07,Warehouse,Forklift Operator,137876,,Night
EMP-000789,2017-04-22,2020-04-02,William,Wanjala,Male,1997-03-08,2017-04-22,Finance,Finance Manager,36247,,Day
EMP-000789,2020-04-02,,William,Wanjala,Male,1997-03-08,2017-04-22,Finance,Finance Manager,40184,,Day
EMP-000790,2020-12-26,2025-10-28,Vincent,Nyaga,Male,1994-04-22,2020-12-26,Sales,Customer Care,83990,,Night
EMP-000790,2025-10-28,,Vincent,Nyaga,Male,1994-04-22,2020-12-26,Sales,Customer Care,93710,,Night
EMP-000791,2025-10-24,,Dennis,Onyango,Female,1997-07-22,2025-10-24,Warehouse,Warehouse Manager,74362,,Off
EMP-000792,2016-01-01,2024-01-01,Tabitha,Wanyonyi,Female,1963-06-07,2016-01-01,Warehouse,Stock Keeper,31957,,Day
EMP-000792,2024-01-01,2025-08-27,Tabitha,Wanyonyi,Female,1963-06-07,2016-01-01,Supply Chain,Logistics Officer,37853,,Day
EMP-000792,2025-08-27,,Tabitha,Wanyonyi,Female,1963-06-07,2016-01-01,Supply Chain,Logistics Officer,45441,,Day
EMP-000793,2016-01-01,2020-09-14,Ali,Auma,Male,2005-01-30,2016-01-01,Marketing,Brand Officer,55299,STOR-0131,Off
EMP-000793,2020-09-14,2023-09-23,Ali,Auma,Male,2005-01-30,2016-01-01,Marketing,Brand Officer,66818,STOR-0131,Off
EMP-000793,2023-09-23,,Ali,Auma,Male,2005-01-30,2016-01-01,IT,IT Manager,80711,STOR-0131,Off
EMP-000794,2016-09-15,,Monicah,Mohamed,Male,1978-06-26,2016-09-15,IT,IT Manager,30210,,Off
EMP-000795,2022-12-06,,Anthony,Ombati,Female,1990-06-24,2022-12-06,Sales,Customer Care,114694,,Off
EMP-000796,2016-01-01,,Caren,Onyango,Female,1976-09-21,2016-01-01,HR,HR Manager,97737,STOR-0058,Day
EMP-000797,2016-01-01,,Mwangi,Njau,Female,2007-06-30,2016-01-01,HR,HR Officer,113866,,Off
EMP-000798,2017-10-05,2021-11-23,Edward,Jepchirchir,Female,2003-08-29,2017-10-05,HR,Recruiter,104346,,Off
EMP-000798,2021-11-23,,Edward,Jepchirchir,Female,2003-08-29,2017-10-05,IT,Systems Admin,111466,,Off
EMP-000799,2019-12-23,,Charles,Abdi,Male,1974-08-29,2019-12-23,IT,Systems Admin,81369,STOR-0038,Off
EMP-000800,2020-02-18,,Miriam,Muinde,Male,1999-05-24,2020-02-18,IT,IT Manager,49134,,Day
EMP-000801,2023-07-10,,Edward,Barasa,Female,1997-04-06,2023-07-10,HR,HR Officer,108472,STOR-0071,Day
EMP-000802,2016-01-01,,Vincent,Munguti,Male,1980-07-06,2016-01-01,Supply Chain,Logistics Officer,105864,,Off
EMP-000803,2017-11-01,,Juma,Simiyu,Male,1995-08-09,2017-11-01,Finance,Accountant,115196,,Day
EMP-000804,2021-03-28,2022-11-19,Evelyne,Were,Female,1967-01-29,2021-03-28,HR,Recruiter,87108,,Day
EMP-000804,2022-11-19,2025-02-15,Evelyne,Were,Female,1967-01-29,2021-03-28,HR,Recruiter,100076,,Day
EMP-000804,2025-02-15,,Evelyne,Were,Female,1967-01-29,2021-03-28,HR,Recruiter,106231,,Day
EMP-000805,2017-12-22,,Virginia,Kibiwot,Female,2005-03-26,2017-12-22,Warehouse,Loader,33668,,Night
EMP-000806,2020-08-08,,Paul,Mong'are,Female,1977-08-03,2020-08-08,HR,Recruiter,30482,,Night
EMP-000807,2016-01-01,,Kevin,Wangui,Female,1977-06-12,2016-01-01,HR,Recruiter,30559,STOR-0063,Off
EMP-000808,2022-09-25,,Naomi,Salim,Male,1993-11-27,2022-09-25,Marketing,Marketing Manager,49884,,Night
EMP-000809,2024-03-14,,Moses,Cherop,Female,2003-04-28,2024-03-14,Finance,Accountant,115433,,Day
EMP-000810,2016-01-01,,Reuben,Kimutai,Female,2003-09-19,2016-01-01,Sales,Promoter,101735,STOR-0140,Day
EMP-000811,2024-01-06,2025-08-08,Janet,Muthoka,Female,1988-01-05,2024-01-06,HR,HR Officer,118406,STOR-0117,Day
EMP-000811,2025-08-08,,Janet,Muthoka,Female,1988-01-05,2024-01-06,Marketing,Marketing Manager,137339,STOR-0117,Day
EMP-000812,2016-01-01,,Catherine,Gathoni,Male,1985-09-18,2016-01-01,Marketing,Brand Officer,36181,,Night
EMP-000813,2022-09-13,,Albert,Osman,Male,2000-03-14,2022-09-13,Sales,Promoter,68934,,Off
EMP-000814,2016-01-01,,John,Osoro,Male,1966-12-09,2016-01-01,Marketing,Marketing Manager,79995,,Off
EMP-000815,2019-11-06,2023-05-21,Jackline,Nyaga,Female,2005-10-17,2019-11-06,Sales,,51588,,Night
EMP-000815,2023-05-21,2024-02-23,Jackline,Nyaga,Female,2005-10-17,2019-11-06,Sales,Promoter,58722,,Night
EMP-000815,2024-02-23,,Jackline,Nyaga,Female,2005-10-17,2019-11-06,Supply Chain,Procurement Officer,72083,,Night
EMP-000816,2017-04-19,,Janet,Kiprotich,Female,1989-11-01,2017-04-19,Marketing,Brand Officer,84472,,Day
EMP-000817,2017-09-09,,Tabitha,Kiplagat,Male,1982-07-27,2017-09-09,IT,Systems Admin,31411,,Day
EMP-000818,2016-01-01,,Charity,Chepkemoi,Male,1999-12-05,2016-01-01,IT,Developer,68399,STOR-0013,Day
EMP-000819,2016-01-01,,Paul,Mulongo,Male,1983-12-28,2016-01-01,IT,Systems Admin,84682,,Night
EMP-000820,2019-06-12,2020-10-13,Regina,Khaemba,Male,1963-09-22,2019-06-12,HR,HR Manager,81010,,Day
EMP-000820,2020-10-13,,Regina,Khaemba,Male,1963-09-22,2019-06-12,HR,HR Manager,90746,,Day
EMP-000821,2020-09-14,2022-04-02,Mercy,Mwanza,Female,1961-09-15,2020-09-14,IT,Systems Admin,116203,,Day
EMP-000821,2022-04-02,,Mercy,Mwanza,Female,1961-09-15,2020-09-14,IT,Systems Admin,124733,,Day
EMP-000822,2023-10-28,,Naomy,Wanjiku,Female,1991-08-31,2023-10-28,Finance,Cashier,93864,,Off
EMP-000823,2025-09-24,,John,Misiko,Male,1974-05-14,2025-09-24,Marketing,Brand Officer,89553,,Off
EMP-000824,2016-01-01,,Jenipher,Cheboi,Male,2004-10-30,2016-01-01,HR,HR Officer,40456,,Day
EMP-000825,2023-01-11,2023-12-01,Ahmed,Kimaiyo,Female,1979-03-31,2023-01-11,Finance,Finance Manager,26480,,Off
EMP-000825,2023-12-01,,Ahmed,Kimaiyo,Female,1979-03-31,2023-01-11,Finance,Finance Manager,28561,,Off
EMP-000826,2020-01-04,,Esther,Adhiambo,Female,1985-11-26,2020-01-04,Marketing,Brand Officer,69742,,Off
EMP-000827,2016-01-01,,Jane,Ruto,Male,1964-02-15,2016-01-01,Supply Chain,Supply Chain Manager,113142,,Night
EMP-000828,2025-03-21,,Solomon,Omar,Male,2008-03-12,2025-03-21,HR,HR Officer,68923,,Night
EMP-000829,2019-10-24,,Brenda,Mwaura,Male,1966-10-21,2019-10-24,Marketing,Brand Officer,97768,,Day
EMP-000830,2021-02-05,,Margaret,Otieno,Female,1993-01-17,2021-02-05,Finance,Accountant,69453,STOR-0137,Day
EMP-000831,2016-01-01,,Daniel,Aden,Female,1995-12-12,2016-01-01,Supply Chain,Supply Chain Manager,117440,STOR-0009,Night
EMP-000832,2017-06-15,2020-11-13,Lucy,Otieno,Female,2007-12-08,2017-06-15,Supply Chain,Supply Chain Manager,53329,,Day
EMP-000832,2020-11-13,,Lucy,Otieno,Female,2007-12-08,2017-06-15,Supply Chain,Supply Chain Manager,64117,,Day
EMP-000833,2024-09-01,,Abigael,Kanja,Male,1989-05-03,2024-09-01,Supply Chain,Supply Chain Manager,90543,,Night
EMP-000834,2020-03-25,2023-12-25,Christine,Muriuki,Female,1976-03-06,2020-03-25,Supply Chain,Procurement Officer,92652,,Day
EMP-000834,2023-13-45,2023-13-45,Christine,Muriuki,Female,2023-13-45,2023-13-45,Supply Chain,Procurement Officer,108740,,Day
EMP-000835,2016-01-01,2021-10-28,Stephen,Suleiman,Female,1967-08-16,2016-01-01,Sales,Sales Associate,68684,,Day
EMP-000835,2021-10-28,2023-11-17,Stephen,Suleiman,Female,1967-08-16,2016-01-01,Sales,Sales Associate,73507,,Day
EMP-000835,2023-11-17,,Stephen,Suleiman,Female,1967-08-16,2016-01-01,Supply Chain,Supply Chain Manager,78418,,Day
EMP-000836,2020-04-07,,Winfred,Abdi,Male,1969-08-29,2020-04-07,Finance,Cashier,94766,,Night
EMP-000837,2016-01-01,2025-07-08,Sharon,Kwamboka,Female,1965-04-03,2016-01-01,Sales,Sales Associate,106650,,Day
EMP-000837,2025-07-08,2026-01-04,Sharon,Kwamboka,Female,1965-04-03,2016-01-01,Finance,Cashier,126934,,Day
EMP-000837,2026-01-04,,Sharon,Kwamboka,Female,1965-04-03,2016-01-01,Finance,Cashier,135127,,Day
EMP-000838,2017-03-03,2023-10-22,Mary,Wanjiku,Female,1984-06-30,2017-03-03,Finance,Cashier,95854,,Day
EMP-000838,2023-10-22,,Mary,Wanjiku,Female,1984-06-30,2017-03-03,Finance,Cashier,116402,,Day
EMP-000839,2016-01-01,,Isaac,Kathure,Female,1988-08-13,2016-01-01,HR,HR Manager,117363,,Off
EMP-000840,2021-05-11,2022-03-21,Faith,Njeru,Female,1975-05-20,2021-05-11,Supply Chain,Procurement Officer,118441,,Off
EMP-000840,2022-03-21,2023-02-20,Faith,Njeru,Female,1975-05-20,2021-05-11,Warehouse,Warehouse Manager,141092,,Off
EMP-000840,2023-02-20,,Faith,Njeru,Female,1975-05-20,2021-05-11,HR,HR Manager,150442,,Off
EMP-000841,2019-11-21,2023-05-16,Moses,Juma,Female,1986-09-25,2019-11-21,Marketing,Brand Officer,86675,,Day
EMP-000841,2023-05-16,2025-09-09,Moses,Juma,Female,1986-09-25,2019-11-21,Marketing,Brand Officer,92479,,Day
EMP-000841,2025-09-09,,Moses,Juma,Female,1986-09-25,2019-11-21,Marketing,,115351,,Day
EMP-000842,2020-06-15,,Kamau,Abdi,Male,1979-06-13,2020-06-15,HR,HR Manager,33567,,Night
EMP-000843,2019-06-20,,Sharon,Adhiambo,Male,2001-06-30,2019-06-20,IT,Systems Admin,91577,,Off
EMP-000844,2016-01-01,2016-12-12,Willis,Kipchirchir,Female,2007-08-02,2016-01-01,HR,Recruiter,102402,,Off
EMP-000844,2016-12-12,,Willis,Kipchirchir,Female,2007-08-02,2016-01-01,HR,Recruiter,115187,,Off
EMP-000845,2016-01-01,,Nelly,Njiru,Female,1981-02-15,2016-01-01,Supply Chain,Logistics Officer,102459,,Night
EMP-000846,2017-03-22,2024-01-28,Kennedy,Mumo,Female,1973-06-08,2017-03-22,Marketing,Marketing Manager,118311,,Night
EMP-000846,2024-01-28,2025-05-26,Kennedy,Mumo,Female,1973-06-08,2017-03-22,Marketing,Marketing Manager,132996,,Night
EMP-000846,2025-05-26,,Kennedy,Mumo,Female,1973-06-08,2017-03-22,Sales,Senior Sales,161265,,Night
EMP-000847,2019-07-03,,Philip,Odhiambo,Male,1976-11-19,2019-07-03,IT,IT Manager,114850,,Night
EMP-000848,2016-01-01,,Maxwell,Onyango,Male,1994-08-06,2016-01-01,Warehouse,Warehouse Manager,44231,,Night
EMP-000849,2024-04-07,,Mercy,Maina,Female,1961-06-02,2024-04-07,Marketing,Brand Officer,64286,,Off
EMP-000850,2021-02-19,,Zainab,Wanga,Female,1969-07-31,2021-02-19,Sales,Senior Sales,41718,STOR-0016,Night
EMP-000851,2016-01-01,,Suleiman,Kiptanui,Male,1989-03-28,2016-01-01,Supply Chain,Supply Chain Manager,39378,STOR-0008,Day
EMP-000852,2020-12-13,2022-01-23,Ismail,Odero,Female,1992-08-26,2020-12-13,HR,Recruiter,82041,,Off
EMP-000852,2022-01-23,,Ismail,Odero,Female,1992-08-26,2020-12-13,HR,Recruiter,101685,,Off
EMP-000853,2021-07-05,2022-12-02,Joseph,Maina,Female,1978-06-10,2021-07-05,Finance,Finance Manager,42600,,Off
EMP-000853,2022-12-02,2023-07-31,Joseph,Maina,Female,1978-06-10,2021-07-05,HR,HR Manager,53130,,Off
EMP-000853,2023-07-31,,Joseph,Maina,Female,1978-06-10,2021-07-05,HR,HR Manager,63791,,Off
EMP-000854,2023-08-26,,Peninah,Daud,Male,1987-09-06,2023-08-26,Marketing,Digital Officer,80797,,Night
EMP-000855,2022-06-08,,Ndungu,Mulwa,Female,1994-09-11,2022-06-08,Warehouse,Forklift Operator,104242,,Night
EMP-000856,2018-07-18,,Alice,Rono,Male,1987-12-22,2018-07-18,IT,Developer,29385,STOR-0146,Night
EMP-000857,2025-12-03,,Daniel,Kimathi,Male,2002-07-09,2025-12-03,Warehouse,Stock Keeper,85940,,Off
EMP-000858,2017-08-21,,Wanjiru,Ochieng,Male,1965-12-23,2017-08-21,Marketing,Digital Officer,112650,,Off
EMP-000859,2016-01-01,,Tony,Achieng,Female,1971-03-04,2016-01-01,Supply Chain,Procurement Officer,86455,,Night
EMP-000860,2023-06-26,,Mumo,Waweru,Female,2003-10-06,2023-06-26,Finance,Cashier,46955,,Off
EMP-000861,2016-01-01,,Naomi,Makori,Female,2004-05-13,2016-01-01,IT,Systems Admin,100085,,Night
EMP-000862,2019-08-03,2020-07-27,James,Kipkemboi,Male,1976-11-02,2019-08-03,Warehouse,Warehouse Manager,61418,,Off
EMP-000862,2020-07-27,2023-02-21,James,Kipkemboi,Male,1976-11-02,2019-08-03,Warehouse,Warehouse Manager,69110,,Off
EMP-000862,2023-02-21,,James,Kipkemboi,Male,1976-11-02,2019-08-03,Sales,Promoter,73719,,Off
EMP-000863,2024-06-26,,Stephen,Gitau,Male,1991-06-14,2024-06-26,Warehouse,Stock Keeper,116851,,Day
EMP-000864,2020-02-05,,Mary,Odhiambo,Male,2005-12-04,2020-02-05,IT,Systems Admin,90004,,Night
EMP-000865,2024-12-21,2025-06-23,Beatrice,Kirwa,Male,1968-09-22,2024-12-21,Warehouse,Loader,100727,,Night
EMP-000865,2025-06-23,2026-01-23,Beatrice,Kirwa,Male,1968-09-22,2024-12-21,Warehouse,Loader,121419,,Night
EMP-000865,2026-01-23,,Beatrice,Kirwa,Male,1968-09-22,2024-12-21,Warehouse,Loader,141050,,Night
EMP-000866,2024-07-16,,Moses,Otieno,Male,1994-05-19,2024-07-16,Finance,Auditor,94798,,Off
EMP-000867,2018-03-17,,Priscilla,Chepngetich,Female,1978-03-29,2018-03-17,Supply Chain,Supply Chain Manager,26554,,Night
EMP-000868,2016-01-01,,Charles,Juma,Female,1978-11-21,2016-01-01,Marketing,Brand Officer,81595,,Off
EMP-000869,2018-05-26,,Jackline,Onyango,Female,1962-08-06,2018-05-26,Sales,Customer Care,110766,,Night
EMP-000870,2016-09-11,,Adan,Mwaura,Male,1996-03-31,2016-09-11,Marketing,Digital Officer,48582,,Day
EMP-000871,2016-01-01,,James,Naliaka,Male,1999-11-03,2016-01-01,IT,IT Manager,114849,,Day
EMP-000872,2016-01-01,,Mercy,Kipkorir,Female,1995-05-11,2016-01-01,IT,IT Manager,32455,STOR-0056,Off
EMP-000873,2016-01-01,,Njoroge,Awino,Male,1999-03-06,2016-01-01,HR,HR Officer,109922,,Day
EMP-000874,2018-05-15,,Charles,Wanjiku,Male,1967-08-08,2018-05-15,Marketing,,108726,,Night
EMP-000875,2018-03-25,,Regina,Yegon,Female,1968-06-12,2018-03-25,Sales,Customer Care,33177,,Night
EMP-000876,2018-03-15,,Joshua,Mugo,Female,1963-08-06,2018-03-15,Sales,Senior Sales,51302,,Day
EMP-000877,2016-01-01,,Fridah,Otieno,Male,1963-09-23,2016-01-01,HR,HR Manager,105473,,Night
EMP-000878,2016-01-01,2019-07-16,Gitonga,Mbugua,Male,1970-10-24,2016-01-01,IT,Developer,83442,,Night
EMP-000878,2019-07-16,,Gitonga,Mbugua,Male,1970-10-24,2016-01-01,IT,Developer,94693,,Night
EMP-000879,2018-03-23,,Angela,Jepleting,Female,1998-03-22,2018-03-23,Finance,Auditor,100319,,Off
EMP-000880,2025-07-13,,Sheila,Maiyo,Female,2005-03-21,2025-07-13,Supply Chain,Logistics Officer,34188,,Day
EMP-000881,2016-01-01,,Wekesa,Wangui,Female,1988-12-04,2016-01-01,Finance,Cashier,114369,,Day
EMP-000882,2021-09-28,,Beth,Anyango,Male,1965-11-24,2021-09-28,Finance,Accountant,85245,,Night
EMP-000883,2016-01-01,,Njogu,Juma,Male,2006-06-02,2016-01-01,Warehouse,Stock Keeper,116210,,Day
EMP-000884,2025-02-21,2025-08-28,Teresa,Kariuki,Female,1995-09-12,2025-02-21,HR,HR Officer,49833,,Day
EMP-000884,2025-08-28,,Teresa,Kariuki,Female,1995-09-12,2025-02-21,HR,HR Officer,61357,,Day
EMP-000885,2016-01-01,2021-04-18,Joyline,Maina,Female,1992-03-31,2016-01-01,Finance,Auditor,94984,STOR-0116,Day
EMP-000885,2021-04-18,,Joyline,Maina,Female,1992-03-31,2016-01-01,Finance,Auditor,101845,STOR-0116,Day
EMP-000886,2022-02-07,,Gladys,Rotich,Male,1966-06-24,2022-02-07,Supply Chain,Logistics Officer,112466,,Off
EMP-000887,2017-02-02,,Erastus,Otieno,Male,1974-04-03,2017-02-02,Marketing,Marketing Manager,89080,,Night
EMP-000888,2017-12-21,,William,Mbithe,Male,2002-12-22,2017-12-21,Warehouse,Warehouse Manager,47577,,Night
EMP-000889,2024-10-06,2025-06-18,Amos,Chepkoech,Male,1994-03-04,2024-10-06,Supply Chain,Logistics Officer,33383,,Day
EMP-000889,2025-06-18,,Amos,Chepkoech,Male,1994-03-04,2024-10-06,Supply Chain,Logistics Officer,38341,,Day
EMP-000890,2023-06-26,,Jackline,Mutisya,Male,1977-04-12,2023-06-26,Supply Chain,Logistics Officer,113918,,Day
EMP-000891,2020-04-25,2022-10-15,Wanjiru,Kung'u,Male,1962-03-24,2020-04-25,Sales,Promoter,68975,,Night
EMP-000891,2022-10-15,2025-08-01,Wanjiru,Kung'u,Male,1962-03-24,2020-04-25,Sales,Promoter,72580,,Night
EMP-000891,2025-08-01,,Wanjiru,Kung'u,Male,1962-03-24,2020-04-25,Finance,Finance Manager,83012,,Night
EMP-000892,2017-10-02,2021-02-03,Henry,Ayuma,Female,1961-04-02,2017-10-02,Warehouse,Warehouse Manager,107863,,Day
EMP-000892,2021-02-03,2021-08-06,Henry,Ayuma,Female,1961-04-02,2017-10-02,Warehouse,Warehouse Manager,114470,,Day
EMP-000892,2021-08-06,,Henry,Ayuma,Female,1961-04-02,2017-10-02,Warehouse,Warehouse Manager,122913,,Day
EMP-000893,2016-01-01,,Sarah,Chelangat,Male,1981-07-11,2016-01-01,Marketing,Digital Officer,62189,,Night
EMP-000894,2016-01-01,,Ibrahim,Issack,Male,1976-10-21,2016-01-01,IT,Support,79005,,Day
EMP-000895,2016-01-01,,Wekesa,Gichohi,Male,1970-04-15,2016-01-01,IT,IT Manager,107207,,Night
EMP-000896,2017-04-04,,Lilian,Ali,Male,1976-05-08,2017-04-04,IT,IT Manager,106123,,Off
EMP-000897,2016-05-02,,Peris,Okumu,Female,2008-04-16,2016-05-02,Warehouse,Warehouse Manager,44558,,Night
EMP-000898,2016-01-01,,Cecilia,Nyaga,Male,1966-05-18,2016-01-01,Finance,Cashier,52471,,Night
EMP-000899,2016-01-01,,Donald,Charo,Female,2003-12-18,2016-01-01,Sales,Promoter,45715,,Night
EMP-000900,2017-12-15,,Judith,Ochieng,Male,1999-03-29,2017-12-15,IT,Developer,79927,,Off
EMP-000901,2016-01-01,2020-07-09,James,Lagat,Male,1969-06-29,2016-01-01,Sales,Promoter,79079,STOR-0097,Day
EMP-000901,2020-07-09,2023-06-30,James,Lagat,Male,1969-06-29,2016-01-01,Sales,Promoter,84891,STOR-0097,Day
EMP-000901,2023-06-30,,James,Lagat,Male,1969-06-29,2016-01-01,Sales,Promoter,100157,STOR-0097,Day
EMP-000902,2016-10-15,2022-10-31,Fredrick,Karanja,Male,1987-05-04,2016-10-15,Warehouse,Forklift Operator,73953,,Off
EMP-000902,2022-10-31,2024-09-04,Fredrick,Karanja,Male,1987-05-04,2016-10-15,Warehouse,Forklift Operator,88685,,Off
EMP-000902,2024-09-04,,Fredrick,Karanja,Male,1987-05-04,2016-10-15,Warehouse,Forklift Operator,103466,,Off
EMP-000903,2016-01-01,,Wangui,Adan,Female,1974-05-24,2016-01-01,IT,IT Manager,61779,,Night
EMP-000904,2020-04-10,,Victor,Muigai,Male,1968-01-06,2020-04-10,IT,Systems Admin,108623,STOR-0044,Off
EMP-000905,2016-01-01,2021-11-01,Michael,Wanjiku,Male,1992-04-24,2016-01-01,IT,Support,53369,,Night
EMP-000905,2021-11-01,2024-01-21,Michael,Wanjiku,Male,1992-04-24,2016-01-01,Supply Chain,Procurement Officer,66307,,Night
EMP-000905,2024-01-21,,Michael,Wanjiku,Male,1992-04-24,2016-01-01,Supply Chain,Procurement Officer,74593,,Night
EMP-000906,2023-10-08,2025-03-22,Emmanuel,Nyongesa,Female,1974-09-23,2023-10-08,IT,Systems Admin,100196,STOR-0107,Day
EMP-000906,2025-03-22,2025-11-16,Emmanuel,Nyongesa,Female,1974-09-23,2023-10-08,Supply Chain,Logistics Officer,110931,STOR-0107,Day
EMP-000906,2025-11-16,,Emmanuel,Nyongesa,Female,1974-09-23,2023-10-08,Supply Chain,Logistics Officer,135748,STOR-0107,Day
EMP-000907,2022-08-26,2023-10-24,Nickson,Mulongo,Female,1966-10-02,2022-08-26,Supply Chain,Logistics Officer,37844,,Day
EMP-000907,2023-10-24,,Nickson,Mulongo,Female,1966-10-02,2022-08-26,Marketing,Brand Officer,41428,,Day
EMP-000908,2016-01-01,2017-03-06,Winnie,Omar,Male,2008-07-21,2016-01-01,Warehouse,Warehouse Manager,27087,,Night
EMP-000908,2017-03-06,2019-07-02,Winnie,Omar,Male,2008-07-21,2016-01-01,Marketing,Digital Officer,33659,,Night
EMP-000908,2019-07-02,,Winnie,Omar,Male,2008-07-21,2016-01-01,Marketing,Digital Officer,35423,,Night
EMP-000909,2024-03-28,,Anne,Wekesa,Female,1966-10-22,2024-03-28,Marketing,Brand Officer,49241,,Night
EMP-000910,2016-01-01,,Lilian,Onditi,Male,1987-07-25,2016-01-01,Finance,Accountant,63874,,Night
EMP-000911,2016-01-01,2019-06-14,Aden,Kwamboka,Male,1978-04-21,2016-01-01,Marketing,,92467,STOR-0094,Day
EMP-000911,2019-06-14,2020-03-16,Aden,Kwamboka,Male,1978-04-21,2016-01-01,Marketing,Marketing Manager,115026,STOR-0094,Day
EMP-000911,2020-03-16,,Aden,Kwamboka,Male,1978-04-21,2016-01-01,Sales,Customer Care,121770,STOR-0094,Day
EMP-000912,2016-01-01,2025-11-07,Salma,Ndambuki,Female,1998-06-07,2016-01-01,Marketing,Marketing Manager,98499,,Day
EMP-000912,2025-11-07,,Salma,Ndambuki,Female,1998-06-07,2016-01-01,Marketing,Marketing Manager,120979,,Day
EMP-000913,2025-12-25,,Julius,Ndung'u,Male,1970-02-10,2025-12-25,IT,Systems Admin,54548,,Night
EMP-000914,2018-01-03,,Emmanuel,Odhiambo,Female,1975-09-23,2018-01-03,Finance,Cashier,84298,,Off
EMP-000915,2019-08-20,2025-12-18,Paul,Bashir,Female,1985-12-06,2019-08-20,Finance,Accountant,49687,STOR-0118,Day
EMP-000915,2025-12-18,,Paul,Bashir,Female,1985-12-06,2019-08-20,Finance,Accountant,57415,STOR-0118,Day
EMP-000916,2016-01-01,,Mercy,Gatwiri,Male,2000-03-23,2016-01-01,Sales,Promoter,90054,,Day
EMP-000917,2019-07-22,,Ondieki,Sitienei,Male,1965-09-13,2019-07-22,IT,Systems Admin,87115,,Night
EMP-000918,2019-04-03,,Joseph,Maina,Male,2004-07-23,2019-04-03,Sales,Promoter,93107,,Night
EMP-000919,2025-10-22,,Wairimu,Hassan,Female,1983-02-28,2025-10-22,Marketing,Digital Officer,96888,,Night
EMP-000920,2016-01-01,2019-05-08,Emmanuel,Mitei,Female,1964-01-17,2016-01-01,HR,Recruiter,62767,,Day
EMP-000920,2019-05-08,2024-09-20,Emmanuel,Mitei,Female,1964-01-17,2016-01-01,HR,Recruiter,78370,,Day
EMP-000920,2024-09-20,,Emmanuel,Mitei,Female,1964-01-17,2016-01-01,HR,Recruiter,83445,,Day
EMP-000921,2019-03-06,2019-12-02,Eliud,Aoko,Male,1994-05-12,2019-03-06,Supply Chain,Logistics Officer,115814,STOR-0040,Day
EMP-000921,2019-12-02,,Eliud,Aoko,Male,1994-05-12,2019-03-06,Supply Chain,Logistics Officer,134433,STOR-0040,Day
EMP-000922,2024-05-12,,Kenneth,Auma,Male,1984-09-07,2024-05-12,Warehouse,Loader,98726,,Off
EMP-000923,2016-01-01,,Edwin,Akinyi,Female,1979-08-23,2016-01-01,IT,Systems Admin,94945,,Day
EMP-000924,2016-01-01,,Mutinda,Wambui,Female,2002-05-22,2016-01-01,Warehouse,Warehouse Manager,96584,STOR-0085,Off
EMP-000925,2019-10-22,,Faith,Abdullahi,Female,1980-09-05,2019-10-22,Warehouse,Forklift Operator,69392,,Off
EMP-000926,2016-01-01,,Kimutai,Onsongo,Male,1993-03-13,2016-01-01,Sales,Customer Care,28250,,Day
EMP-000927,2020-01-20,2024-02-10,James,Barasa,Male,1969-12-09,2020-01-20,Marketing,Marketing Manager,101471,,Night
EMP-000927,2024-02-10,,James,Barasa,Male,1969-12-09,2020-01-20,Supply Chain,Supply Chain Manager,126215,,Night
EMP-000928,2022-04-16,,Collins,Githaiga,Male,1996-05-19,2022-04-16,Finance,Accountant,112394,,Day
EMP-000929,2021-07-12,,Hassan,Gachanja,Female,1997-08-05,2021-07-12,Sales,Customer Care,70209,,Night
EMP-000930,2016-12-15,,Janet,Gatimu,Male,1985-01-13,2016-12-15,Marketing,Brand Officer,82999,,Off
EMP-000931,2023-03-27,,Chege,Yego,Female,1984-01-05,2023-03-27,IT,IT Manager,43827,,Night
EMP-000932,2016-01-01,,Victoria,Mwaniki,Female,1987-01-11,2016-01-01,HR,HR Manager,25867,,Night
EMP-000933,2016-01-01,,Ian,Mohamed,Female,2001-03-26,2016-01-01,Supply Chain,Supply Chain Manager,62940,,Day
EMP-000934,2019-08-18,2020-08-14,Ali,Kaburu,Female,1979-09-19,2019-08-18,Marketing,Brand Officer,54428,,Day
EMP-000934,2020-08-14,2025-02-14,Ali,Kaburu,Female,1979-09-19,2019-08-18,Supply Chain,Logistics Officer,62843,,Day
EMP-000934,2025-02-14,,Ali,Kaburu,Female,1979-09-19,2019-08-18,Supply Chain,Logistics Officer,73895,,Day
EMP-000935,2019-07-06,,Ismael,Kitsao,Male,1976-06-09,2019-07-06,HR,HR Officer,109513,,Day
EMP-000936,2016-01-01,,Naom,Kamau,Female,2005-04-19,2016-01-01,Finance,Auditor,99130,,Night
EMP-000937,2016-01-01,,Amos,Katana,Female,1964-05-27,2016-01-01,Marketing,Digital Officer,27299,,Day
EMP-000938,2020-08-23,,Irene,Kageha,Male,1999-10-10,2020-08-23,Warehouse,Stock Keeper,46405,,Night
EMP-000939,2016-01-01,2019-06-13,Daisy,Murugi,Female,1984-09-28,2016-01-01,IT,IT Manager,92353,,Off
EMP-000939,2019-06-13,,Daisy,Murugi,Female,1984-09-28,2016-01-01,Supply Chain,Procurement Officer,109821,,Off
EMP-000940,2020-11-26,2024-06-12,Alex,David,Female,2008-01-27,2020-11-26,Finance,Cashier,114842,,Night
EMP-000940,2024-06-12,2024-12-30,Alex,David,Female,2008-01-27,2020-11-26,Finance,Cashier,131024,,Night
EMP-000940,2024-12-30,,Alex,David,Female,2008-01-27,2020-11-26,Finance,Cashier,154020,,Night
EMP-000941,2019-06-25,2024-10-07,Margaret,Njoki,Male,1999-03-25,2019-06-25,HR,Recruiter,69605,STOR-0042,Day
EMP-000941,2023-13-45,2023-13-45,Margaret,Njoki,Male,2023-13-45,2023-13-45,HR,Recruiter,81219,STOR-0042,Day
EMP-000942,2023-08-03,,Moses,Krop,Male,1994-02-04,2023-08-03,Sales,Promoter,27277,,Night
EMP-000943,2024-10-17,,Adam,Njeri,Male,1963-03-08,2024-10-17,Supply Chain,Supply Chain Manager,47571,,Day
EMP-000944,2017-03-28,2017-11-24,Stephen,Adan,Male,1975-06-28,2017-03-28,Marketing,Marketing Manager,115183,,Day
EMP-000944,2017-11-24,,Stephen,Adan,Male,1975-06-28,2017-03-28,Marketing,Marketing Manager,141701,,Day
EMP-000945,2016-01-01,,Kipruto,Otieno,Male,2002-05-23,2016-01-01,HR,Recruiter,30572,,Day
EMP-000946,2025-02-09,,Collins,Hassan,Male,1972-09-03,2025-02-09,Sales,Sales Associate,64537,,Day
EMP-000947,2016-03-22,,Virginia,Ewoi,Male,1982-08-14,2016-03-22,Finance,Accountant,36898,,Off
EMP-000948,2021-03-28,,David,Wambui,Female,2008-07-21,2021-03-28,IT,Systems Admin,91179,,Day
EMP-000949,2016-12-07,2023-08-20,Margret,Osoro,Male,1996-05-31,2016-12-07,Finance,Finance Manager,95402,,Off
EMP-000949,2023-08-20,,Margret,Osoro,Male,1996-05-31,2016-12-07,Supply Chain,,101039,,Off
EMP-000950,2021-12-19,,Laura,Korir,Female,2005-08-28,2021-12-19,Warehouse,Forklift Operator,113280,STOR-0047,Night
EMP-000951,2023-13-45,2023-13-45,Solomon,Kamau,Female,2023-13-45,2023-13-45,HR,HR Manager,66193,,Day
EMP-000952,2021-12-10,,Hillary,Makungu,Female,1990-04-30,2021-12-10,IT,IT Manager,35780,,Day
EMP-000953,2019-11-27,2023-02-04,Hellen,Eyanae,Female,2004-10-10,2019-11-27,HR,HR Manager,97602,,Night
EMP-000953,2023-02-04,,Hellen,Eyanae,Female,2004-10-10,2019-11-27,HR,HR Manager,107966,,Night
EMP-000954,2016-01-01,,Alex,Nandwa,Female,2007-10-18,2016-01-01,HR,HR Officer,38785,,Off
EMP-000955,2016-01-01,,Achieng,Ngeno,Male,1984-11-17,2016-01-01,HR,HR Officer,102405,STOR-0044,Day
EMP-000956,2020-04-20,,Erick,Wanjohi,Male,1972-07-13,2020-04-20,Supply Chain,Supply Chain Manager,41090,,Night
EMP-000957,2018-11-13,,Clinton,Morara,Female,1980-08-22,2018-11-13,Finance,Auditor,112382,,Night
EMP-000958,2016-01-01,,Paul,Kenga,Female,2008-05-15,2016-01-01,Sales,Customer Care,89138,,Off
EMP-000959,2016-01-01,,Moreen,Kinyua,Male,1999-03-20,2016-01-01,Supply Chain,Procurement Officer,90291,,Day
EMP-000960,2016-01-01,,Peter,Ndirangu,Female,2002-03-15,2016-01-01,IT,IT Manager,35029,,Off
EMP-000961,2016-05-22,,Erick,Nekesa,Female,1994-05-13,2016-05-22,HR,Recruiter,91164,,Night
EMP-000962,2016-01-01,2022-05-24,Moses,Mutie,Male,1976-10-17,2016-01-01,HR,Recruiter,66229,STOR-0114,Night
EMP-000962,2022-05-24,,Moses,Mutie,Male,1976-10-17,2016-01-01,Marketing,Brand Officer,82129,STOR-0114,Night
EMP-000963,2025-07-05,,Leila,Njoroge,Male,1966-08-21,2025-07-05,Finance,Auditor,88891,,Off
EMP-000964,2025-09-28,,Damaris,Guyo,Female,1983-06-13,2025-09-28,Warehouse,Warehouse Manager,76299,,Off
EMP-000965,2019-06-02,,Newton,Kibet,Female,1977-07-31,2019-06-02,Sales,Sales Associate,41803,,Night
EMP-000966,2020-07-04,,Christine,Njoki,Male,1967-12-14,2020-07-04,HR,Recruiter,71840,,Day
EMP-000967,2017-11-10,2024-08-01,Purity,Mwangi,Male,1990-06-03,2017-11-10,IT,IT Manager,115176,,Night
EMP-000967,2024-08-01,,Purity,Mwangi,Male,1990-06-03,2017-11-10,IT,IT Manager,141442,,Night
EMP-000968,2016-01-01,2024-11-17,Wekesa,Njoroge,Female,1988-10-09,2016-01-01,Supply Chain,Supply Chain Manager,99455,,Night
EMP-000968,2024-11-17,2025-10-10,Wekesa,Njoroge,Female,1988-10-09,2016-01-01,Sales,Customer Care,113491,,Night
EMP-000968,2025-10-10,,Wekesa,Njoroge,Female,1988-10-09,2016-01-01,Sales,Customer Care,133241,,Night
EMP-000969,2020-10-04,,Edward,Chelangat,Female,1993-03-24,2020-10-04,Supply Chain,Supply Chain Manager,38114,,Day
EMP-000970,2016-01-01,,Joan,Chepngeno,Female,2007-05-12,2016-01-01,Finance,Auditor,51444,,Day
EMP-000971,2019-05-02,,Felix,Cherono,Male,1962-11-15,2019-05-02,Finance,Auditor,54607,,Day
EMP-000972,2020-05-03,,Philip,Anyango,Male,1967-09-22,2020-05-03,IT,Support,80981,,Day
EMP-000973,2019-07-22,,Samuel,Njoroge,Female,1986-02-24,2019-07-22,IT,Developer,51224,,Night
EMP-000974,2016-01-01,,Francis,Ochieng,Female,1966-12-08,2016-01-01,Marketing,Digital Officer,49450,,Day
EMP-000975,2018-11-18,2025-05-13,Sammy,Wakio,Female,1993-06-13,2018-11-18,Supply Chain,Logistics Officer,81849,STOR-0016,Off
EMP-000975,2025-05-13,2025-11-12,Sammy,Wakio,Female,1993-06-13,2018-11-18,Supply Chain,Logistics Officer,90482,STOR-0016,Off
EMP-000975,2025-11-12,,Sammy,Wakio,Female,1993-06-13,2018-11-18,Supply Chain,Logistics Officer,98410,STOR-0016,Off
EMP-000976,2019-07-14,2023-09-20,Douglas,Mwangangi,Male,2001-12-04,2019-07-14,Finance,Accountant,108090,,Night
EMP-000976,2023-09-20,2024-07-18,Douglas,Mwangangi,Male,2001-12-04,2019-07-14,Warehouse,Stock Keeper,123518,,Night
EMP-000976,2024-07-18,,Douglas,Mwangangi,Male,2001-12-04,2019-07-14,IT,Systems Admin,138422,,Night
EMP-000977,2017-02-05,,David,Okoth,Female,1973-07-12,2017-02-05,Warehouse,Warehouse Manager,57189,,Night
EMP-000978,2023-11-02,,Kimani,Muchiri,Female,1997-05-09,2023-11-02,Warehouse,Loader,60744,,Night
EMP-000979,2016-01-01,,Jackson,Barasa,Female,1976-10-06,2016-01-01,Sales,Senior Sales,27609,,Day
EMP-000980,2016-01-01,,Kelvin,Kinyua,Female,1998-01-01,2016-01-01,Marketing,Digital Officer,36836,,Off
EMP-000981,2016-01-01,,Josephine,Atieno,Male,1985-02-25,2016-01-01,IT,IT Manager,93414,,Off
EMP-000982,2025-02-08,,John,Ali,Female,2005-08-25,2025-02-08,IT,IT Manager,66079,,Off
EMP-000983,2023-04-05,2023-11-10,Faith,Mwenda,Male,1967-03-14,2023-04-05,Sales,Promoter,53063,STOR-0113,Night
EMP-000983,2023-11-10,,Faith,Mwenda,Male,1967-03-14,2023-04-05,Sales,Promoter,61910,STOR-0113,Night
EMP-000984,2016-01-01,,Mwangi,Mutiso,Female,1966-03-05,2016-01-01,HR,Recruiter,114487,,Night
EMP-000985,2021-08-23,2024-02-20,Mbugua,Onyango,Male,1987-08-25,2021-08-23,Finance,Cashier,27762,,Off
EMP-000985,2024-02-20,,Mbugua,Onyango,Male,1987-08-25,2021-08-23,Supply Chain,Logistics Officer,29581,,Off
EMP-000986,2018-09-13,,Mwende,Tanui,Male,1966-10-20,2018-09-13,Finance,Cashier,114816,,Day
EMP-000987,2016-01-01,,Sharon,Chege,Female,1985-11-05,2016-01-01,Finance,Accountant,55862,,Day
EMP-000988,2023-01-09,,Rosemary,Chepkoech,Female,1990-12-07,2023-01-09,Supply Chain,Procurement Officer,89447,,Night
EMP-000989,2023-02-27,,Brian,Irungu,Female,1978-07-10,2023-02-27,Warehouse,Stock Keeper,91366,,Night
EMP-000990,2024-12-01,,Felix,Simiyu,Female,1964-10-17,2024-12-01,Supply Chain,Procurement Officer,109066,,Off
EMP-000991,2016-01-01,2017-12-13,Wanjiru,Kiplimo,Male,1967-03-07,2016-01-01,Marketing,Brand Officer,66120,,Day
EMP-000991,2017-12-13,,Wanjiru,Kiplimo,Male,1967-03-07,2016-01-01,Marketing,Brand Officer,82311,,Day
EMP-000992,2024-08-28,,Grace,Jepkemboi,Female,1988-10-08,2024-08-28,Marketing,Marketing Manager,59167,,Off
EMP-000993,2016-02-14,2017-08-25,Emilly,Wanjohi,Female,1998-04-09,2016-02-14,Finance,Finance Manager,76576,STOR-0147,Day
EMP-000993,2017-08-25,,Emilly,Wanjohi,Female,1998-04-09,2016-02-14,Marketing,Digital Officer,95508,STOR-0147,Day
EMP-000994,2023-13-45,2023-13-45,Josephine,Kimeli,Male,2023-13-45,2023-13-45,Finance,Finance Manager,31525,,Night
EMP-000995,2016-01-01,,Wendy,Gakii,Male,1992-11-28,2016-01-01,IT,IT Manager,26850,,Night
EMP-000996,2025-02-08,,Zakayo,Adan,Female,1980-12-08,2025-02-08,Marketing,Marketing Manager,-49975,STOR-0069,Night
EMP-000997,2016-01-01,,Daniel,Kobia,Female,1962-12-18,2016-01-01,Warehouse,Loader,62089,,Day
EMP-000998,2016-01-01,,Muli,Muthiani,Female,1999-06-28,2016-01-01,Finance,Finance Manager,105960,,Day
EMP-000999,2016-01-01,,Ruth,Kipkirui,Female,1968-10-13,2016-01-01,Warehouse,Stock Keeper,115835,,Day
EMP-001000,2018-02-04,,Dorine,Mutai,Female,1971-12-22,2018-02-04,IT,IT Manager,31830,,Day
EMP-001001,2016-01-01,,Angeline,Jepkemboi,Female,1969-03-09,2016-01-01,IT,Support,64650,STOR-0095,Day
EMP-001002,2016-01-01,,Brian,Ochieng,Male,2007-02-01,2016-01-01,IT,Support,69456,STOR-0034,Day
EMP-001003,2016-01-01,,Morris,Wanzala,Female,2003-04-13,2016-01-01,Finance,Accountant,41760,,Night
EMP-001004,2019-05-20,,Wanjiru,Musa,Female,1982-05-11,2019-05-20,Supply Chain,Supply Chain Manager,92760,,Day
EMP-001005,2016-01-01,2017-12-21,Lydiah,Nur,Female,1965-02-27,2016-01-01,Marketing,Digital Officer,82670,,Day
EMP-001005,2017-12-21,,Lydiah,Nur,Female,1965-02-27,2016-01-01,Marketing,Digital Officer,98346,,Day
EMP-001006,2018-03-23,,Rashid,Kiprotich,Female,1982-10-16,2018-03-23,HR,Recruiter,40207,STOR-0127,Day
EMP-001007,2024-08-04,2025-12-02,Judy,Okumu,Female,1961-06-10,2024-08-04,Supply Chain,Logistics Officer,44405,,Day
EMP-001007,2025-12-02,,Judy,Okumu,Female,1961-06-10,2024-08-04,Supply Chain,Logistics Officer,51386,,Day
EMP-001008,2018-10-22,,Margaret,Nyabuto,Male,1989-02-25,2018-10-22,IT,Systems Admin,101486,STOR-0002,Off
EMP-001009,2023-02-08,2026-01-28,Dennis,Wambui,Male,1999-02-26,2023-02-08,Supply Chain,Supply Chain Manager,113723,,Night
EMP-001009,2026-01-28,,Dennis,Wambui,Male,1999-02-26,2023-02-08,Supply Chain,Supply Chain Manager,126449,,Night
EMP-001010,2016-01-01,,Sarah,Muthengi,Female,1967-10-15,2016-01-01,Sales,Sales Associate,85323,,Off
EMP-001011,2016-01-01,,Sifuna,Kamau,Female,1980-01-25,2016-01-01,Marketing,,84388,,Off
EMP-001012,2016-01-26,2021-01-20,Hannah,Thoya,Male,1988-07-23,2016-01-26,Marketing,Brand Officer,67358,,Off
EMP-001012,2021-01-20,2024-10-21,Hannah,Thoya,Male,1988-07-23,2016-01-26,Marketing,Brand Officer,81689,,Off
EMP-001012,2024-10-21,,Hannah,Thoya,Male,1988-07-23,2016-01-26,Marketing,Brand Officer,96960,,Off
EMP-001013,2016-01-01,2017-02-16,Esther,Opiyo,Female,1992-10-15,2016-01-01,Supply Chain,Supply Chain Manager,36690,,Day
EMP-001013,2017-02-16,2019-02-01,Esther,Opiyo,Female,1992-10-15,2016-01-01,Supply Chain,Supply Chain Manager,39717,,Day
EMP-001013,2019-02-01,,Esther,Opiyo,Female,1992-10-15,2016-01-01,Supply Chain,Logistics Officer,48938,,Day
EMP-001014,2016-01-01,,Odhiambo,Wambui,Male,2002-01-07,2016-01-01,Supply Chain,Supply Chain Manager,65645,STOR-0034,Night
EMP-001015,2016-08-15,2022-10-02,Lucy,Kipkoech,Female,1987-07-14,2016-08-15,HR,Recruiter,60190,,Night
EMP-001015,2022-10-02,2024-04-03,Lucy,Kipkoech,Female,1987-07-14,2016-08-15,HR,Recruiter,73101,,Night
EMP-001015,2024-04-03,,Lucy,Kipkoech,Female,1987-07-14,2016-08-15,Warehouse,Forklift Operator,90642,,Night
EMP-001016,2016-01-01,,Brian,Bett,Female,1978-11-16,2016-01-01,Finance,Auditor,113662,,Off
EMP-001017,2016-01-01,,Peris,Mohamed,Female,1981-03-22,2016-01-01,HR,HR Manager,87601,,Day
EMP-001018,2017-09-14,,Hussein,Jerono,Female,2007-12-22,2017-09-14,Finance,Accountant,97219,,Day
EMP-001019,2023-02-15,2024-03-09,Caroline,Muhoro,Female,1976-02-10,2023-02-15,Marketing,Digital Officer,-99511,,Night
EMP-001019,2024-03-09,,Caroline,Muhoro,Female,1976-02-10,2023-02-15,Sales,,118929,,Night
EMP-001020,2016-01-01,2021-01-28,Ahmed,Odiwuor,Female,1982-06-08,2016-01-01,HR,HR Manager,35917,,Off
EMP-001020,2021-01-28,2025-02-10,Ahmed,Odiwuor,Female,1982-06-08,2016-01-01,HR,HR Officer,42119,,Off
EMP-001020,2025-02-10,,Ahmed,Odiwuor,Female,1982-06-08,2016-01-01,HR,HR Officer,47748,,Off
EMP-001021,2023-13-45,2023-13-45,Mary,Ali,Female,2023-13-45,2023-13-45,Sales,Customer Care,113265,,Off
EMP-001021,2020-02-02,2024-01-17,Mary,Ali,Female,1990-08-28,2016-01-01,Sales,Customer Care,140057,,Off
EMP-001021,2024-01-17,,Mary,Ali,Female,1990-08-28,2016-01-01,Sales,Customer Care,171319,,Off
EMP-001022,2025-08-23,,Beatrice,Nyaboke,Male,1986-01-16,2025-08-23,HR,HR Officer,103890,,Night
EMP-001023,2022-05-03,,Judith,Kyalo,Female,1971-06-02,2022-05-03,Warehouse,Loader,26818,,Day
EMP-001024,2016-01-01,,James,Kimeu,Male,1988-01-19,2016-01-01,Marketing,Marketing Manager,110162,,Off
EMP-001025,2016-01-01,2016-12-25,Victor,Kangogo,Male,1999-04-19,2016-01-01,HR,HR Manager,87126,,Day
EMP-001025,2016-12-25,,Victor,Kangogo,Male,1999-04-19,2016-01-01,Marketing,Brand Officer,92270,,Day
EMP-001026,2025-01-28,,Alex,Gikonyo,Female,1974-04-05,2025-01-28,HR,HR Officer,56801,,Off
EMP-001027,2016-01-01,,Anne,Adhiambo,Female,1991-08-30,2016-01-01,Sales,Senior Sales,79484,,Off
EMP-001028,2016-01-01,,David,Nyongesa,Female,1974-02-23,2016-01-01,HR,HR Officer,102468,,Off
EMP-001029,2017-12-02,2021-10-15,Eric,Bashir,Female,1994-12-21,2017-12-02,IT,IT Manager,80312,,Off
EMP-001029,2021-10-15,2024-12-25,Eric,Bashir,Female,1994-12-21,2017-12-02,IT,IT Manager,84751,,Off
EMP-001029,2024-12-25,,Eric,Bashir,Female,1994-12-21,2017-12-02,IT,IT Manager,95369,,Off
EMP-001030,2021-08-23,,Beryl,Mutuma,Female,1977-01-23,2021-08-23,HR,HR Manager,46146,,Day
EMP-001031,2017-09-08,,Mutua,Aden,Female,1972-09-06,2017-09-08,IT,Developer,103918,STOR-0120,Day
EMP-001032,2023-11-21,,Laura,Bett,Female,1998-02-12,2023-11-21,Marketing,Brand Officer,86908,,Day
EMP-001033,2016-01-01,2018-01-11,Anthony,Wanjiku,Female,1978-03-15,2016-01-01,Warehouse,Loader,51146,,Night
EMP-001033,2018-01-11,2020-12-11,Anthony,Wanjiku,Female,1978-03-15,2016-01-01,Warehouse,Loader,61994,,Night
EMP-001033,2020-12-11,,Anthony,Wanjiku,Female,1978-03-15,2016-01-01,Warehouse,Loader,77334,,Night
EMP-001034,2016-09-02,2020-10-22,Peter,Mwangi,Male,1999-07-17,2016-09-02,Sales,Customer Care,59184,,Day
EMP-001034,2020-10-22,,Peter,Mwangi,Male,1999-07-17,2016-09-02,Sales,Customer Care,63923,,Day
EMP-001035,2023-02-20,,Judy,Mumbi,Female,2006-09-19,2023-02-20,Warehouse,Warehouse Manager,98660,,Night
EMP-001036,2016-01-01,,Mwangi,Maingi,Female,1995-07-12,2016-01-01,Warehouse,Warehouse Manager,117589,,Night
EMP-001037,2016-01-01,2016-08-23,Joseph,Jepchumba,Male,2007-01-09,2016-01-01,Supply Chain,Procurement Officer,98724,,Day
EMP-001037,2016-08-23,,Joseph,Jepchumba,Male,2007-01-09,2016-01-01,Supply Chain,Procurement Officer,115391,,Day
EMP-001038,2016-01-01,2016-08-20,Mohamud,Hassan,Female,1972-05-20,2016-01-01,Marketing,Brand Officer,91308,,Day
EMP-001038,2016-08-20,2020-12-07,Mohamud,Hassan,Female,1972-05-20,2016-01-01,Marketing,Brand Officer,102829,,Day
EMP-001038,2020-12-07,,Mohamud,Hassan,Female,1972-05-20,2016-01-01,Marketing,Brand Officer,127917,,Day
EMP-001039,2016-08-14,,Julius,Muinde,Male,1981-05-21,2016-08-14,Supply Chain,Procurement Officer,57154,,Night
EMP-001040,2016-01-01,2023-09-14,Lilian,Kimeu,Male,1979-05-04,2016-01-01,Marketing,Brand Officer,72270,,Day
EMP-001040,2023-09-14,2024-12-29,Lilian,Kimeu,Male,1979-05-04,2016-01-01,Marketing,Brand Officer,88055,,Day
EMP-001040,2024-12-29,,Lilian,Kimeu,Male,1979-05-04,2016-01-01,Marketing,Brand Officer,107221,,Day
EMP-001041,2023-07-15,,Stella,Mutinda,Female,1975-06-13,2023-07-15,Supply Chain,Logistics Officer,114417,,Day
EMP-001042,2016-01-01,,Nyongesa,Kwamboka,Male,2003-01-13,2016-01-01,Finance,Auditor,46538,,Night
EMP-001043,2016-01-01,,Meshack,Omondi,Male,1995-05-29,2016-01-01,Supply Chain,Logistics Officer,93128,STOR-0108,Night
EMP-001044,2020-06-01,,Weddy,Jarso,Female,1986-01-24,2020-06-01,Supply Chain,Supply Chain Manager,94178,,Day
EMP-001045,2016-09-20,,Calvince,Aden,Female,1979-11-01,2016-09-20,Supply Chain,Logistics Officer,110463,,Night
EMP-001046,2023-13-45,2023-13-45,Shadrack,Omondi,Female,2023-13-45,2023-13-45,Sales,Customer Care,76117,,Off
EMP-001047,2016-02-17,2021-05-01,Sammy,Wanjala,Female,1982-09-22,2016-02-17,IT,Developer,93332,,Off
EMP-001047,2021-05-01,,Sammy,Wanjala,Female,1982-09-22,2016-02-17,IT,Developer,106747,,Off
EMP-001048,2019-12-14,,Fredrick,Okeyo,Male,2004-12-06,2019-12-14,IT,IT Manager,32857,,Night
EMP-001049,2016-01-01,2017-06-16,Shadrack,Wambui,Female,1976-12-13,2016-01-01,Marketing,Marketing Manager,83816,,Off
EMP-001049,2017-06-16,2024-10-19,Shadrack,Wambui,Female,1976-12-13,2016-01-01,Marketing,Marketing Manager,94960,,Off
EMP-001049,2024-10-19,,Shadrack,Wambui,Female,1976-12-13,2016-01-01,IT,Systems Admin,104900,,Off
EMP-001050,2019-05-22,,Judy,Jerotich,Female,1988-02-05,2019-05-22,Supply Chain,Logistics Officer,100073,,Off
EMP-001051,2016-01-01,,Elizabeth,Too,Male,1962-05-01,2016-01-01,IT,Systems Admin,72352,,Day
EMP-001052,2016-01-01,,Elizabeth,Saitoti,Female,1978-04-03,2016-01-01,HR,HR Manager,87423,,Day
EMP-001053,2022-05-19,,Pamela,Oduor,Female,1963-01-01,2022-05-19,HR,HR Officer,80498,STOR-0126,Off
EMP-001054,2016-01-01,,Nduta,Iminza,Male,1973-07-10,2016-01-01,HR,HR Officer,84993,,Off
EMP-001055,2016-08-16,,Salim,Chepkurui,Male,2007-04-21,2016-08-16,Sales,Promoter,98272,,Day
EMP-001056,2016-01-01,,Kilonzo,Aluoch,Female,2006-04-27,2016-01-01,IT,Developer,30279,,Day
EMP-001057,2019-05-16,2025-06-16,Gilbert,Ibrahim,Female,1972-03-02,2019-05-16,Sales,Promoter,43630,,Night
EMP-001057,2025-06-16,2026-01-24,Gilbert,Ibrahim,Female,1972-03-02,2019-05-16,Sales,Promoter,46303,,Night
EMP-001057,2026-01-24,,Gilbert,Ibrahim,Female,1972-03-02,2019-05-16,Sales,Promoter,56625,,Night
EMP-001058,2025-01-04,,Daudi,Chebet,Male,1992-08-20,2025-01-04,IT,Developer,33855,STOR-0107,Night
EMP-001059,2020-07-16,,Paul,Njuguna,Female,1998-08-22,2020-07-16,Supply Chain,Logistics Officer,104391,,Day
EMP-001060,2024-11-15,,Naomi,Kariuki,Female,2006-11-08,2024-11-15,Warehouse,Stock Keeper,36706,,Off
EMP-001061,2023-13-45,2023-13-45,Rael,Mwangangi,Female,2023-13-45,2023-13-45,IT,IT Manager,112876,STOR-0072,Off
EMP-001061,2021-01-14,,Rael,Mwangangi,Female,1975-09-22,2017-07-11,Sales,Customer Care,136871,STOR-0072,Off
EMP-001062,2016-01-01,,Erick,Bwire,Male,1989-03-18,2016-01-01,IT,IT Manager,99743,,Night
EMP-001063,2016-01-01,,Joan,Okoth,Male,1978-05-01,2016-01-01,Warehouse,Warehouse Manager,61039,,Day
EMP-001064,2016-01-01,,Mutie,Chepkorir,Female,1968-08-12,2016-01-01,Finance,Auditor,102187,,Day
EMP-001065,2023-01-28,,Kipkoech,Kimanthi,Male,2000-04-23,2023-01-28,IT,Developer,75070,,Day
EMP-001066,2019-03-06,,Amin,Kipkirui,Male,1992-09-25,2019-03-06,Finance,Accountant,45214,,Night
EMP-001067,2020-03-01,2023-11-26,Achieng,John,Male,2006-12-02,2020-03-01,Marketing,Marketing Manager,64062,,Night
EMP-001067,2023-11-26,2025-07-09,Achieng,John,Male,2006-12-02,2020-03-01,Marketing,Marketing Manager,80073,,Night
EMP-001067,2025-07-09,,Achieng,John,Male,2006-12-02,2020-03-01,Marketing,Marketing Manager,100037,,Night
EMP-001068,2016-01-01,,Shadrack,Odhiambo,Male,1970-11-10,2016-01-01,Supply Chain,Logistics Officer,101812,,Off
EMP-001069,2016-01-01,2024-04-11,Moses,Achieng,Female,1988-06-11,2016-01-01,Finance,Auditor,97498,,Night
EMP-001069,2024-04-11,,Moses,Achieng,Female,1988-06-11,2016-01-01,Finance,Auditor,113203,,Night
EMP-001070,2016-01-01,2017-11-13,Kevin,Mwalimu,Female,1972-11-14,2016-01-01,IT,Systems Admin,64926,,Night
EMP-001070,2017-11-13,,Kevin,Mwalimu,Female,1972-11-14,2016-01-01,IT,Systems Admin,78157,,Night
EMP-001071,2016-01-01,,Muriithi,Kilonzo,Female,1972-08-18,2016-01-01,HR,HR Officer,84210,,Night
EMP-001072,2016-01-01,,Kamau,Odhiambo,Female,1991-05-12,2016-01-01,HR,Recruiter,103363,,Off
EMP-001073,2016-10-27,,Eric,Masika,Female,1972-01-27,2016-10-27,IT,Developer,30961,,Off
EMP-001074,2016-01-01,,Mumbi,Wanjiku,Female,1966-08-04,2016-01-01,Sales,Promoter,97938,STOR-0111,Day
EMP-001075,2020-11-09,,Paul,Gitau,Female,1989-10-27,2020-11-09,Supply Chain,Logistics Officer,84338,,Off
EMP-001076,2016-08-20,,Jeremiah,Kiama,Female,1986-09-07,2016-08-20,Finance,Accountant,115681,,Day
EMP-001077,2016-01-01,,John,Katana,Male,1985-12-27,2016-01-01,HR,HR Officer,116290,,Night
EMP-001078,2016-01-01,,Getrude,Sakwa,Male,1996-09-25,2016-01-01,Marketing,Marketing Manager,71267,STOR-0097,Off
EMP-001079,2016-01-01,2020-09-22,Patrick,Salim,Male,2003-03-31,2016-01-01,Finance,Finance Manager,83271,,Off
EMP-001079,2020-09-22,2023-02-21,Patrick,Salim,Male,2003-03-31,2016-01-01,Marketing,Brand Officer,103168,,Off
EMP-001079,2023-02-21,,Patrick,Salim,Male,2003-03-31,2016-01-01,Marketing,Brand Officer,125857,,Off
EMP-001080,2019-12-08,,Christine,Owino,Male,1969-05-16,2019-12-08,Warehouse,Forklift Operator,72579,,Night
EMP-001081,2016-01-01,,Ibrahim,Mwaniki,Male,1981-06-06,2016-01-01,Marketing,Brand Officer,39541,STOR-0146,Off
EMP-001082,2016-01-01,,Charles,Bashir,Male,1980-11-21,2016-01-01,Warehouse,Warehouse Manager,41702,,Off
EMP-001083,2016-11-01,,Moreen,Ndungu,Female,1996-01-02,2016-11-01,Marketing,Digital Officer,94853,,Off
EMP-001084,2016-01-01,,Kipyegon,Chepkemoi,Female,2007-05-03,2016-01-01,Marketing,Digital Officer,31797,STOR-0083,Night
EMP-001085,2018-02-22,,Sheillah,Owino,Female,1993-12-15,2018-02-22,IT,Support,89955,,Day
EMP-001086,2016-01-01,,Gilbert,Akinyi,Male,1988-01-19,2016-01-01,IT,Support,66450,,Day
EMP-001087,2017-12-14,2020-03-29,Joseph,Kimani,Male,1969-07-12,2017-12-14,Sales,Promoter,50805,,Night
EMP-001087,2020-03-29,,Joseph,Kimani,Male,1969-07-12,2017-12-14,Sales,Promoter,55858,,Night
EMP-001088,2023-01-19,2024-01-25,Jackline,Wanjohi,Female,1972-02-06,2023-01-19,Supply Chain,Logistics Officer,68817,,Day
EMP-001088,2024-01-25,,Jackline,Wanjohi,Female,1972-02-06,2023-01-19,Supply Chain,Logistics Officer,78458,,Day
EMP-001089,2020-09-26,,Christopher,Nanjala,Male,1963-02-21,2020-09-26,Warehouse,Warehouse Manager,103638,,Day
EMP-001090,2016-01-01,2017-04-26,Nelson,Karani,Male,1996-12-26,2016-01-01,HR,Recruiter,115880,,Day
EMP-001090,2017-04-26,2022-11-11,Nelson,Karani,Male,1996-12-26,2016-01-01,HR,Recruiter,124667,,Day
EMP-001090,2022-11-11,,Nelson,Karani,Male,1996-12-26,2016-01-01,HR,Recruiter,154688,,Day
EMP-001091,2016-01-01,2016-10-29,Chepkemoi,Nasimiyu,Female,2005-01-27,2016-01-01,Sales,Sales Associate,63655,,Night
EMP-001091,2016-10-29,2018-02-20,Chepkemoi,Nasimiyu,Female,2005-01-27,2016-01-01,Sales,Sales Associate,74554,,Night
EMP-001091,2018-02-20,,Chepkemoi,Nasimiyu,Female,2005-01-27,2016-01-01,Supply Chain,Logistics Officer,81690,,Night
EMP-001092,2024-07-15,,Caroline,Kioko,Male,1986-06-23,2024-07-15,Supply Chain,Supply Chain Manager,106292,,Night
EMP-001093,2024-09-11,,Emmanuel,Cheruiyot,Male,2008-05-12,2024-09-11,IT,Systems Admin,39156,,Off
EMP-001094,2016-01-01,,Michael,Gathoni,Male,2003-06-29,2016-01-01,Finance,Cashier,80182,,Off
EMP-001095,2016-01-01,,John,Gitonga,Male,1967-06-21,2016-01-01,Warehouse,Stock Keeper,101614,,Off
EMP-001096,2016-01-01,,Jane,Macharia,Female,2001-10-24,2016-01-01,Finance,Cashier,63150,,Day
EMP-001097,2016-01-01,,Margaret,Kioko,Male,1967-09-27,2016-01-01,Supply Chain,Logistics Officer,32157,,Day
EMP-001098,2016-01-01,,Cornelius,Githinji,Male,1979-11-02,2016-01-01,Marketing,Brand Officer,116066,,Night
EMP-001099,2020-10-10,,Dennis,Omondi,Female,1974-02-12,2020-10-10,HR,Recruiter,46270,,Day
EMP-001100,2017-12-08,,Mary,Mugendi,Male,1996-03-13,2017-12-08,HR,HR Officer,52936,,Off
EMP-001101,2022-04-13,2024-01-11,Anita,Musyoka,Female,1988-06-25,2022-04-13,Warehouse,Warehouse Manager,72555,,Night
EMP-001101,2024-01-11,,Anita,Musyoka,Female,1988-06-25,2022-04-13,Warehouse,Warehouse Manager,85929,,Night
EMP-001102,2024-04-21,2025-10-26,Francis,Cheptoo,Female,1974-09-25,2024-04-21,IT,Developer,30754,STOR-0051,Day
EMP-001102,2025-10-26,,Francis,Cheptoo,Female,1974-09-25,2024-04-21,IT,Developer,36093,STOR-0051,Day
EMP-001103,2020-09-08,,Mark,Otieno,Male,2006-04-21,2020-09-08,Warehouse,Loader,27817,,Night
EMP-001104,2016-01-01,2024-11-24,Stephen,Omondi,Male,1999-09-02,2016-01-01,Supply Chain,Procurement Officer,69352,STOR-0079,Night
EMP-001104,2024-11-24,2025-07-19,Stephen,Omondi,Male,1999-09-02,2016-01-01,Warehouse,Forklift Operator,77787,STOR-0079,Night
EMP-001104,2025-07-19,,Stephen,Omondi,Male,1999-09-02,2016-01-01,Sales,Sales Associate,83443,STOR-0079,Night
EMP-001105,2016-01-01,,Selina,Jeruto,Male,1965-09-15,2016-01-01,IT,Support,116010,,Off
EMP-001106,2016-01-01,,Eunice,Kamau,Male,1978-01-05,2016-01-01,Warehouse,Stock Keeper,44472,,Day
EMP-001107,2016-01-01,,Sharon,Nyaga,Female,1980-09-28,2016-01-01,HR,HR Manager,35670,,Off
EMP-001108,2022-11-25,,Jackson,Mwangi,Male,1972-06-27,2022-11-25,IT,Developer,90350,,Day
EMP-001109,2025-12-16,,Josphine,George,Female,1985-02-10,2025-12-16,HR,Recruiter,101177,,Off
EMP-001110,2017-04-15,,Florence,Rotich,Male,1968-06-26,2017-04-15,Supply Chain,Procurement Officer,76891,,Night
EMP-001111,2021-05-18,,Kelvin,Keter,Male,1963-09-21,2021-05-18,Sales,Promoter,36013,,Off
EMP-001112,2024-09-20,,John,Abdi,Male,2004-08-22,2024-09-20,Finance,,84133,,Night
EMP-001113,2020-05-13,2023-02-20,Vincent,Musyoka,Female,1990-05-21,2020-05-13,Sales,Promoter,82892,,Off
EMP-001113,2023-02-20,,Vincent,Musyoka,Female,1990-05-21,2020-05-13,Sales,Promoter,98170,,Off
EMP-001114,2018-04-04,,Gloria,Ali,Male,1983-12-03,2018-04-04,Sales,Sales Associate,72216,,Day
EMP-001115,2018-05-24,,George,Kipkoech,Female,1991-09-01,2018-05-24,Supply Chain,Logistics Officer,60974,,Off
EMP-001116,2023-13-45,2023-13-45,Ian,Chege,Female,2023-13-45,2023-13-45,Supply Chain,Supply Chain Manager,77928,STOR-0149,Off
EMP-001116,2023-09-01,,Ian,Chege,Female,1993-02-21,2016-01-01,Supply Chain,Supply Chain Manager,89933,STOR-0149,Off
EMP-001117,2017-12-24,,Esther,Mumbua,Male,1968-04-17,2017-12-24,Warehouse,Forklift Operator,55634,,Off
EMP-001118,2020-02-11,,Victor,Ooko,Female,1971-06-12,2020-02-11,Supply Chain,Procurement Officer,81202,,Off
EMP-001119,2024-09-01,2026-01-05,Ibrahim,Patrick,Female,1993-06-11,2024-09-01,Finance,Finance Manager,100695,STOR-0079,Off
EMP-001119,2026-01-05,,Ibrahim,Patrick,Female,1993-06-11,2024-09-01,Finance,Finance Manager,121283,STOR-0079,Off
EMP-001120,2023-07-22,,Mbithi,Wachira,Male,2002-03-14,2023-07-22,Supply Chain,Supply Chain Manager,115507,,Night
EMP-001121,2016-01-01,2018-09-18,Clinton,Nyongesa,Male,1962-07-24,2016-01-01,IT,Support,74980,,Night
EMP-001121,2018-09-18,2023-04-25,Clinton,Nyongesa,Male,1962-07-24,2016-01-01,IT,Support,86529,,Night
EMP-001121,2023-04-25,,Clinton,Nyongesa,Male,1962-07-24,2016-01-01,IT,Support,105603,,Night
EMP-001122,2020-10-15,,Mercyline,Onyango,Male,1988-08-02,2020-10-15,Marketing,Brand Officer,37221,,Off
EMP-001123,2025-01-06,2025-11-04,Barasa,Maina,Male,2005-03-03,2025-01-06,Warehouse,Warehouse Manager,75579,,Day
EMP-001123,2025-11-04,,Barasa,Maina,Male,2005-03-03,2025-01-06,Warehouse,Warehouse Manager,87700,,Day
EMP-001124,2021-09-01,2025-06-04,John,Muya,Male,1996-04-24,2021-09-01,Warehouse,Stock Keeper,78852,,Day
EMP-001124,2025-06-04,2026-01-25,John,Muya,Male,1996-04-24,2021-09-01,Warehouse,Stock Keeper,91640,,Day
EMP-001124,2026-01-25,,John,Muya,Male,1996-04-24,2021-09-01,Sales,Senior Sales,112289,,Day
EMP-001125,2016-01-01,,Eunice,Kimani,Male,2006-03-08,2016-01-01,HR,HR Officer,112135,,Off
EMP-001126,2016-09-23,,Josphine,Okumu,Female,2007-06-08,2016-09-23,Marketing,Brand Officer,61102,,Day
EMP-001127,2017-09-11,,Margaret,Kamau,Female,2005-08-17,2017-09-11,IT,Support,85319,,Day
EMP-001128,2024-06-23,,Susan,Yussuf,Female,2005-10-06,2024-06-23,Supply Chain,Logistics Officer,63987,,Day
EMP-001129,2023-08-13,,Ruth,Mbugua,Male,1998-08-05,2023-08-13,Marketing,Marketing Manager,116556,,Night
EMP-001130,2017-03-09,,Nekesa,Owuor,Male,1961-05-23,2017-03-09,Marketing,Digital Officer,63258,,Day
EMP-001131,2025-07-25,,Sharon,Atieno,Male,1992-07-14,2025-07-25,IT,IT Manager,73330,,Day
EMP-001132,2023-08-06,2025-09-07,Stella,Syombua,Female,1965-09-10,2023-08-06,Finance,Finance Manager,91330,,Day
EMP-001132,2025-09-07,,Stella,Syombua,Female,1965-09-10,2023-08-06,Finance,Finance Manager,103266,,Day
EMP-001133,2022-04-13,,Kiprop,Mutua,Female,1979-07-12,2022-04-13,Sales,Sales Associate,57847,,Day
EMP-001134,2025-08-03,,David,Kimani,Female,2004-05-17,2025-08-03,Sales,Promoter,118530,STOR-0036,Night
EMP-001135,2016-01-01,,Clinton,Muhonja,Male,1965-12-18,2016-01-01,Sales,Promoter,63554,,Off
EMP-001136,2016-01-01,2017-12-27,Wangari,Jepkosgei,Male,1991-02-03,2016-01-01,Warehouse,,71935,,Off
EMP-001136,2017-12-27,,Wangari,Jepkosgei,Male,1991-02-03,2016-01-01,Warehouse,Forklift Operator,77459,,Off
EMP-001137,2016-01-01,,Judy,Mutai,Male,1968-09-04,2016-01-01,Finance,Auditor,31870,,Day
EMP-001138,2017-06-08,,Jennifer,Mutie,Male,1961-10-22,2017-06-08,Warehouse,Warehouse Manager,27102,,Day
EMP-001139,2016-01-01,,Ibrahim,Kirui,Male,1998-07-06,2016-01-01,Supply Chain,Logistics Officer,47004,,Day
EMP-001140,2020-06-18,,Tobias,Kurgat,Male,2001-09-18,2020-06-18,Marketing,Marketing Manager,106877,,Off
EMP-001141,2016-01-01,,Valary,Mutiso,Female,1995-03-11,2016-01-01,Sales,Customer Care,67384,,Night
EMP-001142,2022-04-15,,Wanjohi,Muhumed,Male,1991-08-24,2022-04-15,Warehouse,Warehouse Manager,111240,,Off
EMP-001143,2016-01-01,2020-04-14,Getrude,Cherotich,Male,1964-04-17,2016-01-01,Finance,Auditor,38344,,Off
EMP-001143,2020-04-14,,Getrude,Cherotich,Male,1964-04-17,2016-01-01,Finance,Auditor,40481,,Off
EMP-001144,2020-03-21,,Kemunto,Langat,Male,2002-10-10,2020-03-21,Supply Chain,Logistics Officer,66676,STOR-0124,Day
EMP-001145,2022-09-21,2025-02-19,Thuo,Bundi,Female,1985-04-27,2022-09-21,Marketing,Marketing Manager,90984,,Day
EMP-001145,2025-02-19,,Thuo,Bundi,Female,1985-04-27,2022-09-21,Marketing,Marketing Manager,109274,,Day
EMP-001146,2023-04-20,2023-10-20,Dennis,Nyaboke,Male,1975-09-09,2023-04-20,Sales,Sales Associate,43029,,Night
EMP-001146,2023-10-20,2025-01-07,Dennis,Nyaboke,Male,1975-09-09,2023-04-20,Sales,Sales Associate,50518,,Night
EMP-001146,2025-01-07,,Dennis,Nyaboke,Male,1975-09-09,2023-04-20,Sales,Promoter,60157,,Night
EMP-001147,2020-03-09,,Wambui,Muturi,Female,1980-06-20,2020-03-09,Finance,Accountant,93271,,Night
EMP-001148,2023-13-45,2023-13-45,Hezron,Chelangat,Female,2023-13-45,2023-13-45,Marketing,Brand Officer,69922,,Off
EMP-001148,2017-04-09,,Hezron,Chelangat,Female,1967-11-01,2016-01-01,Marketing,Digital Officer,76396,,Off
EMP-001149,2022-09-11,2023-08-23,Peris,Mohamud,Male,1988-06-11,2022-09-11,Warehouse,Forklift Operator,107546,,Night
EMP-001149,2023-08-23,,Peris,Mohamud,Male,1988-06-11,2022-09-11,Warehouse,Forklift Operator,115856,,Night
EMP-001150,2016-03-03,,Benson,Wafula,Male,1968-10-25,2016-03-03,Warehouse,Loader,55973,,Night
EMP-001151,2016-01-01,2019-09-26,Anyango,Kinyua,Female,1991-09-13,2016-01-01,Warehouse,Forklift Operator,48125,,Night
EMP-001151,2019-09-26,2023-02-06,Anyango,Kinyua,Female,1991-09-13,2016-01-01,Warehouse,Stock Keeper,50671,,Night
EMP-001151,2023-02-06,,Anyango,Kinyua,Female,1991-09-13,2016-01-01,Warehouse,Stock Keeper,56757,,Night
EMP-001152,2021-07-13,,Mohamed,Mwende,Male,2003-09-10,2021-07-13,Warehouse,Forklift Operator,82852,,Off
EMP-001153,2025-01-25,,Anne,Nyabuto,Male,1991-04-04,2025-01-25,HR,Recruiter,35909,,Night
EMP-001154,2016-01-01,,Job,Wanjohi,Male,1994-11-28,2016-01-01,HR,Recruiter,84454,,Off
EMP-001155,2020-03-23,,Victor,Awino,Male,1996-09-09,2020-03-23,HR,HR Manager,45280,STOR-0002,Day
EMP-001156,2025-07-14,,Rose,Chemutai,Female,1990-01-19,2025-07-14,HR,HR Officer,73908,,Night
EMP-001157,2023-01-04,,Martha,Yussuf,Male,1995-03-11,2023-01-04,HR,HR Officer,46281,,Night
EMP-001158,2025-11-23,,Vivian,Okelo,Female,2007-09-05,2025-11-23,Finance,Accountant,110315,,Night
EMP-001159,2025-01-27,2025-08-15,Munyoki,Bosire,Male,1969-05-02,2025-01-27,Finance,Accountant,116418,,Day
EMP-001159,2025-08-15,,Munyoki,Bosire,Male,1969-05-02,2025-01-27,Warehouse,Stock Keeper,135974,,Day
EMP-001160,2016-01-01,,Rashid,Oluoch,Male,1982-07-02,2016-01-01,Supply Chain,Procurement Officer,109462,,Night
EMP-001161,2016-07-06,,Oliver,Mbugua,Male,2002-01-15,2016-07-06,Supply Chain,Supply Chain Manager,58144,,Off
EMP-001162,2019-12-14,,Beth,Njambi,Female,1979-03-21,2019-12-14,Supply Chain,Logistics Officer,36648,,Off
EMP-001163,2016-01-01,,Caleb,Owino,Female,1980-08-13,2016-01-01,Warehouse,Forklift Operator,116620,,Day
EMP-001164,2016-01-01,,Wangui,Hassan,Male,1988-09-07,2016-01-01,Marketing,Brand Officer,93807,,Night
EMP-001165,2016-01-01,,Mary,Muchoki,Male,1995-06-18,2016-01-01,Marketing,Marketing Manager,50954,,Off
EMP-001166,2016-03-07,,Shadrack,Nkatha,Female,1981-12-17,2016-03-07,Sales,Promoter,50150,,Night
EMP-001167,2016-01-01,2020-03-10,Lilian,Ogada,Male,2003-08-24,2016-01-01,Sales,Senior Sales,41342,,Night
EMP-001167,2020-03-10,,Lilian,Ogada,Male,2003-08-24,2016-01-01,Sales,Senior Sales,46652,,Night
EMP-001168,2016-01-01,2022-05-14,Collins,Mwanzia,Female,1980-05-16,2016-01-01,Finance,Accountant,112205,,Day
EMP-001168,2022-05-14,,Collins,Mwanzia,Female,1980-05-16,2016-01-01,Finance,Accountant,127632,,Day
EMP-001169,2025-08-25,,Sophia,Hassan,Female,2004-11-01,2025-08-25,Finance,Auditor,69112,,Night
EMP-001170,2021-11-13,2025-04-24,Emmah,Njeri,Male,1997-07-07,2021-11-13,HR,HR Officer,32502,STOR-0085,Day
EMP-001170,2025-04-24,2025-12-22,Emmah,Njeri,Male,1997-07-07,2021-11-13,Supply Chain,Procurement Officer,40004,STOR-0085,Day
EMP-001170,2025-12-22,,Emmah,Njeri,Male,1997-07-07,2021-11-13,Supply Chain,Procurement Officer,44790,STOR-0085,Day
EMP-001171,2018-12-25,,Lilian,Kamande,Male,1998-11-11,2018-12-25,Supply Chain,Procurement Officer,73290,,Off
EMP-001172,2023-11-07,,Daud,Odongo,Female,2005-12-31,2023-11-07,Sales,Customer Care,27179,,Day
EMP-001173,2024-04-20,,Lilian,Yegon,Female,1996-12-06,2024-04-20,HR,Recruiter,105293,,Night
EMP-001174,2016-01-01,,Antony,Jelimo,Female,1961-06-20,2016-01-01,Finance,Finance Manager,118315,,Off
EMP-001175,2016-01-01,,Murithi,Mohamed,Male,1970-06-28,2016-01-01,Sales,Customer Care,113219,STOR-0120,Day
EMP-001176,2025-11-18,,David,Odhiambo,Male,1978-10-07,2025-11-18,Warehouse,Loader,52740,,Off
EMP-001177,2023-12-01,,Catherine,Wanjiku,Male,1980-02-07,2023-12-01,Warehouse,Stock Keeper,75264,,Day
EMP-001178,2016-01-01,,Lucy,Wambui,Female,1964-10-26,2016-01-01,IT,Support,36854,,Night
EMP-001179,2020-07-23,,Christine,Koech,Male,1997-06-04,2020-07-23,Marketing,Digital Officer,75023,,Off
EMP-001180,2017-04-09,,Peter,Abdille,Female,1967-07-29,2017-04-09,Sales,Customer Care,36492,,Night
EMP-001181,2016-01-01,,Faith,Nduku,Male,1998-11-01,2016-01-01,Warehouse,Stock Keeper,74832,,Day
EMP-001182,2022-07-11,,Caren,Mathenge,Male,1998-10-17,2022-07-11,Supply Chain,Supply Chain Manager,114037,STOR-0033,Off
EMP-001183,2016-01-01,,Dickson,Kosgei,Male,2007-12-21,2016-01-01,IT,Support,66409,,Night
EMP-001184,2024-03-20,2025-07-14,Antony,Kinuthia,Female,1986-07-26,2024-03-20,Finance,Finance Manager,112208,,Off
EMP-001184,2025-07-14,2026-01-20,Antony,Kinuthia,Female,1986-07-26,2024-03-20,Finance,Finance Manager,129353,,Off
EMP-001184,2026-01-20,,Antony,Kinuthia,Female,1986-07-26,2024-03-20,Marketing,Marketing Manager,156094,,Off
EMP-001185,2025-11-27,,Racheal,Makungu,Female,1981-11-16,2025-11-27,Warehouse,Forklift Operator,63206,,Night
EMP-001186,2016-12-26,,Dinah,Odhiambo,Male,1977-09-14,2016-12-26,Warehouse,Warehouse Manager,48464,STOR-0101,Night
EMP-001187,2016-01-01,,Kennedy,Chemtai,Male,1990-10-01,2016-01-01,Finance,Auditor,113853,,Night
EMP-001188,2016-01-01,2022-10-01,Linet,Martin,Female,2008-07-19,2016-01-01,Finance,Cashier,116275,STOR-0141,Night
EMP-001188,2022-10-01,2025-09-29,Linet,Martin,Female,2008-07-19,2016-01-01,Supply Chain,Procurement Officer,131310,STOR-0141,Night
EMP-001188,2025-09-29,,Linet,Martin,Female,2008-07-19,2016-01-01,Finance,Auditor,154212,STOR-0141,Night
EMP-001189,2016-01-01,2021-06-30,Makokha,Munyao,Male,1973-10-07,2016-01-01,HR,Recruiter,43982,,Off
EMP-001189,2021-06-30,,Makokha,Munyao,Male,1973-10-07,2016-01-01,HR,Recruiter,53766,,Off
EMP-001190,2016-01-01,2019-09-03,Karanja,Apondi,Male,1965-08-31,2016-01-01,Marketing,Marketing Manager,32383,,Night
EMP-001190,2019-09-03,,Karanja,Apondi,Male,1965-08-31,2016-01-01,Marketing,Marketing Manager,40151,,Night
EMP-001191,2023-03-21,,Sabina,Sifuna,Female,1968-09-20,2023-03-21,Marketing,Brand Officer,57112,,Day
EMP-001192,2016-01-01,,Alfred,Mwaura,Female,1998-06-23,2016-01-01,HR,HR Officer,112914,,Night
EMP-001193,2018-11-21,2019-06-06,Jackson,Wanjiku,Female,1977-12-14,2018-11-21,HR,Recruiter,26520,,Day
EMP-001193,2019-06-06,,Jackson,Wanjiku,Female,1977-12-14,2018-11-21,HR,Recruiter,28626,,Day
EMP-001194,2018-12-24,,Mark,Kimeu,Female,1971-02-18,2018-12-24,Sales,Promoter,75326,,Off
EMP-001195,2016-01-01,,Brian,Mawia,Female,2001-03-20,2016-01-01,Sales,Promoter,78127,,Day
EMP-001196,2016-01-01,,David,Kung'u,Female,2002-06-29,2016-01-01,IT,IT Manager,52192,STOR-0031,Day
EMP-001197,2016-01-01,2025-11-07,Kemunto,Ibrahim,Male,1999-07-27,2016-01-01,Supply Chain,Supply Chain Manager,41127,,Off
EMP-001197,2025-11-07,,Kemunto,Ibrahim,Male,1999-07-27,2016-01-01,Supply Chain,Supply Chain Manager,50804,,Off
EMP-001198,2016-01-01,,Stanley,Ogola,Female,1982-03-25,2016-01-01,IT,Developer,72652,STOR-0044,Night
EMP-001199,2017-05-02,,Calvin,Migwi,Male,1996-01-10,2017-05-02,IT,Developer,111397,,Day
EMP-001200,2021-10-18,2024-08-06,James,Charo,Female,1988-11-26,2021-10-18,IT,Systems Admin,115168,,Day
EMP-001200,2024-08-06,,James,Charo,Female,1988-11-26,2021-10-18,IT,Systems Admin,132261,,Day
EMP-001201,2016-03-20,,Kipchumba,Ali,Female,1975-08-26,2016-03-20,IT,Systems Admin,102566,,Day
EMP-001202,2016-01-01,2022-08-18,Violet,Mwiti,Female,1983-02-16,2016-01-01,Finance,Auditor,110166,,Night
EMP-001202,2022-08-18,2024-05-15,Violet,Mwiti,Female,1983-02-16,2016-01-01,HR,HR Officer,121364,STOR-0103,Night
EMP-001202,2024-05-15,,Violet,Mwiti,Female,1983-02-16,2016-01-01,HR,HR Officer,138576,STOR-0103,Night
EMP-001203,2016-01-01,,Ali,Jemutai,Male,1996-09-12,2016-01-01,Finance,Finance Manager,118643,,Off
EMP-001204,2023-03-11,2023-09-20,Tonny,Mohammed,Male,2004-10-13,2023-03-11,Supply Chain,Supply Chain Manager,74668,,Off
EMP-001204,2023-09-20,2024-06-15,Tonny,Mohammed,Male,2004-10-13,2023-03-11,Supply Chain,Supply Chain Manager,93036,,Off
EMP-001204,2024-06-15,,Tonny,Mohammed,Male,2004-10-13,2023-03-11,Sales,Senior Sales,106854,,Off
EMP-001205,2020-11-03,2023-05-29,Grace,Kemboi,Male,2004-04-21,2020-11-03,Finance,Cashier,60815,,Day
EMP-001205,2023-05-29,,Grace,Kemboi,Male,2004-04-21,2020-11-03,Finance,Cashier,67854,,Day
EMP-001206,2022-02-26,,Juliana,Odero,Male,1982-06-09,2022-02-26,Sales,Promoter,94006,,Night
EMP-001207,2023-13-45,2023-13-45,Kenneth,Mmbone,Female,2023-13-45,2023-13-45,Marketing,Digital Officer,61961,,Off
EMP-001207,2023-01-21,,Kenneth,Mmbone,Female,1968-04-24,2016-01-01,Marketing,Digital Officer,72908,,Off
EMP-001208,2022-03-12,,Benard,Omari,Female,1962-04-13,2022-03-12,Supply Chain,Logistics Officer,113842,STOR-0137,Off
EMP-001209,2025-10-05,,Lydiah,Obonyo,Female,1986-02-11,2025-10-05,Finance,Accountant,115001,,Day
EMP-001210,2022-10-24,,Bakari,Mugo,Male,1993-09-22,2022-10-24,Finance,Accountant,108780,STOR-0064,Off
EMP-001211,2016-01-01,,Brian,Ngumbao,Female,1973-09-12,2016-01-01,Supply Chain,Supply Chain Manager,90828,,Night
EMP-001212,2019-11-28,,Bonface,Ochieng,Male,1967-02-17,2019-11-28,Sales,Customer Care,78282,,Day
EMP-001213,2017-02-06,,Charles,Soi,Male,1997-03-17,2017-02-06,IT,IT Manager,36086,,Off
EMP-001214,2023-11-17,,Mugo,Mutheu,Male,1974-12-11,2023-11-17,Marketing,Marketing Manager,87869,,Off
EMP-001215,2022-01-20,,Grace,Munyoki,Male,2007-03-29,2022-01-20,Warehouse,Warehouse Manager,118606,,Off
EMP-001216,2016-01-01,,Silas,Omondi,Male,1997-03-11,2016-01-01,Warehouse,Loader,47913,,Day
EMP-001217,2023-08-13,2025-06-25,Linet,Munywoki,Male,1990-03-20,2023-08-13,Warehouse,Stock Keeper,39841,,Off
EMP-001217,2025-06-25,,Linet,Munywoki,Male,1990-03-20,2023-08-13,Warehouse,Stock Keeper,43746,,Off
EMP-001218,2025-05-09,,Abigael,Maina,Female,2007-04-14,2025-05-09,Warehouse,Warehouse Manager,107729,,Day
EMP-001219,2024-10-28,,Michael,Mutinda,Male,1983-03-04,2024-10-28,HR,HR Manager,71628,,Night
EMP-001220,2016-01-01,,Peter,Maina,Female,1972-09-17,2016-01-01,Marketing,Marketing Manager,77699,,Day
EMP-001221,2016-01-01,,Janet,Wanyama,Male,1999-09-22,2016-01-01,Warehouse,Forklift Operator,41232,STOR-0002,Day
EMP-001222,2017-08-13,,Damaris,Patrick,Female,1988-05-03,2017-08-13,Finance,Cashier,72775,,Day
EMP-001223,2016-01-01,,Rashid,Muema,Female,1990-01-24,2016-01-01,Supply Chain,Supply Chain Manager,46211,,Off
EMP-001224,2016-02-07,,Onyango,Waweru,Female,1968-08-25,2016-02-07,Finance,Accountant,42521,,Off
EMP-001225,2016-01-01,,Peterson,Mwita,Male,2002-09-05,2016-01-01,HR,HR Officer,59838,,Night
EMP-001226,2020-07-17,,James,Oketch,Male,1963-09-12,2020-07-17,Marketing,Digital Officer,75967,,Day
EMP-001227,2016-01-01,,Margaret,Maina,Male,1994-10-26,2016-01-01,Sales,Promoter,31820,,Night
EMP-001228,2023-08-10,,Mohamed,Bii,Male,1981-02-08,2023-08-10,Finance,Auditor,-35828,,Day
EMP-001229,2017-05-25,2021-02-18,Mary,Barasa,Male,1990-05-20,2017-05-25,Sales,Customer Care,-116875,,Night
EMP-001229,2021-02-18,,Mary,Barasa,Male,1990-05-20,2017-05-25,Marketing,Digital Officer,124492,,Night
EMP-001230,2016-10-21,2019-12-16,Muthoni,Tanui,Male,1992-11-08,2016-10-21,Marketing,Marketing Manager,55065,,Night
EMP-001230,2019-12-16,,Muthoni,Tanui,Male,1992-11-08,2016-10-21,Marketing,Marketing Manager,59237,,Night
EMP-001231,2016-01-01,,Mugo,Abdi,Female,1987-03-17,2016-01-01,Sales,Sales Associate,74853,,Night
EMP-001232,2017-06-14,,Pauline,Kagendo,Male,1980-09-02,2017-06-14,HR,HR Manager,91828,,Day
EMP-001233,2021-05-12,2025-08-16,Felister,Wambui,Female,2006-09-09,2021-05-12,Marketing,Brand Officer,57370,,Day
EMP-001233,2025-08-16,,Felister,Wambui,Female,2006-09-09,2021-05-12,Marketing,Brand Officer,61707,,Day
EMP-001234,2016-05-16,,Annah,Komen,Female,2004-09-09,2016-05-16,Finance,Accountant,81479,,Night
EMP-001235,2016-01-01,,Mutua,Akello,Female,1998-04-07,2016-01-01,Sales,Promoter,68412,,Night
EMP-001236,2017-11-09,,Monicah,Abdi,Female,1963-06-11,2017-11-09,Warehouse,Forklift Operator,36433,STOR-0034,Off
EMP-001237,2016-01-01,2025-10-22,John,Chepkwony,Male,1997-02-24,2016-01-01,Supply Chain,Procurement Officer,50287,,Day
EMP-001237,2025-10-22,,John,Chepkwony,Male,1997-02-24,2016-01-01,Supply Chain,Procurement Officer,54329,,Day
EMP-001238,2016-09-24,,Rahab,Omar,Female,1983-12-31,2016-09-24,Warehouse,Warehouse Manager,41755,,Off
EMP-001239,2021-08-21,,Isaac,Kadzo,Female,1995-06-24,2021-08-21,Marketing,Marketing Manager,82163,,Night
EMP-001240,2016-01-01,2020-10-16,Kevin,Kariuki,Male,2002-07-30,2016-01-01,Marketing,Marketing Manager,62965,,Off
EMP-001240,2020-10-16,,Kevin,Kariuki,Male,2002-07-30,2016-01-01,Supply Chain,Supply Chain Manager,67861,,Off
EMP-001241,2016-01-01,,Patrick,Kariuki,Female,1999-03-16,2016-01-01,Supply Chain,Logistics Officer,75351,,Night
EMP-001242,2016-03-01,,Doreen,Kangogo,Female,1997-12-12,2016-03-01,Warehouse,Loader,102609,,Off
EMP-001243,2019-04-10,2025-06-23,Johnson,Kipngetich,Female,1980-05-18,2019-04-10,Marketing,Brand Officer,97371,,Day
EMP-001243,2025-06-23,,Johnson,Kipngetich,Female,1980-05-18,2019-04-10,Marketing,Brand Officer,114720,,Day
EMP-001244,2016-01-01,2024-10-12,James,Kamau,Male,2000-02-09,2016-01-01,Finance,Accountant,109202,STOR-0054,Off
EMP-001244,2024-10-12,2025-08-16,James,Kamau,Male,2000-02-09,2016-01-01,IT,Developer,118634,STOR-0054,Off
EMP-001244,2025-08-16,,James,Kamau,Male,2000-02-09,2016-01-01,IT,Developer,132767,STOR-0054,Off
EMP-001245,2018-12-05,,Stanley,Oloo,Male,1976-07-23,2018-12-05,HR,HR Officer,63652,,Day
EMP-001246,2021-04-24,,Ibrahim,Joseph,Male,1973-10-07,2021-04-24,Finance,Finance Manager,58552,STOR-0138,Off
EMP-001247,2022-11-09,,Geoffrey,Cherono,Male,2002-07-17,2022-11-09,Supply Chain,Logistics Officer,108139,,Day
EMP-001248,2020-05-07,,Elizabeth,Muia,Male,1970-12-20,2020-05-07,IT,Support,45400,,Off
EMP-001249,2016-01-01,2023-10-12,Githinji,Wanyonyi,Female,1982-02-15,2016-01-01,HR,HR Manager,85213,,Day
EMP-001249,2023-10-12,2024-08-17,Githinji,Wanyonyi,Female,1982-02-15,2016-01-01,Warehouse,Stock Keeper,104757,,Day
EMP-001249,2024-08-17,,Githinji,Wanyonyi,Female,1982-02-15,2016-01-01,Warehouse,Stock Keeper,119925,,Day
EMP-001250,2016-01-01,2023-11-29,John,Abdullahi,Female,1975-09-04,2016-01-01,HR,HR Officer,104668,,Day
EMP-001250,2023-11-29,,John,Abdullahi,Female,1975-09-04,2016-01-01,HR,HR Officer,123875,,Day
EMP-001251,2016-01-01,2022-02-18,Odhiambo,Nyongesa,Female,2006-11-05,2016-01-01,Warehouse,Warehouse Manager,104074,,Night
EMP-001251,2022-02-18,,Odhiambo,Nyongesa,Female,2006-11-05,2016-01-01,Sales,Promoter,112864,,Night
EMP-001252,2016-01-01,,Kerubo,Ndung'u,Male,1985-01-04,2016-01-01,Marketing,Digital Officer,26769,,Day
EMP-001253,2020-12-03,,Gladys,Said,Male,1968-01-03,2020-12-03,Warehouse,Loader,87970,,Night
EMP-001254,2020-08-05,,Alex,Mumo,Female,1979-09-11,2020-08-05,Warehouse,Warehouse Manager,96241,,Off
EMP-001255,2016-01-01,2019-11-01,Fridah,Abdi,Male,1997-04-02,2016-01-01,Finance,Accountant,92048,STOR-0107,Day
EMP-001255,2019-11-01,,Fridah,Abdi,Male,1997-04-02,2016-01-01,Finance,Accountant,100190,STOR-0107,Day
EMP-001256,2023-07-05,,Nicholas,Kogo,Male,1965-10-20,2023-07-05,Finance,Cashier,54607,STOR-0099,Off
EMP-001257,2025-03-04,,Susan,Kananu,Male,1995-02-10,2025-03-04,Warehouse,Warehouse Manager,61937,,Off
EMP-001258,2016-01-01,2023-05-21,Mercy,Simon,Female,1999-12-29,2016-01-01,Warehouse,Loader,81181,,Off
EMP-001258,2023-05-21,2024-10-12,Mercy,Simon,Female,1999-12-29,2016-01-01,Warehouse,Loader,85903,,Off
EMP-001258,2024-10-12,,Mercy,Simon,Female,1999-12-29,2016-01-01,Marketing,Brand Officer,93100,,Off
EMP-001259,2021-02-09,,Pamela,Wainaina,Female,1997-08-01,2021-02-09,HR,HR Officer,73380,STOR-0020,Day
EMP-001260,2016-01-01,,Regina,Wamalwa,Male,2005-02-04,2016-01-01,HR,Recruiter,119547,,Night
EMP-001261,2023-12-09,,Gladys,Wanyonyi,Male,1975-10-18,2023-12-09,Warehouse,Warehouse Manager,67343,STOR-0047,Night
EMP-001262,2023-08-23,,Nekesa,Wanjohi,Female,1980-05-26,2023-08-23,HR,HR Officer,108440,,Off
EMP-001263,2023-09-16,,Victor,John,Female,1966-10-05,2023-09-16,IT,Support,94792,,Day
EMP-001264,2017-12-03,,Meshack,Mwaniki,Female,2005-09-10,2017-12-03,Warehouse,Stock Keeper,25375,,Day
EMP-001265,2016-01-01,,Robert,Changawa,Female,2002-05-20,2016-01-01,Finance,Cashier,43264,,Day
EMP-001266,2017-04-27,,Lucy,Tarus,Female,1970-02-24,2017-04-27,Warehouse,Warehouse Manager,43061,,Off
EMP-001267,2016-01-01,2018-12-24,Newton,Kariuki,Female,1999-02-07,2016-01-01,Finance,Accountant,116934,,Off
EMP-001267,2018-12-24,,Newton,Kariuki,Female,1999-02-07,2016-01-01,Finance,Accountant,129296,,Off
EMP-001268,2021-03-03,2022-01-02,Rose,Njenga,Male,1985-01-05,2021-03-03,Warehouse,Warehouse Manager,26635,,Night
EMP-001268,2022-01-02,,Rose,Njenga,Male,1985-01-05,2021-03-03,Warehouse,Warehouse Manager,28909,,Night
EMP-001269,2019-08-14,2022-05-11,Ali,Osman,Male,1964-11-16,2019-08-14,Marketing,Brand Officer,83192,,Off
EMP-001269,2022-05-11,,Ali,Osman,Male,1964-11-16,2019-08-14,Marketing,Brand Officer,88827,,Off
EMP-001270,2016-01-01,,Omar,Mwangi,Male,1974-09-02,2016-01-01,Warehouse,Loader,26424,,Night
EMP-001271,2018-10-17,,Benedict,Ngure,Female,1987-01-04,2018-10-17,Finance,Finance Manager,80531,STOR-0070,Day
EMP-001272,2016-07-20,,Aron,Ndungu,Male,1963-10-05,2016-07-20,Sales,Promoter,76418,,Off
EMP-001273,2024-08-11,2025-11-07,Brian,Ruto,Male,1967-08-16,2024-08-11,Marketing,Digital Officer,78097,,Day
EMP-001273,2025-11-07,,Brian,Ruto,Male,1967-08-16,2024-08-11,HR,HR Manager,83886,,Day
EMP-001274,2016-01-01,,Carol,Muturi,Female,1979-03-18,2016-01-01,Finance,Cashier,28676,,Day
EMP-001275,2016-10-01,,Leah,Kibet,Male,1997-08-22,2016-10-01,Supply Chain,Supply Chain Manager,49607,,Off
EMP-001276,2018-02-19,2021-09-25,Pascal,Chelangat,Male,1986-05-11,2018-02-19,IT,IT Manager,98890,STOR-0124,Day
EMP-001276,2021-09-25,,Pascal,Chelangat,Male,1986-05-11,2018-02-19,IT,IT Manager,112947,STOR-0124,Day
EMP-001277,2021-05-13,,Kanini,Ngumbao,Male,1965-11-23,2021-05-13,IT,Systems Admin,66218,,Off
EMP-001278,2016-01-01,2025-04-11,Philemon,Chelangat,Male,1975-10-08,2016-01-01,Marketing,Digital Officer,38238,,Day
EMP-001278,2025-04-11,2025-12-25,Philemon,Chelangat,Male,1975-10-08,2016-01-01,Marketing,Digital Officer,41727,,Day
EMP-001278,2025-12-25,,Philemon,Chelangat,Male,1975-10-08,2016-01-01,Supply Chain,Procurement Officer,46853,,Day
EMP-001279,2016-01-01,2024-09-10,Josphat,Mulinge,Female,1993-09-24,2016-01-01,HR,HR Manager,107044,,Off
EMP-001279,2024-09-10,,Josphat,Mulinge,Female,1993-09-24,2016-01-01,Marketing,Marketing Manager,123173,,Off
EMP-001280,2023-13-45,2023-13-45,Jacinta,Otieno,Male,2023-13-45,2023-13-45,Warehouse,Stock Keeper,63121,,Night
EMP-001280,2024-11-19,2025-07-21,Jacinta,Otieno,Male,1970-01-21,2020-08-26,Warehouse,Stock Keeper,74992,,Night
EMP-001280,2025-07-21,,Jacinta,Otieno,Male,1970-01-21,2020-08-26,Warehouse,Stock Keeper,79331,,Night
EMP-001281,2016-01-01,,Joshua,Kyalo,Male,1979-09-16,2016-01-01,HR,HR Manager,26958,,Night
EMP-001282,2025-02-15,,Isaac,Akinyi,Male,1985-04-01,2025-02-15,Finance,Finance Manager,63745,,Night
EMP-001283,2016-01-01,,Mary,Muhonja,Female,2005-08-02,2016-01-01,Marketing,Brand Officer,58809,STOR-0066,Night
EMP-001284,2016-01-01,,Joshua,Gitari,Male,1968-04-24,2016-01-01,Sales,Customer Care,62568,,Off
EMP-001285,2024-06-17,,Tom,Muriuki,Male,1974-12-09,2024-06-17,Supply Chain,Logistics Officer,66110,,Off
EMP-001286,2018-11-02,2019-07-09,Simeon,Mumbi,Female,1988-07-23,2018-11-02,IT,IT Manager,57088,,Off
EMP-001286,2019-07-09,,Simeon,Mumbi,Female,1988-07-23,2018-11-02,IT,IT Manager,69069,,Off
EMP-001287,2016-01-01,,Denis,Hassan,Female,2000-11-27,2016-01-01,Supply Chain,Procurement Officer,54235,,Night
EMP-001288,2024-08-21,2026-01-28,Francis,Muema,Female,1963-04-08,2024-08-21,IT,Support,39302,,Off
EMP-001288,2026-01-28,,Francis,Muema,Female,1963-04-08,2024-08-21,IT,Support,46202,,Off
EMP-001289,2022-06-03,,Emanuel,Odhiambo,Male,1978-03-05,2022-06-03,Finance,Cashier,104215,,Off
EMP-001290,2018-08-02,,Peninah,Karisa,Male,1988-03-10,2018-08-02,IT,Systems Admin,86599,,Day
EMP-001291,2022-01-26,,Edgar,Kipchumba,Male,1961-11-12,2022-01-26,Finance,Auditor,87050,,Day
EMP-001292,2018-05-21,2019-08-10,Gloria,Mutugi,Female,1979-11-21,2018-05-21,Warehouse,Warehouse Manager,43577,,Night
EMP-001292,2019-08-10,2021-12-09,Gloria,Mutugi,Female,1979-11-21,2018-05-21,Warehouse,,46468,,Night
EMP-001292,2021-12-09,,Gloria,Mutugi,Female,1979-11-21,2018-05-21,Warehouse,Stock Keeper,56910,,Night
EMP-001293,2016-01-01,,Karanja,Kiti,Male,1993-05-17,2016-01-01,Finance,Cashier,46565,,Night
EMP-001294,2023-06-23,2024-04-08,Vincent,Sammy,Male,2001-06-26,2023-06-23,IT,Support,26301,,Off
EMP-001294,2024-04-08,,Vincent,Sammy,Male,2001-06-26,2023-06-23,IT,Support,32460,,Off
EMP-001295,2023-13-45,2023-13-45,Janet,Jepkorir,Female,2023-13-45,2023-13-45,Warehouse,Forklift Operator,66472,,Off
EMP-001296,2024-03-21,,Faith,Kosgei,Male,1972-01-05,2024-03-21,HR,HR Officer,100809,,Day
EMP-001297,2023-13-45,2023-13-45,Eunice,Owino,Male,2023-13-45,2023-13-45,Supply Chain,Procurement Officer,103766,,Night
EMP-001297,2025-09-21,,Eunice,Owino,Male,1991-06-17,2023-12-18,IT,IT Manager,110221,,Night
EMP-001298,2021-01-10,,Simeon,Hussein,Female,1986-10-30,2021-01-10,Finance,Accountant,116660,,Night
EMP-001299,2021-09-14,,Victor,Otieno,Female,1996-03-03,2021-09-14,IT,Developer,39860,STOR-0118,Night
EMP-001300,2023-07-10,2025-10-08,Teresia,Charo,Male,1989-03-02,2023-07-10,Supply Chain,Logistics Officer,115249,,Off
EMP-001300,2025-10-08,,Teresia,Charo,Male,1989-03-02,2023-07-10,Supply Chain,Logistics Officer,127393,,Off
EMP-001301,2016-01-01,,Wanjiru,Kamau,Male,1992-12-24,2016-01-01,IT,Support,38588,,Off
EMP-001302,2024-09-19,2025-09-29,Teresa,Okello,Male,1996-10-05,2024-09-19,Supply Chain,Procurement Officer,112518,,Night
EMP-001302,2025-09-29,,Teresa,Okello,Male,1996-10-05,2024-09-19,HR,HR Manager,136286,,Night
EMP-001303,2025-02-12,,Catherine,Ali,Male,2005-06-21,2025-02-12,Supply Chain,Supply Chain Manager,79124,STOR-0102,Day
EMP-001304,2019-05-22,,Paul,Munyao,Male,1960-09-05,2019-05-22,Finance,Cashier,79357,,Day
EMP-001305,2016-01-01,,Peris,Kemei,Female,2004-10-11,2016-01-01,Warehouse,Stock Keeper,93021,,Off
EMP-001306,2023-04-18,,Douglas,Gitonga,Male,1963-07-22,2023-04-18,HR,HR Manager,105775,,Day
EMP-001307,2016-01-01,,Nancy,Mwaura,Female,1993-05-29,2016-01-01,Marketing,Marketing Manager,77837,STOR-0133,Day
EMP-001308,2016-01-01,,Joan,Mwendwa,Male,2000-09-06,2016-01-01,Marketing,Digital Officer,76381,,Off
EMP-001309,2020-04-03,2025-08-24,Maureen,Nyamawi,Male,2008-01-04,2020-04-03,Sales,Sales Associate,82333,,Off
EMP-001309,2025-08-24,,Maureen,Nyamawi,Male,2008-01-04,2020-04-03,HR,HR Manager,98770,,Off
EMP-001310,2024-11-21,2025-08-18,Kelvin,Hassan,Male,1993-01-25,2024-11-21,Supply Chain,Supply Chain Manager,49452,,Day
EMP-001310,2025-08-18,,Kelvin,Hassan,Male,1993-01-25,2024-11-21,Supply Chain,Supply Chain Manager,53749,,Day
EMP-001311,2016-01-01,,Nanjala,Ochieng,Female,2001-04-24,2016-01-01,Warehouse,Warehouse Manager,108674,,Day
EMP-001312,2016-01-01,,Marion,Akoth,Male,1973-06-18,2016-01-01,Finance,Finance Manager,37160,,Night
EMP-001313,2023-13-45,2023-13-45,John,Odiwuor,Male,2023-13-45,2023-13-45,Supply Chain,Procurement Officer,79230,,Off
EMP-001313,2025-01-28,2025-11-05,John,Odiwuor,Male,1961-01-30,2022-02-16,Supply Chain,Procurement Officer,86508,,Off
EMP-001313,2025-11-05,,John,Odiwuor,Male,1961-01-30,2022-02-16,Supply Chain,Procurement Officer,97243,,Off
EMP-001314,2016-01-01,,Dennis,Otieno,Female,2005-02-20,2016-01-01,Sales,Promoter,111463,,Off
EMP-001315,2020-06-16,,Kennedy,Opondo,Male,1988-06-02,2020-06-16,IT,IT Manager,45760,,Night
EMP-001316,2016-01-01,2020-10-22,Kyalo,Atieno,Male,2004-12-09,2016-01-01,IT,Systems Admin,53351,STOR-0030,Day
EMP-001316,2020-10-22,,Kyalo,Atieno,Male,2004-12-09,2016-01-01,IT,Systems Admin,61188,STOR-0030,Day
EMP-001317,2016-01-01,,Nicholas,Kimathi,Male,1999-01-09,2016-01-01,HR,HR Manager,37054,,Off
EMP-001318,2025-07-17,,Ismail,Wanjala,Female,2006-11-30,2025-07-17,HR,HR Manager,57780,,Off
EMP-001319,2022-02-19,,Meshack,Achieng,Female,1998-03-03,2022-02-19,Supply Chain,Logistics Officer,65840,,Day
EMP-001320,2023-08-14,,Lydia,Yussuf,Female,1985-10-16,2023-08-14,IT,Developer,66779,,Off
EMP-001321,2021-06-21,,Wanja,Njenga,Male,1981-06-19,2021-06-21,Supply Chain,Procurement Officer,83904,,Day
EMP-001322,2023-05-20,2024-06-17,Elphas,Osoro,Female,1987-09-10,2023-05-20,Supply Chain,Logistics Officer,94533,,Day
EMP-001322,2024-06-17,2025-03-16,Elphas,Osoro,Female,1987-09-10,2023-05-20,Supply Chain,Logistics Officer,110948,,Day
EMP-001322,2025-03-16,,Elphas,Osoro,Female,1987-09-10,2023-05-20,Supply Chain,Logistics Officer,124681,,Day
EMP-001323,2017-02-07,2025-09-02,Cynthia,Kemboi,Female,2008-03-09,2017-02-07,Marketing,Brand Officer,73754,,Night
EMP-001323,2025-09-02,,Cynthia,Kemboi,Female,2008-03-09,2017-02-07,Sales,Customer Care,84264,,Night
EMP-001324,2024-10-26,,Francis,Ouma,Male,1987-11-09,2024-10-26,Finance,Finance Manager,98615,,Night
EMP-001325,2016-01-01,,Dorcas,Jepkosgei,Male,2002-05-20,2016-01-01,Marketing,Digital Officer,112994,,Off
EMP-001326,2020-06-07,,Nancy,Wandera,Female,1971-07-16,2020-06-07,Warehouse,Warehouse Manager,89740,,Night
EMP-001327,2024-03-20,2025-01-06,Dickson,Musembi,Male,1966-10-19,2024-03-20,Finance,Auditor,55988,,Night
EMP-001327,2025-01-06,,Dickson,Musembi,Male,1966-10-19,2024-03-20,Finance,Auditor,67157,,Night
EMP-001328,2016-01-01,,Gitonga,Oluoch,Female,1966-08-06,2016-01-01,IT,IT Manager,69222,,Day
EMP-001329,2019-05-11,,James,Kimani,Female,1966-01-17,2019-05-11,Supply Chain,Supply Chain Manager,77473,,Night
EMP-001330,2022-05-23,,Mary,Aoko,Male,1987-11-12,2022-05-23,HR,Recruiter,109029,STOR-0032,Night
EMP-001331,2016-01-01,,Faith,Kinyanjui,Male,2001-04-04,2016-01-01,Supply Chain,Procurement Officer,43184,,Night
EMP-001332,2017-03-03,,David,Munyoki,Female,1972-07-11,2017-03-03,Warehouse,Stock Keeper,95458,STOR-0014,Night
EMP-001333,2016-01-01,2025-04-22,Sharon,Wachira,Male,1974-04-29,2016-01-01,Sales,Customer Care,68165,,Night
EMP-001333,2025-04-22,,Sharon,Wachira,Male,1974-04-29,2016-01-01,Sales,Customer Care,72073,,Night
EMP-001334,2016-01-01,,Antony,Mohamed,Female,2001-05-25,2016-01-01,Supply Chain,Procurement Officer,101563,STOR-0106,Off
EMP-001335,2017-10-16,,Ayub,Kipkemboi,Male,2002-06-18,2017-10-16,Marketing,Brand Officer,61771,,Off
EMP-001336,2018-05-23,,Vincent,Mwangi,Male,1976-11-17,2018-05-23,Sales,Customer Care,98205,,Day
EMP-001337,2016-01-01,,Esther,Kiogora,Male,1966-07-05,2016-01-01,Sales,Promoter,26720,,Night
EMP-001338,2025-02-11,2025-12-18,Maimuna,Jeruto,Male,1984-08-18,2025-02-11,Warehouse,Stock Keeper,65871,,Off
EMP-001338,2025-12-18,,Maimuna,Jeruto,Male,1984-08-18,2025-02-11,Warehouse,Stock Keeper,72490,,Off
EMP-001339,2021-07-15,2022-02-03,Solomon,Nganga,Male,1995-10-31,2021-07-15,Supply Chain,Logistics Officer,92300,,Night
EMP-001339,2022-02-03,2025-09-19,Solomon,Nganga,Male,1995-10-31,2021-07-15,Supply Chain,Logistics Officer,110083,,Night
EMP-001339,2025-09-19,,Solomon,Nganga,Male,1995-10-31,2021-07-15,Supply Chain,Logistics Officer,135296,,Night
EMP-001340,2016-01-01,2021-05-01,Margaret,Kimaru,Female,1997-12-31,2016-01-01,Sales,Sales Associate,56531,,Night
EMP-001340,2021-05-01,,Margaret,Kimaru,Female,1997-12-31,2016-01-01,Sales,Sales Associate,65142,,Night
EMP-001341,2021-05-04,,Susan,Sheikh,Female,2000-04-07,2021-05-04,IT,IT Manager,71455,,Day
EMP-001342,2020-01-15,,Elijah,Mutahi,Female,1979-06-01,2020-01-15,Finance,Cashier,37820,,Night
EMP-001343,2016-05-07,,Felix,Ekidor,Female,1991-07-19,2016-05-07,HR,HR Manager,102863,,Off
EMP-001344,2016-01-01,,Julia,Kahindi,Female,1978-05-14,2016-01-01,Marketing,Marketing Manager,39559,,Day
EMP-001345,2017-02-18,,Alex,Murithi,Female,1998-08-12,2017-02-18,Sales,Customer Care,54683,,Night
EMP-001346,2018-08-07,,Samuel,Chebet,Male,1968-07-24,2018-08-07,Warehouse,Loader,70564,,Off
EMP-001347,2016-01-01,2020-09-30,Sheila,Imali,Male,1997-03-15,2016-01-01,Marketing,Digital Officer,87489,,Off
EMP-001347,2020-09-30,2025-01-02,Sheila,Imali,Male,1997-03-15,2016-01-01,Sales,Promoter,101174,,Off
EMP-001347,2025-01-02,,Sheila,Imali,Male,1997-03-15,2016-01-01,Sales,Promoter,108401,,Off
EMP-001348,2023-13-45,2023-13-45,Dinah,Mugambi,Female,2023-13-45,2023-13-45,Marketing,Brand Officer,81088,,Day
EMP-001349,2016-01-01,,Sarah,Nyabuti,Male,1991-10-28,2016-01-01,Supply Chain,Procurement Officer,102857,,Night
EMP-001350,2017-08-04,,Lucy,Kilonzi,Female,1962-06-17,2017-08-04,Sales,Sales Associate,99352,,Night
EMP-001351,2016-01-01,,Tom,Njuguna,Male,1986-08-22,2016-01-01,Finance,Cashier,84325,,Night
EMP-001352,2025-05-12,,Mercy,Gachanja,Female,2006-08-30,2025-05-12,HR,HR Manager,71219,,Night
EMP-001353,2016-01-01,,Margaret,Muthama,Female,1988-08-30,2016-01-01,IT,IT Manager,44385,STOR-0057,Off
EMP-001354,2025-01-08,2025-10-17,Saumu,Karisa,Female,1961-04-05,2025-01-08,IT,Support,72109,,Day
EMP-001354,2025-10-17,,Saumu,Karisa,Female,1961-04-05,2025-01-08,Sales,Customer Care,82166,,Day
EMP-001355,2016-01-01,,Hassan,Ali,Female,2006-06-11,2016-01-01,Finance,Cashier,76252,,Night
EMP-001356,2020-10-04,2022-10-08,Cynthia,Mutuku,Male,1998-05-03,2020-10-04,HR,Recruiter,99273,STOR-0089,Night
EMP-001356,2022-10-08,,Cynthia,Mutuku,Male,1998-05-03,2020-10-04,HR,Recruiter,114811,STOR-0089,Night
EMP-001357,2024-11-05,,Onesmus,Awuor,Male,1999-08-22,2024-11-05,IT,Developer,106762,,Day
EMP-001358,2016-01-01,2019-09-23,Samwel,Mwadime,Female,2007-01-31,2016-01-01,HR,HR Manager,53485,,Off
EMP-001358,2019-09-23,2024-06-18,Samwel,Mwadime,Female,2007-01-31,2016-01-01,HR,HR Manager,58752,,Off
EMP-001358,2024-06-18,,Samwel,Mwadime,Female,2007-01-31,2016-01-01,HR,HR Manager,64853,,Off
EMP-001359,2021-11-27,,Rose,Adan,Female,1977-01-26,2021-11-27,Sales,Sales Associate,57955,,Night
EMP-001360,2016-01-01,2020-09-27,Juliet,Muthoni,Male,1974-05-25,2016-01-01,Warehouse,Loader,81629,,Day
EMP-001360,2020-09-27,,Juliet,Muthoni,Male,1974-05-25,2016-01-01,Warehouse,Loader,91869,,Day
EMP-001361,2017-11-21,,Anne,Musyoka,Female,1967-11-10,2017-11-21,HR,Recruiter,77312,STOR-0026,Night
EMP-001362,2016-01-01,2024-11-15,Emmanuel,Ochieng,Female,2005-09-29,2016-01-01,Marketing,Brand Officer,100781,,Day
EMP-001362,2024-11-15,2026-01-07,Emmanuel,Ochieng,Female,2005-09-29,2016-01-01,Warehouse,,106224,,Day
EMP-001362,2023-13-45,2023-13-45,Emmanuel,Ochieng,Female,2023-13-45,2023-13-45,Warehouse,Stock Keeper,118377,,Day
EMP-001363,2019-10-21,2024-05-25,John,Kombe,Male,1963-06-23,2019-10-21,HR,HR Officer,49034,,Night
EMP-001363,2024-05-25,2025-09-05,John,Kombe,Male,1963-06-23,2019-10-21,Finance,Cashier,53559,,Night
EMP-001363,2025-09-05,,John,Kombe,Male,1963-06-23,2019-10-21,Finance,Cashier,59745,,Night
EMP-001364,2023-08-14,2025-12-15,Faith,Mohamud,Female,1999-09-11,2023-08-14,HR,Recruiter,28627,STOR-0007,Night
EMP-001364,2025-12-15,,Faith,Mohamud,Female,1999-09-11,2023-08-14,Finance,Finance Manager,30744,STOR-0007,Night
EMP-001365,2016-01-01,2021-04-05,Eric,Kariuki,Female,1995-05-20,2016-01-01,IT,Developer,32017,,Night
EMP-001365,2021-04-05,,Eric,Kariuki,Female,1995-05-20,2016-01-01,IT,,39320,,Night
EMP-001366,2016-01-01,,Caleb,Chepchirchir,Female,1969-04-29,2016-01-01,Finance,Accountant,68710,,Night
EMP-001367,2016-01-01,,David,Sikuku,Female,1993-02-23,2016-01-01,IT,IT Manager,116956,,Day
EMP-001368,2016-01-01,,Milka,Mohamed,Female,1984-03-25,2016-01-01,Marketing,Marketing Manager,64438,,Off
EMP-001369,2025-10-23,,Wanjala,Mutwiri,Male,1972-06-29,2025-10-23,Warehouse,Warehouse Manager,33800,,Off
EMP-001370,2017-04-04,,Job,Juma,Male,1995-11-12,2017-04-04,HR,HR Manager,91296,,Day
EMP-001371,2022-08-06,,Derick,Mbithi,Female,1961-05-27,2022-08-06,Supply Chain,Procurement Officer,96659,,Off
EMP-001372,2023-03-21,2025-02-03,Ruth,Kiptoo,Male,1967-06-16,2023-03-21,Sales,Promoter,43571,,Off
EMP-001372,2025-02-03,,Ruth,Kiptoo,Male,1967-06-16,2023-03-21,Sales,Promoter,50922,,Off
EMP-001373,2019-05-22,,Kyalo,Abdikadir,Female,1973-05-02,2019-05-22,Sales,Senior Sales,73147,,Night
EMP-001374,2024-07-27,,Kassim,Mutua,Male,1992-09-03,2024-07-27,HR,HR Manager,28666,,Day
EMP-001375,2019-01-21,,Juliana,Owino,Male,1973-02-11,2019-01-21,Marketing,Digital Officer,106248,,Night
EMP-001376,2024-05-01,,Kimutai,Ouma,Female,2008-04-13,2024-05-01,Warehouse,Stock Keeper,90619,STOR-0129,Day
EMP-001377,2016-01-01,,Catherine,Wanyonyi,Female,1987-11-10,2016-01-01,Warehouse,Stock Keeper,110974,,Night
EMP-001378,2018-11-10,,Maina,Kariuki,Male,1969-07-10,2018-11-10,HR,HR Manager,109559,,Night
EMP-001379,2023-13-45,2023-13-45,Hafsa,Mutwiri,Male,2023-13-45,2023-13-45,Finance,,101610,,Night
EMP-001379,2024-11-05,,Hafsa,Mutwiri,Male,1967-05-25,2018-03-23,Warehouse,Loader,120491,,Night
EMP-001380,2016-01-01,,Ian,Adan,Male,1990-01-04,2016-01-01,HR,Recruiter,55347,,Day
EMP-001381,2022-07-03,2025-01-02,Veronica,Wafula,Male,1970-10-11,2022-07-03,Sales,Customer Care,40004,,Off
EMP-001381,2025-01-02,2025-07-04,Veronica,Wafula,Male,1970-10-11,2022-07-03,Marketing,Marketing Manager,48318,,Off
EMP-001381,2025-07-04,,Veronica,Wafula,Male,1970-10-11,2022-07-03,Marketing,Marketing Manager,55550,,Off
EMP-001382,2016-01-01,2025-04-15,Alex,Awino,Female,2003-07-07,2016-01-01,HR,HR Manager,108544,,Day
EMP-001382,2025-04-15,2026-01-23,Alex,Awino,Female,2003-07-07,2016-01-01,HR,HR Manager,115858,,Day
EMP-001382,2026-01-23,,Alex,Awino,Female,2003-07-07,2016-01-01,Finance,Finance Manager,134096,,Day
EMP-001383,2016-01-01,,Purity,Aluoch,Male,1981-01-06,2016-01-01,IT,Systems Admin,36274,,Off
EMP-001384,2016-01-26,,Julius,Ngatia,Male,1963-11-05,2016-01-26,Warehouse,Warehouse Manager,72128,,Off
EMP-001385,2020-03-22,,Caleb,Wesonga,Male,1964-09-07,2020-03-22,Marketing,Digital Officer,109178,,Day
EMP-001386,2021-06-20,,Edwin,Cheruiyot,Female,2003-06-18,2021-06-20,IT,Systems Admin,33802,,Off
EMP-001387,2016-01-01,2022-08-19,Kelvin,Kassim,Male,1978-04-11,2016-01-01,IT,Developer,38226,,Day
EMP-001387,2022-08-19,2024-08-27,Kelvin,Kassim,Male,1978-04-11,2016-01-01,IT,Developer,44623,,Day
EMP-001387,2024-08-27,,Kelvin,Kassim,Male,1978-04-11,2016-01-01,IT,Developer,53506,,Day
EMP-001388,2018-07-23,,Abdul,Lelei,Female,1978-02-19,2018-07-23,Finance,Accountant,45691,STOR-0020,Off
EMP-001389,2022-10-02,,Titus,Kirui,Female,1984-06-28,2022-10-02,IT,IT Manager,101385,,Night
EMP-001390,2020-07-09,,Hannah,Ekidor,Male,1974-02-20,2020-07-09,Warehouse,Stock Keeper,32784,,Off
EMP-001391,2016-01-01,,Phelix,Makori,Female,1997-03-28,2016-01-01,Sales,Sales Associate,70330,STOR-0107,Off
EMP-001392,2025-03-09,2025-11-07,Alex,Jepchumba,Male,1984-10-06,2025-03-09,Marketing,Marketing Manager,38639,,Off
EMP-001392,2025-11-07,,Alex,Jepchumba,Male,1984-10-06,2025-03-09,Marketing,Marketing Manager,43906,,Off
EMP-001393,2019-04-01,,Grace,Osman,Female,1991-01-05,2019-04-01,Sales,Sales Associate,50712,,Night
EMP-001394,2025-01-13,,Achieng,Mwendwa,Male,1980-02-05,2025-01-13,Supply Chain,Supply Chain Manager,116152,,Off
EMP-001395,2016-01-01,,Wilfred,Evans,Male,1972-01-02,2016-01-01,IT,Developer,71109,,Night
EMP-001396,2017-02-19,,Sharon,Mawia,Male,1989-04-21,2017-02-19,Sales,Promoter,79141,,Off
EMP-001397,2023-13-45,2023-13-45,Mercy,Opiyo,Male,2023-13-45,2023-13-45,Sales,Promoter,82482,,Day
EMP-001398,2019-03-20,2022-05-27,Daniel,Owino,Male,1981-12-06,2019-03-20,HR,Recruiter,111190,,Day
EMP-001398,2022-05-27,,Daniel,Owino,Male,1981-12-06,2019-03-20,HR,Recruiter,119586,,Day
EMP-001399,2017-08-23,2023-08-14,Esther,Jepchirchir,Female,2001-10-17,2017-08-23,Finance,Cashier,97273,,Off
EMP-001399,2023-08-14,2024-12-13,Esther,Jepchirchir,Female,2001-10-17,2017-08-23,Finance,Cashier,107657,,Off
EMP-001399,2024-12-13,,Esther,Jepchirchir,Female,2001-10-17,2017-08-23,IT,IT Manager,120857,,Off
EMP-001400,2021-07-23,,Ian,Kemboi,Male,1985-04-24,2021-07-23,IT,Support,61671,,Day
EMP-001401,2019-12-18,2023-12-23,Cynthia,Kinyanjui,Male,1991-03-29,2019-12-18,Warehouse,Warehouse Manager,73809,,Day
EMP-001401,2023-12-23,,Cynthia,Kinyanjui,Male,1991-03-29,2019-12-18,HR,HR Officer,87034,,Day
EMP-001402,2016-01-01,,Charles,Kipyego,Female,1969-02-08,2016-01-01,Supply Chain,Procurement Officer,60428,,Night
EMP-001403,2016-01-01,,Susan,Nasimiyu,Male,2008-04-12,2016-01-01,IT,Support,89927,,Night
EMP-001404,2017-04-13,2018-08-26,Catherine,Ouma,Male,1987-08-14,2017-04-13,Warehouse,Forklift Operator,94794,,Night
EMP-001404,2018-08-26,2019-12-15,Catherine,Ouma,Male,1987-08-14,2017-04-13,Warehouse,Forklift Operator,110354,,Night
EMP-001404,2019-12-15,,Catherine,Ouma,Male,1987-08-14,2017-04-13,Supply Chain,Supply Chain Manager,123731,,Night
EMP-001405,2016-01-11,,James,Munywoki,Female,1997-12-02,2016-01-11,Marketing,Digital Officer,81895,STOR-0015,Day
EMP-001406,2024-07-19,,David,Kanana,Female,1996-04-03,2024-07-19,Marketing,Digital Officer,93014,,Night
EMP-001407,2016-01-01,,Irene,Ochieng,Male,1978-06-17,2016-01-01,Supply Chain,Logistics Officer,60965,,Day
EMP-001408,2023-13-45,2023-13-45,Faith,Ochieng,Female,2023-13-45,2023-13-45,Sales,Customer Care,72408,,Night
EMP-001409,2016-01-01,,Hussein,Adhiambo,Male,1979-12-09,2016-01-01,Marketing,Brand Officer,59670,,Night
EMP-001410,2016-01-01,,Wairimu,Juma,Female,1996-06-11,2016-01-01,Finance,Auditor,108590,,Day
EMP-001411,2018-10-18,2022-04-28,Martha,Mohamed,Male,2005-10-02,2018-10-18,Finance,Accountant,82729,,Night
EMP-001411,2022-04-28,2024-03-13,Martha,Mohamed,Male,2005-10-02,2018-10-18,Finance,Accountant,103188,,Night
EMP-001411,2024-03-13,,Martha,Mohamed,Male,2005-10-02,2018-10-18,Finance,Accountant,120849,,Night
EMP-001412,2016-01-01,,Rebecca,Ng'ang'a,Male,1997-05-21,2016-01-01,Sales,Promoter,40000,,Day
EMP-001413,2020-01-18,2025-02-15,Hilda,Cheptoo,Female,1969-10-17,2020-01-18,Marketing,Marketing Manager,32970,STOR-0067,Night
EMP-001413,2025-02-15,2025-09-17,Hilda,Cheptoo,Female,1969-10-17,2020-01-18,Marketing,Marketing Manager,36182,STOR-0067,Night
EMP-001413,2025-09-17,,Hilda,Cheptoo,Female,1969-10-17,2020-01-18,Warehouse,Stock Keeper,38727,STOR-0067,Night
EMP-001414,2016-01-01,,Liban,Nyaga,Male,2003-11-14,2016-01-01,Sales,Sales Associate,56061,,Off
EMP-001415,2016-01-01,,Kerubo,Munene,Female,2004-02-19,2016-01-01,Finance,Finance Manager,28236,,Night
EMP-001416,2021-08-10,,Sharon,Nyambura,Female,1984-03-22,2021-08-10,IT,IT Manager,46012,,Night
EMP-001417,2016-01-01,,Tom,Hussein,Male,1966-09-10,2016-01-01,Supply Chain,Supply Chain Manager,91951,,Off
EMP-001418,2016-07-27,,Frankline,Wanyonyi,Female,1978-04-12,2016-07-27,IT,IT Manager,111122,,Night
EMP-001419,2016-01-01,,Michael,Otieno,Male,1996-03-18,2016-01-01,IT,Support,95643,,Off
EMP-001420,2024-06-09,2025-07-16,Abigael,Ngina,Female,1984-01-01,2024-06-09,Warehouse,Stock Keeper,56985,,Night
EMP-001420,2025-07-16,2026-01-23,Abigael,Ngina,Female,1984-01-01,2024-06-09,Sales,Promoter,61576,,Night
EMP-001420,2026-01-23,,Abigael,Ngina,Female,1984-01-01,2024-06-09,Sales,Promoter,67683,,Night
EMP-001421,2021-02-12,2025-09-01,Peterson,Gakii,Female,1994-01-28,2021-02-12,IT,IT Manager,72486,,Off
EMP-001421,2025-09-01,,Peterson,Gakii,Female,1994-01-28,2021-02-12,IT,IT Manager,78439,,Off
EMP-001422,2017-07-22,,Shadrack,Odera,Male,1980-07-13,2017-07-22,IT,Systems Admin,104370,,Night
EMP-001423,2016-01-01,,Sam,Mumbua,Male,1997-11-26,2016-01-01,IT,Systems Admin,100499,,Day
EMP-001424,2016-01-01,,Mutua,Kirui,Female,1998-09-29,2016-01-01,HR,Recruiter,97689,,Night
EMP-001425,2016-01-01,,Elias,Adhiambo,Male,2004-07-23,2016-01-01,Marketing,Marketing Manager,34570,,Off
EMP-001426,2021-03-13,,Dickson,Kiptoo,Female,1978-06-30,2021-03-13,Marketing,Digital Officer,56645,,Day
EMP-001427,2016-01-01,,Daniel,Mwanzia,Female,1995-10-03,2016-01-01,Sales,Customer Care,83837,STOR-0116,Off
EMP-001428,2025-12-05,,Irene,Okelo,Female,2007-10-27,2025-12-05,Marketing,Marketing Manager,119857,,Off
EMP-001429,2024-07-11,,Lucy,Wambua,Female,1996-10-18,2024-07-11,HR,HR Manager,91672,,Night
EMP-001430,2017-05-16,,Winnie,Kirui,Male,1965-04-04,2017-05-16,Finance,Accountant,98941,,Off
EMP-001431,2019-06-13,,George,Wairimu,Female,2003-12-10,2019-06-13,Finance,Finance Manager,43769,,Off
EMP-001432,2023-09-09,2025-07-03,Okoth,Kimutai,Male,2008-04-07,2023-09-09,IT,Developer,38037,,Day
EMP-001432,2025-07-03,2026-01-22,Okoth,Kimutai,Male,2008-04-07,2023-09-09,IT,Developer,41358,,Day
EMP-001432,2026-01-22,,Okoth,Kimutai,Male,2008-04-07,2023-09-09,IT,Developer,45784,,Day
EMP-001433,2016-01-01,2025-08-05,Otieno,Mohamed,Male,1963-12-23,2016-01-01,IT,IT Manager,55366,,Day
EMP-001433,2025-08-05,,Otieno,Mohamed,Male,1963-12-23,2016-01-01,IT,IT Manager,60054,,Day
EMP-001434,2016-01-16,,Joseph,Chai,Male,1979-10-18,2016-01-16,Supply Chain,Procurement Officer,73436,,Off
EMP-001435,2016-01-01,2020-06-14,Samwel,Jeptoo,Female,1961-02-26,2016-01-01,Sales,Sales Associate,83249,STOR-0127,Night
EMP-001435,2020-06-14,,Samwel,Jeptoo,Female,1961-02-26,2016-01-01,Sales,Sales Associate,102342,STOR-0127,Night
EMP-001436,2021-02-24,,Stephen,Otieno,Male,1975-05-19,2021-02-24,Supply Chain,Procurement Officer,34745,,Off
EMP-001437,2016-01-01,,Salim,Rotich,Female,1994-07-07,2016-01-01,Finance,Accountant,81803,,Off
EMP-001438,2016-09-22,2022-11-02,Chepkorir,Chepkorir,Female,1962-10-04,2016-09-22,Supply Chain,Logistics Officer,29670,STOR-0003,Day
EMP-001438,2022-11-02,2023-09-02,Chepkorir,Chepkorir,Female,1962-10-04,2016-09-22,Supply Chain,Logistics Officer,31629,STOR-0003,Day
EMP-001438,2023-09-02,,Chepkorir,Chepkorir,Female,1962-10-04,2016-09-22,Warehouse,Stock Keeper,36528,STOR-0003,Day
EMP-001439,2016-01-01,,Kemunto,Huka,Female,1964-05-30,2016-01-01,Warehouse,Forklift Operator,62040,,Off
EMP-001440,2016-01-01,2024-06-28,Jackson,Kinyua,Male,1997-07-25,2016-01-01,HR,HR Officer,105113,,Day
EMP-001440,2024-06-28,2025-05-15,Jackson,Kinyua,Male,1997-07-25,2016-01-01,HR,HR Officer,118996,,Day
EMP-001440,2025-05-15,,Jackson,Kinyua,Male,1997-07-25,2016-01-01,Warehouse,Stock Keeper,148325,,Day
EMP-001441,2016-01-01,,Patrick,Nduati,Female,1986-07-26,2016-01-01,Warehouse,Stock Keeper,112552,,Off
EMP-001442,2025-05-04,,Charity,Juma,Female,1977-07-16,2025-05-04,Warehouse,Warehouse Manager,62653,,Night
EMP-001443,2016-01-01,2017-01-23,Duncan,Muchemi,Female,1977-06-02,2016-01-01,Finance,Accountant,70557,,Off
EMP-001443,2017-01-23,2020-12-10,Duncan,Muchemi,Female,1977-06-02,2016-01-01,Finance,Accountant,75665,,Off
EMP-001443,2020-12-10,,Duncan,Muchemi,Female,1977-06-02,2016-01-01,HR,HR Officer,85468,,Off
EMP-001444,2016-01-01,2020-01-15,Johnson,Kanana,Male,1996-01-23,2016-01-01,IT,Systems Admin,78609,,Night
EMP-001444,2020-01-15,2024-07-21,Johnson,Kanana,Male,1996-01-23,2016-01-01,IT,Systems Admin,97781,,Night
EMP-001444,2023-13-45,2023-13-45,Johnson,Kanana,Male,2023-13-45,2023-13-45,IT,Systems Admin,119596,,Night
EMP-001445,2023-07-09,,Dickson,Gichohi,Female,1982-08-01,2023-07-09,Sales,Customer Care,88636,,Night
EMP-001446,2019-08-14,2024-07-16,Francis,Ndunge,Male,1997-12-30,2019-08-14,Warehouse,Loader,95256,,Off
EMP-001446,2024-07-16,2025-02-28,Francis,Ndunge,Male,1997-12-30,2019-08-14,Warehouse,Loader,115585,,Off
EMP-001446,2025-02-28,,Francis,Ndunge,Male,1997-12-30,2019-08-14,IT,IT Manager,127326,,Off
EMP-001447,2022-02-25,2024-03-05,Benson,Mutiso,Male,1974-02-14,2022-02-25,Marketing,Brand Officer,71229,,Off
EMP-001447,2024-03-05,,Benson,Mutiso,Male,1974-02-14,2022-02-25,Warehouse,Stock Keeper,77224,,Off
EMP-001448,2016-01-01,,Jacinta,Mutemi,Male,1975-06-03,2016-01-01,Supply Chain,Logistics Officer,55059,,Day
EMP-001449,2023-04-18,,Carren,Adan,Female,1990-02-22,2023-04-18,Marketing,Marketing Manager,26787,,Day
EMP-001450,2022-08-02,,Jacob,Njoroge,Male,1979-05-22,2022-08-02,Warehouse,Stock Keeper,64513,,Off
EMP-001451,2016-01-01,,Ndunge,Ngugi,Male,1977-02-21,2016-01-01,Sales,Senior Sales,110888,,Off
EMP-001452,2016-01-01,,John,Mwangi,Male,2007-08-09,2016-01-01,Marketing,Digital Officer,79444,,Off
EMP-001453,2016-01-01,,Tonny,Chepkwony,Male,1985-11-15,2016-01-01,Supply Chain,Supply Chain Manager,50465,,Night
EMP-001454,2016-01-01,,Fatuma,Adhiambo,Female,1994-08-14,2016-01-01,HR,HR Manager,38065,,Off
EMP-001455,2023-13-45,2023-13-45,Stephen,Githinji,Female,2023-13-45,2023-13-45,Warehouse,Forklift Operator,98530,,Night
EMP-001456,2022-01-16,2025-07-08,David,Musyoka,Male,1971-01-27,2022-01-16,Marketing,Brand Officer,73855,,Off
EMP-001456,2025-07-08,,David,Musyoka,Male,1971-01-27,2022-01-16,Sales,Senior Sales,87424,,Off
EMP-001457,2024-06-16,,Mumo,Omondi,Male,1993-10-18,2024-06-16,IT,IT Manager,109255,,Day
EMP-001458,2016-01-01,,Abdi,Aloo,Male,2004-06-19,2016-01-01,Warehouse,Forklift Operator,102779,,Day
EMP-001459,2017-01-25,,Sarah,Muinde,Female,1990-06-15,2017-01-25,HR,Recruiter,78983,,Night
EMP-001460,2020-12-19,,Jackline,Mohamed,Male,1986-04-22,2020-12-19,IT,Support,25730,,Day
EMP-001461,2025-06-21,,Stanley,Hassan,Female,1963-04-15,2025-06-21,Warehouse,Stock Keeper,85472,,Off
EMP-001462,2016-01-01,,Kiprono,Wachira,Male,1980-08-27,2016-01-01,Sales,Senior Sales,41683,,Day
EMP-001463,2016-01-01,,Makau,Kiprop,Male,1999-03-01,2016-01-01,Supply Chain,Procurement Officer,30119,STOR-0127,Day
EMP-001464,2016-01-01,,Otieno,Wangari,Female,1992-06-22,2016-01-01,IT,Support,77350,,Day
EMP-001465,2018-09-11,2020-07-20,Odhiambo,Obiero,Female,1998-05-02,2018-09-11,IT,Developer,98899,,Day
EMP-001465,2020-07-20,,Odhiambo,Obiero,Female,1998-05-02,2018-09-11,Marketing,Brand Officer,122226,,Day
EMP-001466,2025-08-07,,James,Atieno,Female,1980-09-19,2025-08-07,Finance,,46527,,Night
EMP-001467,2016-01-01,2016-07-03,Judith,Momanyi,Male,1991-07-02,2016-01-01,Sales,Customer Care,116942,,Off
EMP-001467,2016-07-03,2025-08-08,Judith,Momanyi,Male,1991-07-02,2016-01-01,Sales,Customer Care,135810,,Off
EMP-001467,2025-08-08,,Judith,Momanyi,Male,1991-07-02,2016-01-01,Sales,Customer Care,-158126,,Off
EMP-001468,2024-10-06,,Clinton,Akinyi,Male,1961-11-15,2024-10-06,Sales,Customer Care,108406,,Day
EMP-001469,2016-05-10,,Faith,Cherotich,Male,2002-10-21,2016-05-10,Supply Chain,Supply Chain Manager,101607,,Night
EMP-001470,2018-09-18,2023-10-16,Robert,Baya,Female,2005-05-24,2018-09-18,Marketing,Digital Officer,51553,,Day
EMP-001470,2023-10-16,,Robert,Baya,Female,2005-05-24,2018-09-18,Marketing,Digital Officer,57017,,Day
EMP-001471,2018-10-04,,Halima,Akinyi,Male,2007-02-03,2018-10-04,Warehouse,Forklift Operator,68274,,Off
EMP-001472,2016-03-01,2021-06-22,Abdihakim,Wainaina,Female,2002-04-26,2016-03-01,Supply Chain,Procurement Officer,53369,,Off
EMP-001472,2021-06-22,,Abdihakim,Wainaina,Female,2002-04-26,2016-03-01,Supply Chain,,64250,,Off
EMP-001473,2020-02-02,,Hillary,Mwita,Male,1968-02-12,2020-02-02,Warehouse,Forklift Operator,80758,,Night
EMP-001474,2017-09-13,,Kelvin,Njiru,Male,1963-07-31,2017-09-13,HR,Recruiter,117568,,Night
EMP-001475,2016-01-01,2019-12-06,Leah,Hassan,Female,1962-09-23,2016-01-01,Warehouse,Loader,108069,,Off
EMP-001475,2019-12-06,2021-05-01,Leah,Hassan,Female,1962-09-23,2016-01-01,HR,Recruiter,117515,,Off
EMP-001475,2021-05-01,,Leah,Hassan,Female,1962-09-23,2016-01-01,Supply Chain,Supply Chain Manager,130998,,Off
EMP-001476,2023-11-12,,Kiprono,Kamau,Male,1999-06-16,2023-11-12,Warehouse,Warehouse Manager,72931,STOR-0089,Off
EMP-001477,2022-06-06,2025-02-26,Sharon,Waweru,Male,1993-12-08,2022-06-06,Marketing,Marketing Manager,50668,,Off
EMP-001477,2025-02-26,2025-12-24,Sharon,Waweru,Male,1993-12-08,2022-06-06,Marketing,Marketing Manager,57512,,Off
EMP-001477,2025-12-24,,Sharon,Waweru,Male,1993-12-08,2022-06-06,Marketing,Marketing Manager,66226,,Off
EMP-001478,2018-09-01,,Margaret,Cheruiyot,Female,1985-07-12,2018-09-01,IT,Developer,29394,,Off
EMP-001479,2018-05-21,2020-08-26,Erick,Mbogo,Male,1961-06-28,2018-05-21,Sales,Sales Associate,119113,STOR-0117,Night
EMP-001479,2020-08-26,,Erick,Mbogo,Male,1961-06-28,2018-05-21,Sales,Sales Associate,130843,STOR-0117,Night
EMP-001480,2016-01-01,2024-06-15,Elizabeth,Mahamud,Female,1966-01-15,2016-01-01,Warehouse,Loader,42255,,Day
EMP-001480,2024-06-15,,Elizabeth,Mahamud,Female,1966-01-15,2016-01-01,Warehouse,Loader,45338,,Day
EMP-001481,2018-04-21,,Florence,Odhiambo,Male,1998-07-28,2018-04-21,IT,IT Manager,68603,,Night
EMP-001482,2021-09-01,2025-07-15,Diana,Njuki,Male,1985-09-18,2021-09-01,Marketing,Brand Officer,79575,,Off
EMP-001482,2025-07-15,,Diana,Njuki,Male,1985-09-18,2021-09-01,Warehouse,Stock Keeper,93271,,Off
EMP-001483,2016-01-01,,Ann,Bashir,Male,1978-09-08,2016-01-01,Finance,Finance Manager,115271,,Day
EMP-001484,2019-05-18,2020-07-13,Evance,Nzioka,Male,1981-04-12,2019-05-18,Finance,Accountant,69754,,Off
EMP-001484,2020-07-13,2022-11-10,Evance,Nzioka,Male,1981-04-12,2019-05-18,Finance,Accountant,77268,,Off
EMP-001484,2022-11-10,,Evance,Nzioka,Male,1981-04-12,2019-05-18,Finance,Accountant,90113,,Off
EMP-001485,2016-01-01,,Laura,Kamau,Male,1976-04-26,2016-01-01,Warehouse,Stock Keeper,102483,,Day
EMP-001486,2016-11-12,,Idris,Akinyi,Male,1996-05-28,2016-11-12,HR,HR Manager,119932,STOR-0079,Off
EMP-001487,2016-01-01,,Elizabeth,Odongo,Male,1972-10-09,2016-01-01,HR,HR Officer,62627,,Day
EMP-001488,2017-04-09,2024-04-12,Daudi,Wanyama,Female,1967-10-12,2017-04-09,Warehouse,Loader,63657,,Night
EMP-001488,2024-04-12,2025-12-30,Daudi,Wanyama,Female,1967-10-12,2017-04-09,Warehouse,Loader,68805,,Night
EMP-001488,2025-12-30,,Daudi,Wanyama,Female,1967-10-12,2017-04-09,Finance,Cashier,78866,,Night
EMP-001489,2016-01-01,,Stanley,Mutinda,Female,2005-11-13,2016-01-01,IT,Support,45408,,Day
EMP-001490,2021-11-26,,Godfrey,Omondi,Female,1972-11-15,2021-11-26,Marketing,Brand Officer,52190,,Off
EMP-001491,2016-01-01,,Kenedy,Charo,Female,2005-05-06,2016-01-01,Warehouse,Stock Keeper,53607,,Day
EMP-001492,2025-03-15,,Michael,Muraguri,Male,1990-09-30,2025-03-15,IT,Developer,73795,,Off
EMP-001493,2020-12-04,,Mirriam,Kivuva,Male,1998-01-12,2020-12-04,Marketing,Brand Officer,26035,,Night
EMP-001494,2016-01-01,,Lynn,Wangui,Male,1985-11-23,2016-01-01,Warehouse,Forklift Operator,96667,,Day
EMP-001495,2023-12-13,,Justus,Muturi,Female,1982-08-11,2023-12-13,HR,HR Manager,58105,,Off
EMP-001496,2019-01-08,,Mary,Mugambi,Female,1975-02-27,2019-01-08,Supply Chain,Logistics Officer,39136,,Night
EMP-001497,2016-01-01,,Nelson,Kipngetich,Female,1977-11-21,2016-01-01,Warehouse,Stock Keeper,103230,STOR-0135,Day
EMP-001498,2016-01-01,,Njoroge,Kimutai,Male,1987-08-15,2016-01-01,Supply Chain,Procurement Officer,36848,,Day
EMP-001499,2022-03-15,2025-03-24,John,Mwangi,Female,1979-12-16,2022-03-15,Sales,Promoter,51267,STOR-0078,Night
EMP-001499,2025-03-24,,John,Mwangi,Female,1979-12-16,2022-03-15,Sales,Promoter,59291,STOR-0078,Night
EMP-001500,2016-01-01,2016-08-08,Joseph,Abdi,Female,1981-02-20,2016-01-01,Warehouse,Stock Keeper,25648,,Night
EMP-001500,2016-08-08,2022-03-16,Joseph,Abdi,Female,1981-02-20,2016-01-01,Warehouse,Forklift Operator,27196,,Night
EMP-001500,2022-03-16,,Joseph,Abdi,Female,1981-02-20,2016-01-01,HR,Recruiter,30386,,Night
EMP-001501,2016-01-01,,Phanice,Ouma,Male,1982-01-10,2016-01-01,Finance,Finance Manager,77413,,Night
EMP-001502,2022-09-03,2024-05-03,Joseph,Obonyo,Female,2007-07-15,2022-09-03,Finance,Auditor,112802,,Off
EMP-001502,2024-05-03,,Joseph,Obonyo,Female,2007-07-15,2022-09-03,Finance,Auditor,121474,,Off
EMP-001503,2021-06-17,,Deborah,Kosgei,Female,1999-06-08,2021-06-17,Supply Chain,Procurement Officer,105028,,Night
EMP-001504,2016-01-01,,Jelagat,Atieno,Male,1963-03-02,2016-01-01,Sales,Promoter,64575,,Night
EMP-001505,2023-03-10,2025-03-29,Derick,Atieno,Male,1978-08-19,2023-03-10,Finance,Auditor,113509,,Day
EMP-001505,2025-03-29,2026-01-16,Derick,Atieno,Male,1978-08-19,2023-03-10,Finance,Auditor,120623,,Day
EMP-001505,2026-01-16,,Derick,Atieno,Male,1978-08-19,2023-03-10,Finance,Auditor,150536,,Day
EMP-001506,2016-01-01,,Julius,Njuguna,Female,1981-01-13,2016-01-01,Sales,,114923,,Off
EMP-001507,2016-01-01,,Stephen,Kiprotich,Male,1975-05-25,2016-01-01,IT,Support,114954,,Night
EMP-001508,2023-01-10,,Rose,Omari,Female,1993-06-08,2023-01-10,HR,Recruiter,108115,,Night
EMP-001509,2020-09-12,,Alex,Kurgat,Female,2007-07-11,2020-09-12,Sales,Promoter,80583,,Night
EMP-001510,2016-01-01,,Margaret,Nelima,Male,1967-02-02,2016-01-01,Marketing,Digital Officer,58795,,Off
EMP-001511,2023-01-15,2025-02-25,Mutai,Ibrahim,Female,1999-10-25,2023-01-15,Finance,Accountant,40931,STOR-0118,Night
EMP-001511,2025-02-25,2025-09-08,Mutai,Ibrahim,Female,1999-10-25,2023-01-15,Finance,Accountant,45616,STOR-0118,Night
EMP-001511,2025-09-08,,Mutai,Ibrahim,Female,1999-10-25,2023-01-15,Finance,Accountant,55285,STOR-0118,Night
EMP-001512,2019-01-18,,Vivian,Obuya,Female,1983-05-10,2019-01-18,Finance,Finance Manager,63435,,Day
EMP-001513,2016-01-01,2018-07-18,Elijah,Muhonja,Female,1988-12-10,2016-01-01,Finance,Accountant,94634,,Day
EMP-001513,2018-07-18,,Elijah,Muhonja,Female,1988-12-10,2016-01-01,Finance,Accountant,104185,,Day
EMP-001514,2025-07-09,,Moraa,Hussein,Male,2005-01-07,2025-07-09,Finance,Auditor,115307,,Off
EMP-001515,2016-01-01,,Betty,Mawia,Female,2003-09-26,2016-01-01,Finance,,44234,,Off
EMP-001516,2022-09-24,,Agnes,Mwendwa,Male,1981-05-04,2022-09-24,Sales,Customer Care,108458,,Night
EMP-001517,2018-12-21,2020-09-25,Hosea,Anyango,Male,1999-01-15,2018-12-21,Marketing,Marketing Manager,81811,STOR-0050,Off
EMP-001517,2020-09-25,2024-01-03,Hosea,Anyango,Male,1999-01-15,2018-12-21,IT,Systems Admin,97052,STOR-0050,Off
EMP-001517,2024-01-03,,Hosea,Anyango,Male,1999-01-15,2018-12-21,Supply Chain,Procurement Officer,116660,STOR-0050,Off
EMP-001518,2025-04-25,,Yahya,Ahmed,Female,1964-01-14,2025-04-25,HR,Recruiter,115290,,Night
EMP-001519,2022-03-22,,Grace,Saitoti,Male,1990-12-03,2022-03-22,Finance,Cashier,25662,,Day
EMP-001520,2018-05-15,,Catherine,Kahindi,Male,1966-09-24,2018-05-15,IT,Developer,37733,,Day
EMP-001521,2016-01-01,,Erick,Wairimu,Male,1987-06-07,2016-01-01,Marketing,Digital Officer,104864,,Off
EMP-001522,2022-08-18,2025-07-20,Wanjiru,Chepkemoi,Female,1992-12-24,2022-08-18,Sales,Customer Care,69642,,Night
EMP-001522,2025-07-20,2026-01-17,Wanjiru,Chepkemoi,Female,1992-12-24,2022-08-18,Sales,Customer Care,81420,,Night
EMP-001522,2026-01-17,,Wanjiru,Chepkemoi,Female,1992-12-24,2022-08-18,Marketing,Marketing Manager,93170,,Night
EMP-001523,2018-07-02,,Noel,Kibet,Female,1987-09-20,2018-07-02,Marketing,Digital Officer,35303,,Off
EMP-001524,2016-12-17,,Muli,Osoro,Male,1969-06-21,2016-12-17,Finance,Cashier,63249,,Night
EMP-001525,2016-01-01,,Naomi,Mwenda,Male,1974-01-30,2016-01-01,Warehouse,Stock Keeper,99041,,Day
EMP-001526,2025-04-13,2026-01-26,Abel,Maingi,Female,1973-12-11,2025-04-13,IT,Systems Admin,74601,,Day
EMP-001526,2026-01-26,,Abel,Maingi,Female,1973-12-11,2025-04-13,IT,Systems Admin,84475,,Day
EMP-001527,2019-03-28,,Faith,Sifuna,Male,1977-05-10,2019-03-28,Warehouse,Forklift Operator,97098,,Day
EMP-001528,2020-06-21,2023-09-18,Amos,Simiyu,Female,1989-11-12,2020-06-21,Sales,Customer Care,90838,,Night
EMP-001528,2023-09-18,2025-08-29,Amos,Simiyu,Female,1989-11-12,2020-06-21,Sales,Customer Care,101717,,Night
EMP-001528,2025-08-29,,Amos,Simiyu,Female,1989-11-12,2020-06-21,Sales,Customer Care,125712,,Night
EMP-001529,2024-03-28,,Anna,Ali,Female,2006-04-24,2024-03-28,Warehouse,Forklift Operator,62802,,Night
EMP-001530,2016-01-01,2021-12-12,Mutuku,Wanyonyi,Male,1973-07-24,2016-01-01,Marketing,Brand Officer,79823,,Off
EMP-001530,2021-12-12,,Mutuku,Wanyonyi,Male,1973-07-24,2016-01-01,Marketing,Brand Officer,97074,,Off
EMP-001531,2023-01-11,,Titus,Muhumed,Male,1981-05-05,2023-01-11,IT,Systems Admin,46818,,Night
EMP-001532,2016-01-01,,Vincent,Njoki,Female,1990-09-10,2016-01-01,Supply Chain,Logistics Officer,76031,,Day
EMP-001533,2024-06-24,,Faith,Irungu,Male,1976-06-27,2024-06-24,Supply Chain,Procurement Officer,47965,,Off
EMP-001534,2016-01-01,,Collins,Chelangat,Female,1966-06-09,2016-01-01,Sales,Promoter,100707,,Day
EMP-001535,2017-03-15,2025-07-30,Mohamed,Odhiambo,Female,2002-11-10,2017-03-15,IT,IT Manager,104168,,Day
EMP-001535,2025-07-30,,Mohamed,Odhiambo,Female,2002-11-10,2017-03-15,IT,IT Manager,129481,,Day
EMP-001536,2023-09-16,,Kevin,Masai,Male,1980-03-05,2023-09-16,Supply Chain,Supply Chain Manager,34222,,Night
EMP-001537,2016-01-01,,John,Masinde,Male,1968-03-03,2016-01-01,Supply Chain,Logistics Officer,32836,,Night
EMP-001538,2021-07-23,2022-12-09,Wilson,Kiprono,Male,1983-03-08,2021-07-23,IT,Support,81175,,Day
EMP-001538,2022-12-09,2025-09-19,Wilson,Kiprono,Male,1983-03-08,2021-07-23,Supply Chain,Procurement Officer,87251,,Day
EMP-001538,2025-09-19,,Wilson,Kiprono,Male,1983-03-08,2021-07-23,Warehouse,Stock Keeper,104367,,Day
EMP-001539,2020-03-08,,Isaac,Mutisya,Female,1978-03-14,2020-03-08,Supply Chain,Supply Chain Manager,52536,,Night
EMP-001540,2024-12-16,,Micah,Kendi,Male,1970-03-21,2024-12-16,Supply Chain,Procurement Officer,59078,,Off
EMP-001541,2018-10-09,2024-03-22,Christine,Farah,Female,1986-03-24,2018-10-09,IT,IT Manager,43352,,Night
EMP-001541,2024-03-22,2025-11-01,Christine,Farah,Female,1986-03-24,2018-10-09,Finance,Cashier,53655,,Night
EMP-001541,2025-11-01,,Christine,Farah,Female,1986-03-24,2018-10-09,Finance,Cashier,58282,,Night
EMP-001542,2019-08-23,2021-11-03,Brian,Njoroge,Male,1979-12-05,2019-08-23,HR,HR Officer,63650,,Off
EMP-001542,2021-11-03,2025-09-08,Brian,Njoroge,Male,1979-12-05,2019-08-23,HR,HR Officer,67678,,Off
EMP-001542,2025-09-08,,Brian,Njoroge,Male,1979-12-05,2019-08-23,HR,HR Officer,81093,,Off
EMP-001543,2016-01-01,,Nancy,Macharia,Male,1992-03-28,2016-01-01,Finance,Finance Manager,101576,,Night
EMP-001544,2025-10-06,,Esther,Otieno,Female,1987-01-17,2025-10-06,Finance,Finance Manager,101957,STOR-0081,Off
EMP-001545,2016-01-01,,Elizabeth,Lagat,Female,2005-07-08,2016-01-01,Warehouse,Forklift Operator,74790,,Day
EMP-001546,2016-04-05,,Njoroge,Omondi,Female,1980-07-03,2016-04-05,Finance,Accountant,110196,,Night
EMP-001547,2017-12-07,,Hannah,Makori,Male,1976-04-30,2017-12-07,Finance,Accountant,77231,,Night
EMP-001548,2016-01-01,2021-11-10,Jepchumba,Mugo,Female,1967-05-18,2016-01-01,IT,Systems Admin,57072,,Off
EMP-001548,2021-11-10,,Jepchumba,Mugo,Female,1967-05-18,2016-01-01,IT,Systems Admin,66482,,Off
EMP-001549,2016-01-01,,Steven,Chepkwony,Female,1966-08-03,2016-01-01,Finance,Cashier,36974,,Off
EMP-001550,2016-01-01,,Otieno,John,Male,1991-10-07,2016-01-01,Sales,Promoter,54830,,Off
EMP-001551,2016-01-01,2020-09-13,Ndirangu,Naliaka,Male,1963-04-22,2016-01-01,Marketing,Marketing Manager,50745,,Night
EMP-001551,2020-09-13,,Ndirangu,Naliaka,Male,1963-04-22,2016-01-01,Marketing,Marketing Manager,61825,,Night
EMP-001552,2025-05-19,,Peninah,Omar,Male,1993-12-09,2025-05-19,Sales,,39617,,Night
EMP-001553,2024-01-09,2025-12-20,Wanjala,Atieno,Male,1984-03-13,2024-01-09,Supply Chain,Supply Chain Manager,103820,,Off
EMP-001553,2025-12-20,,Wanjala,Atieno,Male,1984-03-13,2024-01-09,Finance,Cashier,111913,,Off
EMP-001554,2017-06-09,2022-03-12,Josphat,Mwanzia,Female,1976-09-02,2017-06-09,Marketing,Digital Officer,90937,,Night
EMP-001554,2022-03-12,,Josphat,Mwanzia,Female,1976-09-02,2017-06-09,Marketing,Digital Officer,109947,,Night
EMP-001555,2020-09-16,,Odhiambo,Maina,Male,1978-02-18,2020-09-16,HR,HR Manager,48435,,Night
EMP-001556,2024-06-21,,Gloria,Njuki,Male,1962-08-09,2024-06-21,Marketing,Digital Officer,48941,,Day
EMP-001557,2019-09-10,2021-06-22,Rukia,Muchira,Male,1975-12-13,2019-09-10,Finance,Auditor,38489,,Off
EMP-001557,2021-06-22,,Rukia,Muchira,Male,1975-12-13,2019-09-10,Finance,Auditor,41965,,Off
EMP-001558,2016-07-26,,Salim,Kinyua,Male,1969-12-09,2016-07-26,Warehouse,Loader,104970,,Night
EMP-001559,2023-12-09,2025-09-24,Stephen,Mwendwa,Female,2006-09-26,2023-12-09,Warehouse,Stock Keeper,86863,STOR-0078,Night
EMP-001559,2025-09-24,,Stephen,Mwendwa,Female,2006-09-26,2023-12-09,Finance,Cashier,94049,STOR-0078,Night
EMP-001560,2023-13-45,2023-13-45,Juliet,Mutwiri,Female,2023-13-45,2023-13-45,HR,Recruiter,25743,,Night
EMP-001560,2022-01-30,2025-01-03,Juliet,Mutwiri,Female,1988-12-30,2019-07-19,HR,,27875,,Night
EMP-001560,2025-01-03,,Juliet,Mutwiri,Female,1988-12-30,2019-07-19,Supply Chain,Procurement Officer,33810,,Night
EMP-001561,2018-01-27,2021-05-14,Wanjiru,Mule,Female,2001-10-17,2018-01-27,Marketing,Marketing Manager,52342,,Night
EMP-001561,2021-05-14,2023-10-08,Wanjiru,Mule,Female,2001-10-17,2018-01-27,Marketing,Marketing Manager,61922,,Night
EMP-001561,2023-10-08,,Wanjiru,Mule,Female,2001-10-17,2018-01-27,Marketing,Marketing Manager,71495,,Night
EMP-001562,2022-06-18,,Adam,Muthoni,Female,1970-01-11,2022-06-18,IT,Systems Admin,53177,,Night
EMP-001563,2016-01-01,,Kinuthia,Abdirahman,Male,1974-05-14,2016-01-01,Finance,Auditor,119537,,Day
EMP-001564,2025-04-09,,Atieno,Nyambura,Female,2008-08-01,2025-04-09,IT,,32774,,Off
EMP-001565,2023-13-45,2023-13-45,Rael,Cheboi,Female,2023-13-45,2023-13-45,HR,HR Manager,34697,,Off
EMP-001566,2016-01-01,,Jenipher,Makungu,Male,1970-06-23,2016-01-01,IT,Systems Admin,98641,,Day
EMP-001567,2019-12-01,,Elizabeth,Kipchumba,Female,1971-05-10,2019-12-01,Warehouse,Warehouse Manager,116652,,Night
EMP-001568,2024-12-07,,Geoffrey,Wanyama,Female,1968-08-27,2024-12-07,Warehouse,Stock Keeper,86384,,Night
EMP-001569,2018-10-24,,George,Ayuma,Female,1970-07-02,2018-10-24,Sales,Promoter,40622,,Night
EMP-001570,2016-01-01,,Susan,Issak,Female,1988-10-10,2016-01-01,IT,Developer,27123,,Day
EMP-001571,2025-05-19,,Quinter,Omar,Female,2003-12-08,2025-05-19,Finance,Accountant,34902,,Off
EMP-001572,2016-01-01,,Mirriam,Macharia,Male,1973-05-22,2016-01-01,IT,Systems Admin,34579,,Night
EMP-001573,2024-12-05,,Mohamed,Kariuki,Female,2002-03-30,2024-12-05,Marketing,Brand Officer,34571,,Off
EMP-001574,2016-01-01,2020-06-02,Faith,Murimi,Female,2002-04-09,2016-01-01,Finance,Accountant,106748,,Day
EMP-001574,2020-06-02,2025-12-25,Faith,Murimi,Female,2002-04-09,2016-01-01,Finance,Accountant,119746,,Day
EMP-001574,2025-12-25,,Faith,Murimi,Female,2002-04-09,2016-01-01,Finance,Accountant,146741,,Day
EMP-001575,2017-10-22,2018-12-22,Abdi,Gakii,Female,1985-01-17,2017-10-22,Supply Chain,Supply Chain Manager,94778,,Off
EMP-001575,2018-12-22,2025-04-26,Abdi,Gakii,Female,1985-01-17,2017-10-22,Supply Chain,Logistics Officer,106955,,Off
EMP-001575,2025-04-26,,Abdi,Gakii,Female,1985-01-17,2017-10-22,Supply Chain,Logistics Officer,129770,,Off
EMP-001576,2016-01-01,,Vivian,Hassan,Male,2001-10-01,2016-01-01,Warehouse,Warehouse Manager,28437,,Day
EMP-001577,2016-01-01,2023-01-31,Abubakar,Makori,Female,1973-02-12,2016-01-01,Finance,Finance Manager,111267,,Night
EMP-001577,2023-01-31,2025-08-31,Abubakar,Makori,Female,1973-02-12,2016-01-01,Finance,Finance Manager,126602,,Night
EMP-001577,2025-08-31,,Abubakar,Makori,Female,1973-02-12,2016-01-01,Finance,Finance Manager,142476,,Night
EMP-001578,2016-01-01,,Mbugua,Wanjiku,Female,1975-12-31,2016-01-01,Sales,Senior Sales,28332,,Off
EMP-001579,2022-01-15,,Peter,Mogaka,Male,1961-08-15,2022-01-15,HR,Recruiter,51035,,Night
EMP-001580,2016-01-01,,Jelagat,Musee,Male,1975-09-29,2016-01-01,IT,IT Manager,46349,,Day
EMP-001581,2020-07-07,,Diana,Kanja,Female,1974-07-09,2020-07-07,Warehouse,Warehouse Manager,91441,,Night
EMP-001582,2016-01-01,,James,Abuga,Female,1990-06-29,2016-01-01,Supply Chain,Supply Chain Manager,77469,STOR-0026,Night
EMP-001583,2016-01-01,,Hannah,Kiprop,Female,1982-09-16,2016-01-01,Marketing,Brand Officer,55062,STOR-0022,Off
EMP-001584,2025-01-09,2025-12-12,Hannah,Kimotho,Female,1989-09-10,2025-01-09,Marketing,Digital Officer,67371,,Day
EMP-001584,2025-12-12,,Hannah,Kimotho,Female,1989-09-10,2025-01-09,Marketing,Digital Officer,76973,,Day
EMP-001585,2016-01-01,,Agnes,Kipchirchir,Male,1986-06-26,2016-01-01,Supply Chain,Procurement Officer,33019,,Day
EMP-001586,2021-10-14,,Purity,Kinyua,Female,1999-07-09,2021-10-14,Supply Chain,Procurement Officer,79950,,Off
EMP-001587,2021-02-26,,Mathias,Peter,Male,2008-07-06,2021-02-26,Warehouse,Warehouse Manager,90215,,Night
EMP-001588,2020-01-26,,Dorcas,Okumu,Female,1991-05-01,2020-01-26,Sales,Customer Care,28735,STOR-0009,Off
EMP-001589,2016-01-01,2025-04-26,Job,Wabwire,Female,1977-04-27,2016-01-01,Supply Chain,Logistics Officer,119702,,Day
EMP-001589,2025-04-26,2026-01-07,Job,Wabwire,Female,1977-04-27,2016-01-01,Supply Chain,Logistics Officer,132902,,Day
EMP-001589,2026-01-07,,Job,Wabwire,Female,1977-04-27,2016-01-01,Supply Chain,Logistics Officer,159418,,Day
EMP-001590,2016-01-01,,Lenah,Mwangi,Female,1986-12-17,2016-01-01,HR,Recruiter,95349,,Off
EMP-001591,2019-08-16,,Japheth,Kilonzo,Male,1963-12-15,2019-08-16,Finance,Finance Manager,67320,,Night
EMP-001592,2025-08-24,,Otieno,Wachira,Male,1981-04-28,2025-08-24,Supply Chain,Logistics Officer,50727,,Off
EMP-001593,2016-01-01,2023-09-06,Gladys,Wambua,Male,1971-12-06,2016-01-01,Marketing,Brand Officer,62001,STOR-0027,Day
EMP-001593,2023-09-06,,Gladys,Wambua,Male,1971-12-06,2016-01-01,Marketing,Brand Officer,71334,STOR-0027,Day
EMP-001594,2024-11-19,,Philip,Waruguru,Female,2007-07-20,2024-11-19,IT,Developer,42263,,Night
EMP-001595,2022-11-02,2025-04-01,Philemon,Abdi,Male,2004-07-25,2022-11-02,Supply Chain,Procurement Officer,48877,,Off
EMP-001595,2025-04-01,,Philemon,Abdi,Male,2004-07-25,2022-11-02,Supply Chain,Procurement Officer,53590,,Off
EMP-001596,2020-01-19,,Stephen,John,Female,1972-10-31,2020-01-19,HR,Recruiter,70075,,Off
EMP-001597,2024-10-09,,Agnes,Nthiga,Male,2007-12-21,2024-10-09,IT,Support,40442,,Off
EMP-001598,2020-03-09,,Saidi,Kinyua,Female,1982-08-11,2020-03-09,Finance,,96945,,Day
EMP-001599,2018-02-26,2024-09-16,Yusuf,Kariuki,Female,2000-10-08,2018-02-26,Finance,Auditor,109186,,Off
EMP-001599,2024-09-16,,Yusuf,Kariuki,Female,2000-10-08,2018-02-26,Finance,Auditor,134289,,Off
EMP-001600,2016-01-01,,Cecilia,Ongeri,Male,1966-09-26,2016-01-01,Finance,Finance Manager,70563,,Night
EMP-001601,2016-01-01,,Julius,Kipsang,Male,1971-10-05,2016-01-01,IT,Systems Admin,43574,,Day
EMP-001602,2023-13-45,2023-13-45,Purity,Juma,Male,2023-13-45,2023-13-45,Supply Chain,Procurement Officer,98778,STOR-0135,Day
EMP-001603,2017-12-17,,Ann,Kiarie,Female,1966-05-28,2017-12-17,Warehouse,Stock Keeper,45807,,Day
EMP-001604,2016-01-01,2019-03-19,Humphrey,Mbugua,Male,1995-06-02,2016-01-01,HR,HR Manager,61493,,Night
EMP-001604,2019-03-19,2022-12-04,Humphrey,Mbugua,Male,1995-06-02,2016-01-01,HR,HR Manager,69288,,Night
EMP-001604,2022-12-04,,Humphrey,Mbugua,Male,1995-06-02,2016-01-01,HR,HR Manager,80284,,Night
EMP-001605,2016-01-01,,Hesbon,Mwangi,Female,1972-03-24,2016-01-01,Sales,Sales Associate,57942,,Off
EMP-001606,2016-01-01,,Everline,Nekesa,Male,2005-06-24,2016-01-01,Warehouse,Forklift Operator,46004,,Day
EMP-001607,2023-07-19,2024-06-01,Atieno,Wanjiku,Male,1970-06-10,2023-07-19,Warehouse,Loader,70928,,Night
EMP-001607,2024-06-01,2025-01-06,Atieno,Wanjiku,Male,1970-06-10,2023-07-19,Warehouse,Loader,87333,,Night
EMP-001607,2025-01-06,,Atieno,Wanjiku,Male,1970-06-10,2023-07-19,Marketing,Digital Officer,102602,,Night
EMP-001608,2016-08-05,,Wekesa,Nyambura,Male,1990-12-19,2016-08-05,Marketing,Brand Officer,67922,,Day
EMP-001609,2025-04-22,,Juma,Kariuki,Male,1969-07-21,2025-04-22,HR,Recruiter,41366,,Off
EMP-001610,2020-05-02,,Laura,Otieno,Male,1977-10-28,2020-05-02,HR,Recruiter,39789,,Night
EMP-001611,2019-04-17,,John,Kipkorir,Female,1994-07-13,2019-04-17,Sales,Sales Associate,104077,STOR-0093,Day
EMP-001612,2023-07-02,2024-06-30,Mueni,Otieno,Female,1994-03-07,2023-07-02,Marketing,Marketing Manager,61726,,Off
EMP-001612,2024-06-30,2025-06-13,Mueni,Otieno,Female,1994-03-07,2023-07-02,IT,Developer,66255,,Off
EMP-001612,2025-06-13,,Mueni,Otieno,Female,1994-03-07,2023-07-02,IT,Developer,82021,,Off
EMP-001613,2021-02-01,,Kipkosgei,Bett,Female,1988-07-05,2021-02-01,Sales,Senior Sales,56816,,Day
EMP-001614,2016-01-01,,Frankline,Oluoch,Female,1961-01-17,2016-01-01,IT,Support,104511,,Off
EMP-001615,2016-01-01,,Denis,Cheptoo,Male,2002-10-10,2016-01-01,Sales,Promoter,72277,,Off
EMP-001616,2022-12-24,,Mercy,Musili,Female,1974-09-23,2022-12-24,Sales,Customer Care,109815,,Night
EMP-001617,2022-11-24,2024-11-15,Brian,Wambui,Male,2005-01-20,2022-11-24,Supply Chain,Supply Chain Manager,112696,STOR-0056,Off
EMP-001617,2024-11-15,2025-05-28,Brian,Wambui,Male,2005-01-20,2022-11-24,Supply Chain,Supply Chain Manager,132478,STOR-0056,Off
EMP-001617,2025-05-28,,Brian,Wambui,Male,2005-01-20,2022-11-24,Supply Chain,Supply Chain Manager,147975,STOR-0056,Off
EMP-001618,2016-01-01,,Kevin,Mohamed,Female,1999-12-09,2016-01-01,Supply Chain,Supply Chain Manager,72000,,Night
EMP-001619,2018-08-26,2019-07-24,Martha,Koech,Male,1966-07-26,2018-08-26,Sales,Customer Care,85057,,Off
EMP-001619,2019-07-24,,Martha,Koech,Male,1966-07-26,2018-08-26,Sales,Customer Care,-91679,,Off
EMP-001620,2022-06-25,,Mohamed,Birgen,Female,1971-07-31,2022-06-25,Supply Chain,Procurement Officer,90514,STOR-0086,Night
EMP-001621,2020-05-04,,Grace,Makena,Male,2007-08-28,2020-05-04,Marketing,Marketing Manager,108814,,Off
EMP-001622,2022-04-09,,Margaret,Opiyo,Male,1998-11-08,2022-04-09,Supply Chain,Logistics Officer,88627,,Night
EMP-001623,2016-01-01,,Simon,Ndungu,Male,1999-12-31,2016-01-01,Sales,Promoter,101263,,Off
EMP-001624,2016-01-01,,Njoroge,Mwangi,Female,1980-12-19,2016-01-01,Marketing,Marketing Manager,51033,,Off
EMP-001625,2018-03-23,2025-03-02,Hillary,Wasonga,Female,1965-03-15,2018-03-23,Finance,Cashier,77003,,Night
EMP-001625,2025-03-02,2025-11-19,Hillary,Wasonga,Female,1965-03-15,2018-03-23,IT,IT Manager,93081,,Night
EMP-001625,2025-11-19,,Hillary,Wasonga,Female,1965-03-15,2018-03-23,IT,IT Manager,109278,,Night
EMP-001626,2024-01-08,2024-10-18,Kemunto,Maina,Male,1992-08-21,2024-01-08,IT,Systems Admin,112493,STOR-0007,Night
EMP-001626,2024-10-18,,Kemunto,Maina,Male,1992-08-21,2024-01-08,IT,Systems Admin,130119,STOR-0007,Night
EMP-001627,2024-11-26,,Emmanuel,Njihia,Male,1983-01-01,2024-11-26,Warehouse,Loader,26627,,Day
EMP-001628,2024-07-18,,Reagan,Peter,Female,2007-12-13,2024-07-18,IT,Systems Admin,79044,,Off
EMP-001629,2018-12-26,,Mwangi,Odhiambo,Female,1999-06-25,2018-12-26,Finance,Cashier,81533,,Day
EMP-001630,2016-01-01,,Susan,Mulwa,Female,1966-07-26,2016-01-01,Finance,Finance Manager,95552,,Day
EMP-001631,2020-02-26,,Cosmas,Omollo,Female,1980-02-22,2020-02-26,Supply Chain,Logistics Officer,54861,,Off
EMP-001632,2024-05-19,,Godfrey,Ngina,Male,1978-04-08,2024-05-19,Supply Chain,Procurement Officer,85324,,Night
EMP-001633,2016-01-01,,Calvin,Muange,Male,1984-09-05,2016-01-01,HR,HR Officer,110233,,Night
EMP-001634,2016-01-01,2025-05-02,Winny,Ngeno,Male,1994-05-19,2016-01-01,Sales,Customer Care,99678,,Off
EMP-001634,2025-05-02,2026-01-07,Winny,Ngeno,Male,1994-05-19,2016-01-01,Sales,Customer Care,122482,,Off
EMP-001634,2026-01-07,,Winny,Ngeno,Male,1994-05-19,2016-01-01,Supply Chain,Procurement Officer,147923,,Off
EMP-001635,2016-11-15,,Mercy,Mohamud,Female,1972-11-03,2016-11-15,Finance,Cashier,68323,,Off
EMP-001636,2020-01-20,,Violet,Adan,Male,1980-05-14,2020-01-20,Sales,Customer Care,101997,,Day
EMP-001637,2016-01-01,,Hafsa,Otieno,Female,1962-03-26,2016-01-01,Warehouse,Loader,48755,,Night
EMP-001638,2016-01-01,2023-07-19,Kiprotich,Mumbua,Female,1974-09-16,2016-01-01,IT,Support,78421,,Night
EMP-001638,2023-07-19,2024-12-01,Kiprotich,Mumbua,Female,1974-09-16,2016-01-01,IT,Support,84720,,Night
EMP-001638,2024-12-01,,Kiprotich,Mumbua,Female,1974-09-16,2016-01-01,IT,Support,94237,,Night
EMP-001639,2021-03-23,,Brian,Njoki,Female,2003-12-25,2021-03-23,HR,Recruiter,90494,,Night
EMP-001640,2021-11-21,2023-07-31,Isaac,Karani,Male,2007-07-22,2021-11-21,Sales,Customer Care,84208,,Off
EMP-001640,2023-07-31,,Isaac,Karani,Male,2007-07-22,2021-11-21,Sales,Customer Care,92603,,Off
EMP-001641,2016-01-01,,Benson,Maina,Male,1981-01-12,2016-01-01,Sales,Sales Associate,67842,,Day
EMP-001642,2016-01-01,,Nathan,Wangui,Female,1961-01-06,2016-01-01,Marketing,Digital Officer,90300,,Day
EMP-001643,2016-01-01,,Dennis,Langat,Male,1987-07-20,2016-01-01,IT,Systems Admin,82763,,Day
EMP-001644,2016-01-01,,Eunice,Mukami,Female,1962-07-31,2016-01-01,IT,IT Manager,65850,STOR-0028,Night
EMP-001645,2016-01-01,,Millicent,Wafula,Male,1983-08-06,2016-01-01,IT,Systems Admin,105372,STOR-0117,Off
EMP-001646,2024-02-22,2024-09-16,Peninah,Mwenda,Female,1992-11-20,2024-02-22,IT,IT Manager,69347,,Day
EMP-001646,2024-09-16,2025-11-20,Peninah,Mwenda,Female,1992-11-20,2024-02-22,IT,IT Manager,83132,,Day
EMP-001646,2025-11-20,,Peninah,Mwenda,Female,1992-11-20,2024-02-22,IT,IT Manager,87846,,Day
EMP-001647,2021-01-16,2024-05-21,Victor,Atieno,Male,1991-12-11,2021-01-16,Supply Chain,Logistics Officer,117751,,Off
EMP-001647,2024-05-21,,Victor,Atieno,Male,1991-12-11,2021-01-16,Marketing,Brand Officer,137059,,Off
EMP-001648,2016-05-11,,Oscar,Abdallah,Female,1964-05-30,2016-05-11,Warehouse,Forklift Operator,50957,,Off
EMP-001649,2022-02-16,,Leah,Ibrahim,Female,2006-10-01,2022-02-16,Sales,Senior Sales,38673,,Night
EMP-001650,2025-05-25,2026-01-16,Onyango,Kimathi,Female,1974-10-09,2025-05-25,Marketing,Digital Officer,32224,,Day
EMP-001650,2026-01-16,,Onyango,Kimathi,Female,1974-10-09,2025-05-25,Marketing,Digital Officer,38749,,Day
EMP-001651,2020-12-02,,Caroline,Sikuku,Male,1984-08-29,2020-12-02,IT,IT Manager,31187,STOR-0099,Day
EMP-001652,2023-12-17,2025-03-04,James,Wambui,Male,1962-09-20,2023-12-17,IT,Systems Admin,91682,,Off
EMP-001652,2025-03-04,,James,Wambui,Male,1962-09-20,2023-12-17,IT,Systems Admin,112342,,Off
EMP-001653,2016-01-01,,Nyanchama,Ondieki,Female,1971-11-23,2016-01-01,Finance,Accountant,118589,,Day
EMP-001654,2016-01-01,,Kiplimo,Waweru,Male,2001-02-06,2016-01-01,Marketing,Marketing Manager,63068,,Day
EMP-001655,2016-01-01,,Dennis,Wahome,Female,1981-07-30,2016-01-01,Warehouse,Stock Keeper,77685,,Day
EMP-001656,2023-11-19,,Ann,Karanja,Female,1962-10-02,2023-11-19,Marketing,Digital Officer,65598,,Off
EMP-001657,2023-12-01,,Ian,Ali,Female,1976-10-08,2023-12-01,HR,Recruiter,74431,,Day
EMP-001658,2018-10-01,2021-01-29,Njeri,Thuku,Female,1981-03-11,2018-10-01,Marketing,Digital Officer,76834,,Night
EMP-001658,2021-01-29,,Njeri,Thuku,Female,1981-03-11,2018-10-01,Marketing,Digital Officer,85932,,Night
EMP-001659,2016-01-01,,Nicholus,Njeri,Male,1986-01-24,2016-01-01,HR,HR Manager,49033,,Day
EMP-001660,2022-05-18,,Lydia,Mugendi,Female,1966-11-25,2022-05-18,Finance,Cashier,99725,,Day
EMP-001661,2016-01-01,,Isaiah,Mohamed,Male,1993-06-11,2016-01-01,HR,HR Manager,41661,,Day
EMP-001662,2016-01-01,,Rehema,Atieno,Male,1983-09-29,2016-01-01,Supply Chain,Supply Chain Manager,49179,,Off
EMP-001663,2023-13-45,2023-13-45,Beryl,Ntinyari,Male,2023-13-45,2023-13-45,HR,HR Officer,43711,,Day
EMP-001664,2016-12-11,,Hussein,Wekesa,Male,1967-04-15,2016-12-11,Sales,Sales Associate,45016,,Night
EMP-001665,2024-04-21,,Damaris,Siele,Female,2006-08-25,2024-04-21,Sales,Senior Sales,74811,,Night
EMP-001666,2016-01-01,,Mitchelle,Muthoni,Male,1963-02-01,2016-01-01,Finance,Auditor,28317,STOR-0018,Day
EMP-001667,2016-01-01,,Wangari,Maiyo,Female,1996-02-22,2016-01-01,Finance,Accountant,39596,,Night
EMP-001668,2016-01-01,,Dennis,Rotich,Male,1963-08-06,2016-01-01,Finance,Accountant,43807,STOR-0060,Day
EMP-001669,2022-10-04,2024-08-31,Caroline,Aden,Male,1966-07-11,2022-10-04,Supply Chain,Procurement Officer,107350,,Off
EMP-001669,2024-08-31,2025-08-27,Caroline,Aden,Male,1966-07-11,2022-10-04,Marketing,Brand Officer,130349,,Off
EMP-001669,2025-08-27,,Caroline,Aden,Male,1966-07-11,2022-10-04,Marketing,Brand Officer,139750,,Off
EMP-001670,2024-12-08,,Achieng,Omondi,Female,2005-06-11,2024-12-08,Marketing,Brand Officer,105295,,Off
EMP-001671,2024-09-12,,Diana,Mohamed,Male,1981-11-03,2024-09-12,Warehouse,Loader,62599,,Day
EMP-001672,2018-03-12,2020-04-28,Sharon,Muthoni,Female,1974-03-31,2018-03-12,Marketing,Marketing Manager,81588,,Day
EMP-001672,2020-04-28,2023-04-03,Sharon,Muthoni,Female,1974-03-31,2018-03-12,IT,Systems Admin,99479,,Day
EMP-001672,2023-04-03,,Sharon,Muthoni,Female,1974-03-31,2018-03-12,IT,Systems Admin,106989,,Day
EMP-001673,2021-04-13,,Odhiambo,Anyango,Male,1990-08-13,2021-04-13,HR,Recruiter,85369,,Night
EMP-001674,2021-06-11,2023-02-06,Grace,Macharia,Female,1971-04-26,2021-06-11,Marketing,Brand Officer,42447,,Day
EMP-001674,2023-02-06,,Grace,Macharia,Female,1971-04-26,2021-06-11,Warehouse,Stock Keeper,47942,,Day
EMP-001675,2023-06-21,,Dennis,Oyaro,Female,1998-09-06,2023-06-21,Finance,Finance Manager,76488,,Day
EMP-001676,2019-10-14,,Bakari,Muthoni,Female,1984-06-09,2019-10-14,Sales,Promoter,53465,,Day
EMP-001677,2016-01-01,2021-04-24,Ndegwa,Macharia,Female,2008-07-12,2016-01-01,Marketing,Marketing Manager,75589,,Day
EMP-001677,2021-04-24,,Ndegwa,Macharia,Female,2008-07-12,2016-01-01,HR,HR Officer,91421,,Day
EMP-001678,2016-01-01,,Isack,Njoroge,Male,1981-10-15,2016-01-01,HR,HR Manager,42112,,Night
EMP-001679,2016-01-01,,Faith,Chepkemoi,Male,1990-10-15,2016-01-01,Sales,Sales Associate,31914,,Day
EMP-001680,2016-12-05,,David,Mohamed,Female,2006-07-26,2016-12-05,Warehouse,Stock Keeper,33653,,Night
EMP-001681,2025-06-23,2026-01-09,David,Mbugua,Female,1966-06-17,2025-06-23,Warehouse,Stock Keeper,64746,,Off
EMP-001681,2026-01-09,,David,Mbugua,Female,1966-06-17,2025-06-23,Warehouse,Stock Keeper,69924,,Off
EMP-001682,2016-01-01,,Lawrence,Mokaya,Female,2000-12-08,2016-01-01,HR,HR Manager,98618,,Night
EMP-001683,2017-02-22,,Mercy,Wesonga,Female,1990-12-09,2017-02-22,Warehouse,Forklift Operator,37723,,Day
EMP-001684,2022-08-06,,Faith,Rotich,Female,1974-01-30,2022-08-06,Supply Chain,Procurement Officer,101831,,Night
EMP-001685,2023-13-45,2023-13-45,Lilian,Oloo,Male,2023-13-45,2023-13-45,Marketing,Digital Officer,70066,STOR-0022,Night
EMP-001685,2024-09-13,,Lilian,Oloo,Male,1996-11-25,2024-01-16,Finance,Auditor,76781,STOR-0022,Night
EMP-001686,2016-01-01,,Elosy,Wangeci,Male,1992-04-15,2016-01-01,Marketing,Brand Officer,63318,,Day
EMP-001687,2016-01-01,2024-06-16,Lucky,Ali,Female,2008-02-20,2016-01-01,HR,HR Manager,72869,STOR-0050,Off
EMP-001687,2024-06-16,,Lucky,Ali,Female,2008-02-20,2016-01-01,HR,HR Manager,87038,STOR-0050,Off
EMP-001688,2016-01-01,,Kelvin,Rotich,Female,2004-06-14,2016-01-01,Warehouse,Stock Keeper,59486,,Night
EMP-001689,2024-11-03,,Lilian,Chepkorir,Female,1976-05-13,2024-11-03,Finance,Accountant,42124,STOR-0003,Off
EMP-001690,2022-04-16,,Naliaka,Wambui,Female,2002-08-01,2022-04-16,HR,Recruiter,29716,,Night
EMP-001691,2021-09-28,,Benard,Cherotich,Female,1973-01-28,2021-09-28,Supply Chain,Supply Chain Manager,78371,,Day
EMP-001692,2016-08-10,,Nancy,Kinuthia,Female,1982-09-12,2016-08-10,Finance,Accountant,83965,STOR-0022,Off
EMP-001693,2016-01-01,2018-05-31,Wangui,Mohamed,Male,1992-12-11,2016-01-01,Supply Chain,Procurement Officer,56845,,Night
EMP-001693,2018-05-31,,Wangui,Mohamed,Male,1992-12-11,2016-01-01,Supply Chain,Procurement Officer,67873,,Night
EMP-001694,2016-01-01,,Edward,Ndung'u,Male,1972-03-22,2016-01-01,Marketing,Brand Officer,105931,,Off
EMP-001695,2020-11-04,,Richard,Wangari,Female,1999-09-15,2020-11-04,IT,IT Manager,32361,,Day
EMP-001696,2016-01-01,2022-01-13,Paul,Omondi,Male,1967-11-18,2016-01-01,Sales,Sales Associate,81750,,Day
EMP-001696,2022-01-13,,Paul,Omondi,Male,1967-11-18,2016-01-01,Sales,Sales Associate,96320,,Day
EMP-001697,2016-08-27,2024-12-27,Hamza,Maina,Female,1981-02-27,2016-08-27,Warehouse,Forklift Operator,104358,,Night
EMP-001697,2024-12-27,,Hamza,Maina,Female,1981-02-27,2016-08-27,Warehouse,Forklift Operator,124059,,Night
EMP-001698,2016-01-01,,Simiyu,Kirui,Male,2002-11-06,2016-01-01,Warehouse,Stock Keeper,43860,STOR-0148,Day
EMP-001699,2016-03-28,2023-04-05,Denis,Wanjiku,Male,1993-06-04,2016-03-28,Finance,Finance Manager,46289,,Off
EMP-001699,2023-04-05,2024-01-12,Denis,Wanjiku,Male,1993-06-04,2016-03-28,Marketing,Brand Officer,53627,,Off
EMP-001699,2024-01-12,,Denis,Wanjiku,Male,1993-06-04,2016-03-28,Marketing,Brand Officer,59008,,Off
EMP-001700,2018-06-24,,Wafula,Abdille,Female,2000-10-24,2018-06-24,Warehouse,Warehouse Manager,110831,STOR-0065,Night
EMP-001701,2016-01-01,2022-04-25,Douglas,Ondari,Male,1999-03-14,2016-01-01,Finance,Accountant,106244,,Night
EMP-001701,2022-04-25,2025-02-13,Douglas,Ondari,Male,1999-03-14,2016-01-01,Finance,Accountant,118901,,Night
EMP-001701,2025-02-13,,Douglas,Ondari,Male,1999-03-14,2016-01-01,Marketing,Marketing Manager,129164,,Night
EMP-001702,2021-12-22,,Christine,Njeri,Female,2006-03-02,2021-12-22,IT,IT Manager,99606,,Night
EMP-001703,2021-08-10,2025-08-28,Daniel,Kairu,Female,1999-09-03,2021-08-10,Supply Chain,Supply Chain Manager,66087,,Off
EMP-001703,2025-08-28,,Daniel,Kairu,Female,1999-09-03,2021-08-10,Supply Chain,Supply Chain Manager,81398,,Off
EMP-001704,2023-08-15,2024-10-20,Ezra,David,Female,1992-02-06,2023-08-15,Finance,Auditor,85768,STOR-0119,Night
EMP-001704,2024-10-20,2025-11-19,Ezra,David,Female,1992-02-06,2023-08-15,Finance,Auditor,100063,STOR-0119,Night
EMP-001704,2025-11-19,,Ezra,David,Female,1992-02-06,2023-08-15,Finance,Auditor,113088,STOR-0119,Night
EMP-001705,2020-07-28,,Kelvin,Kemboi,Male,1981-07-24,2020-07-28,Marketing,Marketing Manager,77352,,Night
EMP-001706,2016-01-01,2022-12-09,Dorcus,Maina,Male,1967-12-31,2016-01-01,Warehouse,,27148,,Day
EMP-001706,2022-12-09,,Dorcus,Maina,Male,1967-12-31,2016-01-01,Warehouse,Warehouse Manager,31013,,Day
EMP-001707,2022-03-10,,Gideon,Gatwiri,Female,1964-10-13,2022-03-10,Supply Chain,Logistics Officer,61394,,Night
EMP-001708,2023-07-28,2025-12-25,Stephen,Muhonja,Female,2000-02-14,2023-07-28,Warehouse,Forklift Operator,112266,,Day
EMP-001708,2025-12-25,,Stephen,Muhonja,Female,2000-02-14,2023-07-28,HR,HR Officer,139148,,Day
EMP-001709,2016-01-01,,Brenda,Jerotich,Female,1970-08-01,2016-01-01,HR,HR Manager,79571,,Night
EMP-001710,2019-11-20,2023-09-11,Elizabeth,Kimutai,Female,1980-06-08,2019-11-20,HR,HR Officer,40970,,Off
EMP-001710,2023-09-11,2025-06-30,Elizabeth,Kimutai,Female,1980-06-08,2019-11-20,Supply Chain,Procurement Officer,44275,,Off
EMP-001710,2025-06-30,,Elizabeth,Kimutai,Female,1980-06-08,2019-11-20,Supply Chain,Procurement Officer,51679,,Off
EMP-001711,2016-01-01,,Mwiti,Wafula,Female,2006-12-23,2016-01-01,Finance,Auditor,57258,,Night
EMP-001712,2025-05-18,,Kerubo,Ibrahim,Female,2006-11-04,2025-05-18,Finance,Cashier,116531,,Day
EMP-001713,2017-04-16,,Joel,Nafula,Male,1990-03-08,2017-04-16,IT,Support,27542,,Day
EMP-001714,2020-02-17,,Purity,Tuwei,Male,1966-09-04,2020-02-17,HR,Recruiter,103983,STOR-0069,Day
EMP-001715,2018-12-05,2022-11-09,Zachary,Makena,Male,1995-05-02,2018-12-05,Finance,Accountant,87094,,Off
EMP-001715,2022-11-09,2023-11-22,Zachary,Makena,Male,1995-05-02,2018-12-05,HR,HR Officer,100260,,Off
EMP-001715,2023-11-22,,Zachary,Makena,Male,1995-05-02,2018-12-05,HR,HR Officer,117533,,Off
EMP-001716,2020-08-11,,Doreen,Maina,Female,1997-12-13,2020-08-11,IT,Systems Admin,109651,,Off
EMP-001717,2016-01-01,,Jerop,Otieno,Female,1998-09-16,2016-01-01,IT,Developer,57535,,Night
EMP-001718,2019-05-07,,Judith,Nyongesa,Male,1979-10-21,2019-05-07,Warehouse,Stock Keeper,28313,,Off
EMP-001719,2021-08-25,,Caren,Adan,Male,2008-05-20,2021-08-25,Warehouse,Forklift Operator,107036,,Day
EMP-001720,2016-01-01,2023-05-26,Wangila,Mwanzia,Female,1986-08-25,2016-01-01,Finance,Finance Manager,117575,,Night
EMP-001720,2023-05-26,,Wangila,Mwanzia,Female,1986-08-25,2016-01-01,Finance,Finance Manager,123879,,Night
EMP-001721,2016-01-01,,Kenneth,Kuria,Male,2005-09-06,2016-01-01,Finance,Auditor,73342,,Off
EMP-001722,2023-11-11,,Alex,Abdi,Male,1998-05-25,2023-11-11,HR,HR Manager,67809,,Day
EMP-001723,2016-01-01,,Duncan,Munyi,Female,1988-12-28,2016-01-01,Marketing,Digital Officer,118541,,Day
EMP-001724,2016-01-01,,Michael,Saitoti,Male,2006-03-13,2016-01-01,Warehouse,Loader,37040,,Night
EMP-001725,2020-02-16,,Paul,Otieno,Female,2004-09-20,2020-02-16,HR,HR Officer,33146,,Off
EMP-001726,2016-01-01,,Joseph,Baya,Male,1993-09-20,2016-01-01,Warehouse,Warehouse Manager,59177,,Day
EMP-001727,2016-01-01,,Elizabeth,Muchemi,Male,1969-11-02,2016-01-01,Marketing,Marketing Manager,87743,,Day
EMP-001728,2016-01-01,,Daniel,Waithera,Male,1988-11-24,2016-01-01,Finance,Auditor,108142,,Day
EMP-001729,2025-01-22,2025-11-15,Teresia,Kundu,Female,2007-12-03,2025-01-22,Marketing,Digital Officer,79386,,Day
EMP-001729,2025-11-15,,Teresia,Kundu,Female,2007-12-03,2025-01-22,Marketing,Digital Officer,97202,,Day
EMP-001730,2025-01-12,,Anyango,Kendi,Male,1991-07-10,2025-01-12,Marketing,Marketing Manager,101229,STOR-0131,Day
EMP-001731,2016-01-01,,Eugene,Wainaina,Male,1991-03-23,2016-01-01,IT,Developer,59818,,Off
EMP-001732,2018-06-07,,Duncan,Kimani,Male,1989-07-03,2018-06-07,Finance,Cashier,76463,,Night
EMP-001733,2022-04-06,,Mary,Chepngeno,Female,1976-09-16,2022-04-06,Sales,Sales Associate,75784,,Off
EMP-001734,2016-10-24,,Lilian,Simiyu,Male,1997-10-07,2016-10-24,Marketing,Brand Officer,115406,,Off
EMP-001735,2024-01-21,,Mumbi,Mohamed,Female,1963-03-06,2024-01-21,Marketing,Marketing Manager,99297,STOR-0065,Day
EMP-001736,2016-01-01,,Joash,Mokaya,Female,1968-04-19,2016-01-01,Warehouse,Stock Keeper,52047,,Off
EMP-001737,2024-07-20,2025-03-12,Kirui,Joel,Female,1966-01-17,2024-07-20,Supply Chain,Procurement Officer,89445,,Off
EMP-001737,2025-03-12,,Kirui,Joel,Female,1966-01-17,2024-07-20,Supply Chain,Procurement Officer,110591,,Off
EMP-001738,2016-01-01,,Jackline,Maalim,Male,1979-08-13,2016-01-01,Sales,Sales Associate,60944,STOR-0078,Night
EMP-001739,2016-01-01,2017-12-30,Kiprotich,Ochieng,Male,2002-02-11,2016-01-01,Warehouse,Loader,80465,,Night
EMP-001739,2017-12-30,2020-07-28,Kiprotich,Ochieng,Male,2002-02-11,2016-01-01,Sales,Customer Care,93582,,Night
EMP-001739,2020-07-28,,Kiprotich,Ochieng,Male,2002-02-11,2016-01-01,Sales,Customer Care,111299,,Night
EMP-001740,2019-03-09,2020-05-04,Walter,Kigen,Male,2006-02-08,2019-03-09,HR,HR Manager,40771,STOR-0008,Night
EMP-001740,2020-05-04,,Walter,Kigen,Male,2006-02-08,2019-03-09,HR,HR Manager,50331,STOR-0008,Night
EMP-001741,2024-10-23,,Lucy,Wamalwa,Male,2000-01-16,2024-10-23,IT,Developer,60398,,Off
EMP-001742,2016-02-13,,Omondi,Odhiambo,Male,1983-12-23,2016-02-13,Marketing,Brand Officer,28918,,Night
EMP-001743,2016-01-01,,Peterson,Otieno,Female,1991-07-01,2016-01-01,Sales,Sales Associate,61808,,Off
EMP-001744,2016-01-01,,Mutunga,Chepkirui,Female,1983-02-27,2016-01-01,Supply Chain,Procurement Officer,55778,,Day
EMP-001745,2023-09-23,2024-10-31,Bernard,Eyanae,Male,1980-08-24,2023-09-23,HR,HR Manager,118791,,Day
EMP-001745,2024-10-31,,Bernard,Eyanae,Male,1980-08-24,2023-09-23,Finance,Auditor,141533,,Day
EMP-001746,2016-01-01,,Charles,Gathoni,Female,2001-04-08,2016-01-01,Finance,Finance Manager,67036,,Night
EMP-001747,2021-08-12,,Cynthia,Njue,Female,1998-12-16,2021-08-12,Supply Chain,Supply Chain Manager,44350,,Night
EMP-001748,2021-07-03,,Fredrick,Muema,Female,1999-12-10,2021-07-03,IT,Developer,43040,,Night
EMP-001749,2016-01-01,,Vincent,Odhiambo,Female,1980-06-14,2016-01-01,IT,Systems Admin,103484,,Off
EMP-001750,2016-01-01,,Winnie,Mwanzia,Male,1980-02-12,2016-01-01,Marketing,Brand Officer,35714,,Day
EMP-001751,2016-01-01,,Steven,Juma,Male,1965-10-30,2016-01-01,Finance,Finance Manager,54724,,Night
EMP-001752,2021-09-13,,Stella,Wanjala,Female,1969-08-14,2021-09-13,IT,Support,53714,,Off
EMP-001753,2017-11-21,2018-07-03,Faith,Wanjala,Male,1978-01-31,2017-11-21,HR,,115956,STOR-0049,Off
EMP-001753,2018-07-03,,Faith,Wanjala,Male,1978-01-31,2017-11-21,HR,HR Manager,125291,STOR-0049,Off
EMP-001754,2016-01-01,,Beatrice,Munyao,Male,2000-11-13,2016-01-01,Warehouse,Forklift Operator,64696,,Off
EMP-001755,2016-01-01,2019-06-23,Beatrice,Wanjiru,Male,1985-10-05,2016-01-01,Finance,Accountant,52143,,Off
EMP-001755,2019-06-23,2022-03-10,Beatrice,Wanjiru,Male,1985-10-05,2016-01-01,Finance,Accountant,60760,,Off
EMP-001755,2022-03-10,,Beatrice,Wanjiru,Male,1985-10-05,2016-01-01,Finance,Accountant,71170,,Off
EMP-001756,2021-11-13,,Lydia,Adan,Female,1972-11-26,2021-11-13,Sales,Customer Care,69979,,Day
EMP-001757,2016-01-01,,Florence,Muindi,Female,1983-12-06,2016-01-01,Sales,Senior Sales,66894,,Night
EMP-001758,2016-01-01,,Vicky,Swaleh,Female,2001-02-15,2016-01-01,IT,Developer,114764,,Day
EMP-001759,2016-01-01,,Stacy,Atieno,Female,1994-05-07,2016-01-01,IT,IT Manager,35874,,Off
EMP-001760,2024-07-24,,Catherine,Kirui,Male,1986-09-03,2024-07-24,Finance,Finance Manager,104116,STOR-0009,Night
EMP-001761,2016-10-14,,Robert,Irungu,Female,2003-12-27,2016-10-14,Sales,Sales Associate,114630,,Off
EMP-001762,2016-01-01,,Charles,Chepngeno,Female,1984-01-30,2016-01-01,HR,Recruiter,116374,,Off
EMP-001763,2018-10-04,2019-09-12,David,Kibet,Male,1968-06-29,2018-10-04,Marketing,Digital Officer,89369,,Night
EMP-001763,2019-09-12,,David,Kibet,Male,1968-06-29,2018-10-04,Marketing,Digital Officer,101418,,Night
EMP-001764,2020-07-04,2025-01-18,Charles,Kiprotich,Female,1981-02-08,2020-07-04,Marketing,Marketing Manager,35069,,Night
EMP-001764,2025-01-18,2025-10-15,Charles,Kiprotich,Female,1981-02-08,2020-07-04,Supply Chain,Logistics Officer,41987,,Night
EMP-001764,2025-10-15,,Charles,Kiprotich,Female,1981-02-08,2020-07-04,Supply Chain,Logistics Officer,51932,,Night
EMP-001765,2016-01-01,2020-12-16,Enock,Mutembei,Female,1992-11-22,2016-01-01,Warehouse,Stock Keeper,114526,,Night
EMP-001765,2020-12-16,2022-09-07,Enock,Mutembei,Female,1992-11-22,2016-01-01,Sales,Sales Associate,141452,,Night
EMP-001765,2022-09-07,,Enock,Mutembei,Female,1992-11-22,2016-01-01,Sales,Sales Associate,161279,,Night
EMP-001766,2016-01-01,,Musembi,Munene,Male,1980-04-01,2016-01-01,IT,IT Manager,82422,,Off
EMP-001767,2016-01-01,2021-11-11,Winny,Mutai,Female,2006-10-09,2016-01-01,Sales,Customer Care,82185,,Night
EMP-001767,2021-11-11,,Winny,Mutai,Female,2006-10-09,2016-01-01,Sales,Customer Care,88155,,Night
EMP-001768,2025-07-17,,Sheilah,Odero,Female,1963-05-23,2025-07-17,Warehouse,Loader,40861,,Day
EMP-001769,2024-11-18,2025-10-31,Kelvin,Muli,Male,1984-09-04,2024-11-18,Finance,Cashier,87636,,Off
EMP-001769,2025-10-31,,Kelvin,Muli,Male,1984-09-04,2024-11-18,Finance,Cashier,109279,,Off
EMP-001770,2017-04-05,2020-08-07,Mary,Maingi,Male,1979-02-24,2017-04-05,Finance,Finance Manager,116943,,Night
EMP-001770,2020-08-07,,Mary,Maingi,Male,1979-02-24,2017-04-05,Finance,Finance Manager,142410,,Night
EMP-001771,2016-01-01,,Ian,Alio,Female,1977-12-22,2016-01-01,Warehouse,Stock Keeper,56939,STOR-0055,Day
EMP-001772,2025-04-04,,Esther,Waweru,Female,2006-07-21,2025-04-04,Warehouse,Forklift Operator,97487,,Off
EMP-001773,2016-01-01,,Cynthia,Nzioka,Male,2000-08-29,2016-01-01,Supply Chain,Logistics Officer,44058,STOR-0018,Night
EMP-001774,2016-01-01,,Fatuma,Okumu,Male,2006-09-19,2016-01-01,Supply Chain,Supply Chain Manager,107001,,Day
EMP-001775,2016-01-01,,Caroline,Kariuki,Female,1997-11-11,2016-01-01,Supply Chain,Supply Chain Manager,76724,,Off
EMP-001776,2023-13-45,2023-13-45,John,Otieno,Female,2023-13-45,2023-13-45,Supply Chain,Procurement Officer,41688,,Off
EMP-001777,2017-10-17,,John,Kamau,Male,1967-09-02,2017-10-17,Finance,Auditor,34837,,Day
EMP-001778,2016-01-01,,Caroline,Njoki,Male,1979-11-17,2016-01-01,Finance,Cashier,76546,,Off
EMP-001779,2019-09-20,,Julius,Mohamed,Female,2002-10-01,2019-09-20,Finance,Cashier,86592,,Night
EMP-001780,2025-06-03,,Stephen,Nzai,Male,2005-04-13,2025-06-03,Marketing,Brand Officer,69880,,Off
EMP-001781,2018-05-28,,Regina,Ahmed,Female,2001-05-21,2018-05-28,Finance,Finance Manager,66032,STOR-0083,Day
EMP-001782,2019-04-27,,Mercy,Mwai,Female,1968-10-06,2019-04-27,Finance,Auditor,61506,,Night
EMP-001783,2023-13-45,2023-13-45,Stephen,Murimi,Male,2023-13-45,2023-13-45,Warehouse,Stock Keeper,118404,,Night
EMP-001783,2019-08-21,2021-01-26,Stephen,Murimi,Male,1986-03-08,2016-01-01,IT,Systems Admin,127276,,Night
EMP-001783,2021-01-26,,Stephen,Murimi,Male,1986-03-08,2016-01-01,IT,Systems Admin,157080,,Night
EMP-001784,2017-04-20,,Nancy,Cheruiyot,Female,1992-05-17,2017-04-20,Supply Chain,Logistics Officer,69220,,Off
EMP-001785,2017-07-16,2025-11-17,Elizabeth,Ochieng,Female,1991-06-16,2017-07-16,Marketing,Brand Officer,99473,,Night
EMP-001785,2025-11-17,,Elizabeth,Ochieng,Female,1991-06-16,2017-07-16,Marketing,Brand Officer,121752,,Night
EMP-001786,2022-09-13,,Maryanne,Haji,Male,2007-09-15,2022-09-13,Sales,Sales Associate,49763,,Night
EMP-001787,2018-09-19,,Veronicah,Muigai,Female,1982-08-10,2018-09-19,HR,HR Manager,59825,,Night
EMP-001788,2016-01-01,,Benard,Ronoh,Female,1979-06-21,2016-01-01,HR,Recruiter,40655,,Day
EMP-001789,2016-01-01,,Agnes,Mbugua,Male,1983-03-28,2016-01-01,Sales,Customer Care,41701,,Off
EMP-001790,2016-01-01,,Benta,Njuguna,Male,1978-08-11,2016-01-01,Sales,Sales Associate,39605,,Off
EMP-001791,2023-04-08,2025-06-05,Simon,Maina,Female,1974-04-03,2023-04-08,Warehouse,Stock Keeper,97432,,Day
EMP-001791,2025-06-05,2025-12-19,Simon,Maina,Female,1974-04-03,2023-04-08,Warehouse,Stock Keeper,112413,,Day
EMP-001791,2025-12-19,,Simon,Maina,Female,1974-04-03,2023-04-08,Warehouse,Stock Keeper,131327,,Day
EMP-001792,2016-09-20,,Sharon,Omondi,Female,1997-05-22,2016-09-20,Sales,,36950,,Off
EMP-001793,2025-02-04,2025-08-23,Alice,Ahmed,Female,2004-05-18,2025-02-04,Warehouse,Forklift Operator,53963,,Off
EMP-001793,2025-08-23,,Alice,Ahmed,Female,2004-05-18,2025-02-04,Warehouse,Forklift Operator,60967,,Off
EMP-001794,2016-01-01,,Victoria,Samuel,Female,1967-08-18,2016-01-01,Marketing,Brand Officer,82041,,Off
EMP-001795,2016-04-04,2024-05-02,Peter,Maina,Female,1977-08-26,2016-04-04,Supply Chain,Procurement Officer,78547,,Night
EMP-001795,2024-05-02,2024-11-12,Peter,Maina,Female,1977-08-26,2016-04-04,Supply Chain,Supply Chain Manager,83334,,Night
EMP-001795,2024-11-12,,Peter,Maina,Female,1977-08-26,2016-04-04,Supply Chain,Supply Chain Manager,93087,,Night
EMP-001796,2016-11-16,,Cecilia,Wambui,Female,2004-03-04,2016-11-16,HR,HR Officer,69864,,Night
EMP-001797,2024-10-07,,John,Mwangi,Female,1987-03-04,2024-10-07,Finance,Finance Manager,117203,,Off
EMP-001798,2022-04-07,2025-03-14,Jackson,Thuo,Male,1987-03-25,2022-04-07,Finance,Cashier,78097,,Off
EMP-001798,2025-03-14,,Jackson,Thuo,Male,1987-03-25,2022-04-07,Finance,Cashier,94541,,Off
EMP-001799,2016-01-01,,John,Nderitu,Female,1993-12-27,2016-01-01,Warehouse,Warehouse Manager,84276,,Day
EMP-001800,2021-07-01,2024-04-15,Ramadhan,Oduor,Female,1965-05-15,2021-07-01,HR,Recruiter,119919,,Night
EMP-001800,2024-04-15,2025-04-05,Ramadhan,Oduor,Female,1965-05-15,2021-07-01,HR,Recruiter,126026,,Night
EMP-001800,2025-04-05,,Ramadhan,Oduor,Female,1965-05-15,2021-07-01,HR,Recruiter,140733,,Night
EMP-001801,2021-05-16,,John,Mukundi,Female,1993-05-27,2021-05-16,Warehouse,Loader,53722,STOR-0133,Off
EMP-001802,2016-01-01,2022-03-01,Emmanuel,Katana,Male,1985-01-08,2016-01-01,Sales,Promoter,36792,,Day
EMP-001802,2022-03-01,,Emmanuel,Katana,Male,1985-01-08,2016-01-01,Sales,Promoter,41561,,Day
EMP-001803,2018-08-05,2024-08-03,Lucy,Kipkoech,Male,2003-08-17,2018-08-05,Finance,Finance Manager,82133,,Day
EMP-001803,2024-08-03,2025-03-06,Lucy,Kipkoech,Male,2003-08-17,2018-08-05,Finance,Finance Manager,95067,,Day
EMP-001803,2025-03-06,,Lucy,Kipkoech,Male,2003-08-17,2018-08-05,Sales,Promoter,117309,,Day
EMP-001804,2016-01-01,,Ismail,Kiptum,Male,1983-09-28,2016-01-01,Supply Chain,Logistics Officer,48061,,Night
EMP-001805,2017-01-26,,Daniel,Mutinda,Male,1980-04-30,2017-01-26,Warehouse,Warehouse Manager,33831,,Night
EMP-001806,2016-01-01,,Esther,Njeri,Male,1963-04-11,2016-01-01,Supply Chain,Supply Chain Manager,119792,,Off
EMP-001807,2016-01-01,,Consolata,Tanui,Male,1980-12-08,2016-01-01,Warehouse,Stock Keeper,92272,,Off
EMP-001808,2022-03-06,,Nancy,Kilonzi,Male,2003-07-07,2022-03-06,Sales,Senior Sales,45435,,Day
EMP-001809,2018-08-08,2022-10-26,Caroline,Said,Female,2003-08-30,2018-08-08,HR,HR Manager,118088,,Day
EMP-001809,2022-10-26,,Caroline,Said,Female,2003-08-30,2018-08-08,HR,HR Manager,132172,,Day
EMP-001810,2016-01-01,,Rose,Abdi,Female,1973-09-27,2016-01-01,HR,HR Officer,89219,,Night
EMP-001811,2024-11-17,2025-11-21,Joseph,Jefwa,Female,1976-10-29,2024-11-17,Finance,Auditor,57955,,Night
EMP-001811,2025-11-21,,Joseph,Jefwa,Female,1976-10-29,2024-11-17,Finance,Auditor,64874,,Night
EMP-001812,2016-02-20,,Dickson,Ochola,Male,2004-05-19,2016-02-20,Finance,Cashier,40143,,Night
EMP-001813,2021-01-11,,Thomas,Katana,Female,1991-03-05,2021-01-11,HR,,27102,,Off
EMP-001814,2016-01-01,,Edna,Otieno,Female,1983-09-08,2016-01-01,Finance,Auditor,57046,,Day
EMP-001815,2025-07-15,,David,Nyamai,Female,1963-07-07,2025-07-15,Marketing,Brand Officer,73702,STOR-0119,Day
EMP-001816,2023-13-45,2023-13-45,Hamisi,Ouma,Male,2023-13-45,2023-13-45,Sales,Customer Care,74025,,Night
EMP-001817,2016-01-01,,Jane,Nyaga,Female,2006-09-28,2016-01-01,Finance,Auditor,30311,STOR-0123,Day
EMP-001818,2019-09-06,2022-02-25,Moraa,Kimathi,Male,2000-01-09,2019-09-06,Sales,Sales Associate,44128,,Off
EMP-001818,2022-02-25,,Moraa,Kimathi,Male,2000-01-09,2019-09-06,Warehouse,Stock Keeper,52843,,Off
EMP-001819,2024-07-11,2025-07-15,Silvia,Mwangi,Male,1970-03-27,2024-07-11,Supply Chain,Logistics Officer,85331,,Night
EMP-001819,2025-07-15,,Silvia,Mwangi,Male,1970-03-27,2024-07-11,IT,IT Manager,97315,,Night
EMP-001820,2025-07-25,,Esther,Kiprono,Female,2002-09-05,2025-07-25,IT,IT Manager,112335,,Off
EMP-001821,2016-01-01,2016-09-26,Brian,Nkatha,Male,1969-06-25,2016-01-01,Marketing,Digital Officer,82653,,Off
EMP-001821,2016-09-26,,Brian,Nkatha,Male,1969-06-25,2016-01-01,Marketing,Digital Officer,90498,,Off
EMP-001822,2022-05-13,2023-04-09,Vincent,Mwangi,Male,1981-07-06,2022-05-13,Warehouse,Warehouse Manager,30768,,Day
EMP-001822,2023-04-09,,Vincent,Mwangi,Male,1981-07-06,2022-05-13,Warehouse,Warehouse Manager,35090,,Day
EMP-001823,2023-09-19,2024-05-05,Jared,Njoroge,Male,2000-10-26,2023-09-19,Finance,Finance Manager,25074,STOR-0042,Day
EMP-001823,2024-05-05,2025-01-22,Jared,Njoroge,Male,2000-10-26,2023-09-19,Finance,Finance Manager,27034,STOR-0042,Day
EMP-001823,2025-01-22,,Jared,Njoroge,Male,2000-10-26,2023-09-19,Finance,Finance Manager,29339,STOR-0042,Day
EMP-001824,2016-01-01,,Dennis,Musa,Female,2002-06-29,2016-01-01,Sales,Sales Associate,112741,,Night
EMP-001825,2025-05-19,2025-12-17,Erick,Wario,Female,1989-08-08,2025-05-19,IT,Developer,107775,,Off
EMP-001825,2025-12-17,,Erick,Wario,Female,1989-08-08,2025-05-19,Supply Chain,Procurement Officer,123906,,Off
EMP-001826,2016-01-01,,Emily,Andrew,Male,2006-10-06,2016-01-01,Finance,Cashier,91694,,Off
EMP-001827,2019-05-04,,Abraham,Juma,Male,2007-02-25,2019-05-04,Supply Chain,Procurement Officer,97746,,Day
EMP-001828,2024-03-04,,Aggrey,Abdi,Male,1975-02-09,2024-03-04,Marketing,Digital Officer,91301,,Off
EMP-001829,2019-02-08,,Irene,David,Female,1983-06-06,2019-02-08,Warehouse,Forklift Operator,111885,,Night
EMP-001830,2023-07-27,,James,Macharia,Male,1988-11-06,2023-07-27,HR,HR Manager,79293,,Day
EMP-001831,2016-01-01,,Charles,Chepkoech,Female,1971-10-30,2016-01-01,HR,Recruiter,76949,,Night
EMP-001832,2023-13-45,2023-13-45,Musa,Jacob,Male,2023-13-45,2023-13-45,Supply Chain,Procurement Officer,69054,,Night
EMP-001833,2016-01-01,,Victor,Muendo,Male,2003-08-15,2016-01-01,Supply Chain,Logistics Officer,26112,,Night
EMP-001834,2023-13-45,2023-13-45,Mary,Chesang,Male,2023-13-45,2023-13-45,HR,HR Manager,29284,,Night
EMP-001835,2023-13-45,2023-13-45,Irine,Ochieng,Female,2023-13-45,2023-13-45,Finance,Cashier,38103,,Off
EMP-001835,2019-07-18,,Irine,Ochieng,Female,1961-02-02,2016-01-01,Sales,Promoter,43200,,Off
EMP-001836,2022-08-04,,Aisha,Wandera,Male,2001-01-01,2022-08-04,Finance,Cashier,105666,,Day
EMP-001837,2016-01-01,,Jacinta,Mwende,Female,1992-12-28,2016-01-01,IT,Developer,45629,,Off
EMP-001838,2017-12-10,,Christine,Muthoni,Female,2004-02-20,2017-12-10,Sales,Senior Sales,69388,,Off
EMP-001839,2021-09-10,,Ian,Cherono,Female,1976-11-17,2021-09-10,Finance,Auditor,79784,,Day
EMP-001840,2020-04-08,2025-10-31,Viola,Njogu,Female,1963-02-28,2020-04-08,HR,HR Manager,117174,,Day
EMP-001840,2025-10-31,,Viola,Njogu,Female,1963-02-28,2020-04-08,HR,HR Manager,144471,,Day
EMP-001841,2024-03-05,,Simon,John,Male,1966-08-03,2024-03-05,Marketing,Marketing Manager,62024,,Off
EMP-001842,2025-07-14,,Mercy,Wahome,Male,1984-04-08,2025-07-14,Sales,Customer Care,117944,,Night
EMP-001843,2016-01-01,,Ronald,Wanyama,Female,1973-08-28,2016-01-01,Finance,Accountant,31411,,Night
EMP-001844,2024-11-13,,Dennis,Muli,Female,1967-02-10,2024-11-13,Supply Chain,,67412,,Night
EMP-001845,2020-10-28,,Faith,Mwalimu,Female,1997-04-29,2020-10-28,Marketing,Marketing Manager,25975,STOR-0043,Night
EMP-001846,2020-03-02,,Harun,Chepkorir,Female,2003-03-25,2020-03-02,Warehouse,Loader,92211,,Night
EMP-001847,2023-01-25,,Elizabeth,Wanjala,Male,1973-10-12,2023-01-25,Sales,Customer Care,118240,,Off
EMP-001848,2016-01-01,,Dennis,Wambui,Male,1992-11-18,2016-01-01,Supply Chain,Logistics Officer,51438,,Night
EMP-001849,2022-09-19,,Abdihakim,Wanjiku,Female,1963-07-14,2022-09-19,IT,Systems Admin,82008,,Off
EMP-001850,2019-09-25,,David,Cherotich,Female,1974-11-11,2019-09-25,HR,HR Manager,62288,,Night
EMP-001851,2025-07-15,,Pius,Langat,Male,1991-06-09,2025-07-15,IT,Systems Admin,66311,,Day
EMP-001852,2016-01-01,2019-06-26,Brian,Kirwa,Female,1997-03-02,2016-01-01,IT,Developer,76748,,Off
EMP-001852,2019-06-26,,Brian,Kirwa,Female,1997-03-02,2016-01-01,IT,Developer,86148,,Off
EMP-001853,2022-01-14,,Michael,Mohamed,Male,1995-08-22,2022-01-14,Sales,Sales Associate,60865,,Off
EMP-001854,2019-10-22,,Dennis,Onyancha,Male,1990-11-14,2019-10-22,Sales,Senior Sales,101044,,Off
EMP-001855,2017-07-18,2024-05-23,Ngari,Wekesa,Male,1974-02-14,2017-07-18,Marketing,Brand Officer,48230,,Day
EMP-001855,2024-05-23,2025-07-29,Ngari,Wekesa,Male,1974-02-14,2017-07-18,Marketing,,56241,,Day
EMP-001855,2025-07-29,,Ngari,Wekesa,Male,1974-02-14,2017-07-18,Marketing,Brand Officer,66164,,Day
EMP-001856,2025-01-04,2025-08-10,Joshua,Omondi,Male,1976-02-06,2025-01-04,Warehouse,Stock Keeper,47154,,Off
EMP-001856,2025-08-10,,Joshua,Omondi,Male,1976-02-06,2025-01-04,Warehouse,Stock Keeper,49635,,Off
EMP-001857,2016-01-01,2022-11-18,Martin,Kirui,Male,1974-03-16,2016-01-01,Supply Chain,Supply Chain Manager,65565,STOR-0141,Off
EMP-001857,2022-11-18,,Martin,Kirui,Male,1974-03-16,2016-01-01,Supply Chain,Supply Chain Manager,77544,STOR-0141,Off
EMP-001858,2017-02-25,,Nekesa,Ochieng,Male,2000-05-31,2017-02-25,Supply Chain,Supply Chain Manager,48458,,Night
EMP-001859,2016-01-01,,Alvin,Njuki,Female,1970-06-18,2016-01-01,IT,Developer,35914,,Day
EMP-001860,2016-09-09,,Edwin,Mwikali,Female,1972-09-18,2016-09-09,Marketing,Marketing Manager,106309,,Day
EMP-001861,2016-01-01,,Rashid,Abdi,Male,1973-10-23,2016-01-01,IT,Systems Admin,87742,STOR-0090,Day
EMP-001862,2023-02-26,,Mercy,Kiogora,Female,1974-05-11,2023-02-26,IT,Support,52834,,Off
EMP-001863,2017-11-25,,Adan,Mohamed,Male,1999-04-19,2017-11-25,HR,HR Officer,85011,,Off
EMP-001864,2016-01-01,,David,Abdi,Male,1992-04-11,2016-01-01,Sales,Customer Care,27244,STOR-0096,Off
EMP-001865,2020-08-03,,Yussuf,Njoroge,Male,1983-12-24,2020-08-03,Warehouse,Warehouse Manager,102941,,Day
EMP-001866,2025-09-18,,Ali,Koech,Female,1971-04-08,2025-09-18,Marketing,Brand Officer,40696,,Day
EMP-001867,2017-05-18,2025-07-28,Joan,Mutiso,Female,2002-03-19,2017-05-18,Supply Chain,Supply Chain Manager,63463,,Day
EMP-001867,2025-07-28,2026-01-25,Joan,Mutiso,Female,2002-03-19,2017-05-18,Warehouse,Stock Keeper,68895,,Day
EMP-001867,2026-01-25,,Joan,Mutiso,Female,2002-03-19,2017-05-18,Warehouse,Stock Keeper,85582,,Day
EMP-001868,2018-06-28,,Collince,Chemutai,Male,1976-03-25,2018-06-28,HR,HR Manager,94594,,Night
EMP-001869,2023-01-01,,Stephen,Chebii,Female,1993-11-21,2023-01-01,Finance,Cashier,49218,,Day
EMP-001870,2021-02-04,2025-07-10,Atieno,Ahmed,Male,1992-10-26,2021-02-04,Finance,Cashier,66721,STOR-0047,Off
EMP-001870,2025-07-10,,Atieno,Ahmed,Male,1992-10-26,2021-02-04,Finance,Cashier,72040,STOR-0047,Off
EMP-001871,2018-05-27,,Maina,Jepkoech,Male,1977-05-20,2018-05-27,Supply Chain,,95950,STOR-0021,Off
EMP-001872,2019-02-13,,Hassan,Gitau,Female,1975-09-25,2019-02-13,Supply Chain,Procurement Officer,65880,STOR-0108,Day
EMP-001873,2016-01-01,,Nekesa,David,Female,1970-09-26,2016-01-01,Sales,Sales Associate,39002,STOR-0011,Night
EMP-001874,2016-01-01,,Zipporah,Ngumbao,Female,1989-01-10,2016-01-01,IT,Systems Admin,35749,,Day
EMP-001875,2016-01-01,,Jesca,Mwangi,Male,1992-08-17,2016-01-01,Marketing,Digital Officer,41601,,Off
EMP-001876,2016-01-01,,Jackline,Charo,Female,1989-07-26,2016-01-01,Finance,Finance Manager,89572,,Day
EMP-001877,2016-09-10,2018-11-07,Muriuki,Mwenda,Female,2008-01-03,2016-09-10,Finance,Finance Manager,78021,STOR-0106,Off
EMP-001877,2018-11-07,,Muriuki,Mwenda,Female,2008-01-03,2016-09-10,Supply Chain,Procurement Officer,88391,STOR-0106,Off
EMP-001878,2018-11-20,,Owino,Mutua,Female,1998-08-09,2018-11-20,HR,HR Manager,40022,,Day
EMP-001879,2016-01-01,,Catherine,Muia,Male,1988-04-08,2016-01-01,Sales,Promoter,42360,,Day
EMP-001880,2016-01-01,,Getrude,Hassan,Male,1980-09-22,2016-01-01,Warehouse,Loader,61247,STOR-0148,Day
EMP-001881,2016-01-01,,Robert,Nyawa,Male,1961-09-06,2016-01-01,Finance,Finance Manager,83598,,Off
EMP-001882,2021-06-14,,Chege,Omar,Male,2008-06-16,2021-06-14,HR,HR Officer,93008,,Night
EMP-001883,2016-07-12,,Wangari,Odongo,Male,2000-04-25,2016-07-12,Warehouse,Loader,89213,,Night
EMP-001884,2016-01-01,2023-05-22,Joseph,Ndungu,Female,1970-01-12,2016-01-01,Warehouse,Warehouse Manager,32810,,Off
EMP-001884,2023-05-22,2024-08-31,Joseph,Ndungu,Female,1970-01-12,2016-01-01,Warehouse,Warehouse Manager,35010,,Off
EMP-001884,2024-08-31,,Joseph,Ndungu,Female,1970-01-12,2016-01-01,Warehouse,Warehouse Manager,43740,,Off
EMP-001885,2019-05-06,2025-10-27,Joan,Chepkoech,Male,1992-03-12,2019-05-06,HR,HR Manager,87027,,Off
EMP-001885,2025-10-27,,Joan,Chepkoech,Male,1992-03-12,2019-05-06,HR,HR Manager,100119,,Off
EMP-001886,2017-08-07,,Mercy,Murunga,Female,1965-05-30,2017-08-07,Marketing,Brand Officer,87499,STOR-0070,Day
EMP-001887,2016-01-01,,Duncan,Wesonga,Female,1996-09-23,2016-01-01,Warehouse,Forklift Operator,75407,,Off
EMP-001888,2016-01-01,,Peter,Auma,Male,1978-12-16,2016-01-01,Finance,Cashier,115427,,Off
EMP-001889,2022-01-03,,Nancy,Owuor,Female,1999-09-29,2022-01-03,IT,IT Manager,56617,STOR-0065,Day
EMP-001890,2025-09-01,,Janet,Nyamai,Male,1966-02-09,2025-09-01,Warehouse,Warehouse Manager,67909,,Off
EMP-001891,2016-01-01,2025-04-01,Faith,Chepkemoi,Female,1964-04-30,2016-01-01,Warehouse,Warehouse Manager,65152,,Night
EMP-001891,2025-04-01,2025-12-07,Faith,Chepkemoi,Female,1964-04-30,2016-01-01,Warehouse,Forklift Operator,76167,,Night
EMP-001891,2025-12-07,,Faith,Chepkemoi,Female,1964-04-30,2016-01-01,Supply Chain,Logistics Officer,80997,,Night
EMP-001892,2016-01-01,,Mariam,Onyango,Female,1985-06-23,2016-01-01,IT,Systems Admin,57097,,Night
EMP-001893,2020-08-08,,Njoki,Mwangi,Male,1985-07-14,2020-08-08,HR,HR Officer,27153,,Day
EMP-001894,2017-07-28,2022-11-01,Alex,Sheikh,Male,1965-02-27,2017-07-28,Sales,Promoter,86221,,Off
EMP-001894,2022-11-01,2024-03-13,Alex,Sheikh,Male,1965-02-27,2017-07-28,Warehouse,Loader,103464,,Off
EMP-001894,2024-03-13,,Alex,Sheikh,Male,1965-02-27,2017-07-28,Warehouse,Loader,112980,,Off
EMP-001895,2016-01-01,,Moses,Langat,Female,1997-04-27,2016-01-01,Sales,Senior Sales,40765,STOR-0020-DUP,Night
EMP-001896,2020-04-20,,Dennis,Muriuki,Male,2000-01-28,2020-04-20,Sales,Sales Associate,57809,,Off
EMP-001897,2016-01-01,2021-12-11,Everlyne,Ngigi,Male,1975-12-10,2016-01-01,Finance,Finance Manager,111153,,Off
EMP-001897,2021-12-11,2023-12-08,Everlyne,Ngigi,Male,1975-12-10,2016-01-01,Finance,Finance Manager,136674,,Off
EMP-001897,2023-12-08,,Everlyne,Ngigi,Male,1975-12-10,2016-01-01,Finance,Finance Manager,149115,,Off
EMP-001898,2016-01-01,,Asha,Mwaniki,Female,1989-05-18,2016-01-01,IT,Systems Admin,100454,,Night
EMP-001899,2024-09-23,,Odhiambo,Maina,Female,1984-02-03,2024-09-23,Warehouse,Warehouse Manager,37780,STOR-0147,Day
EMP-001900,2016-01-01,2024-06-28,Owino,John,Male,1968-12-12,2016-01-01,Marketing,Marketing Manager,48513,,Day
EMP-001900,2024-06-28,2025-08-09,Owino,John,Male,1968-12-12,2016-01-01,Marketing,Marketing Manager,52788,,Day
EMP-001900,2025-08-09,,Owino,John,Male,1968-12-12,2016-01-01,Marketing,Marketing Manager,55813,,Day
EMP-001901,2017-10-05,,Owino,Chepkoech,Female,2006-06-02,2017-10-05,Sales,Sales Associate,119904,,Off
EMP-001902,2023-03-23,,Nyaboke,Michael,Female,1965-01-24,2023-03-23,Sales,Promoter,87092,,Day
EMP-001903,2023-02-03,2023-12-04,Otieno,Joshua,Male,1966-07-17,2023-02-03,Supply Chain,Procurement Officer,52759,,Night
EMP-001903,2023-12-04,,Otieno,Joshua,Male,1966-07-17,2023-02-03,Supply Chain,Procurement Officer,60378,,Night
EMP-001904,2020-08-06,,Valentine,Kariuki,Female,1965-11-01,2020-08-06,Supply Chain,Logistics Officer,94841,,Day
EMP-001905,2016-01-01,2019-01-04,Mohamed,Wanjala,Female,2008-01-14,2016-01-01,Supply Chain,Supply Chain Manager,61592,,Off
EMP-001905,2019-01-04,,Mohamed,Wanjala,Female,2008-01-14,2016-01-01,Supply Chain,Supply Chain Manager,71629,,Off
EMP-001906,2019-07-25,2025-05-22,Austine,Gikonyo,Female,1996-01-12,2019-07-25,IT,Support,36930,STOR-0030,Off
EMP-001906,2025-05-22,,Austine,Gikonyo,Female,1996-01-12,2019-07-25,IT,Support,39261,STOR-0030,Off
EMP-001907,2025-07-21,,Joseph,Kioko,Male,2007-01-14,2025-07-21,IT,Systems Admin,31924,,Off
EMP-001908,2017-01-17,,Shem,Hassan,Male,1984-03-11,2017-01-17,Supply Chain,Logistics Officer,96259,STOR-0062,Off
EMP-001909,2016-01-01,,Wekesa,Njau,Female,1962-01-22,2016-01-01,Finance,Finance Manager,48371,,Night
EMP-001910,2016-01-01,2025-05-01,William,Maina,Male,1976-05-29,2016-01-01,Marketing,Marketing Manager,92889,,Night
EMP-001910,2025-05-01,,William,Maina,Male,1976-05-29,2016-01-01,Supply Chain,Supply Chain Manager,111941,,Night
EMP-001911,2016-01-01,,Sharon,Kirui,Female,1983-12-05,2016-01-01,Supply Chain,Supply Chain Manager,28926,,Day
EMP-001912,2016-01-01,,Elizabeth,Bii,Male,1993-09-06,2016-01-01,Warehouse,Warehouse Manager,35830,,Night
EMP-001913,2024-09-21,2025-09-08,Masinde,Kiplimo,Male,1997-12-03,2024-09-21,Finance,Accountant,107686,,Off
EMP-001913,2025-09-08,,Masinde,Kiplimo,Male,1997-12-03,2024-09-21,Finance,Accountant,122832,,Off
EMP-001914,2022-11-04,2024-01-24,Rodgers,Wanja,Female,1981-06-15,2022-11-04,Supply Chain,Logistics Officer,109621,,Night
EMP-001914,2024-01-24,,Rodgers,Wanja,Female,1981-06-15,2022-11-04,Supply Chain,Procurement Officer,126598,,Night
EMP-001915,2019-08-17,,Joan,Hussein,Female,1985-11-27,2019-08-17,Supply Chain,Procurement Officer,44736,,Night
EMP-001916,2020-07-16,2022-04-17,Emilly,Muigai,Male,1963-10-27,2020-07-16,Sales,Senior Sales,86251,,Off
EMP-001916,2022-04-17,2024-04-14,Emilly,Muigai,Male,1963-10-27,2020-07-16,Sales,Senior Sales,98166,,Off
EMP-001916,2024-04-14,,Emilly,Muigai,Male,1963-10-27,2020-07-16,Sales,Senior Sales,110942,,Off
EMP-001917,2020-02-12,,Ochieng,Soi,Female,2002-09-12,2020-02-12,Marketing,Digital Officer,61055,,Night
EMP-001918,2017-07-05,,Anna,Okeyo,Male,1980-01-04,2017-07-05,Supply Chain,Supply Chain Manager,92067,,Night
EMP-001919,2021-05-27,,George,Njeri,Male,2007-10-01,2021-05-27,Warehouse,Forklift Operator,30488,,Day
EMP-001920,2023-04-08,,Rehema,Nyokabi,Male,1971-07-29,2023-04-08,HR,HR Officer,105505,,Off
EMP-001921,2016-01-01,,Robert,Mwangi,Male,1982-02-22,2016-01-01,Sales,Customer Care,31158,STOR-0101,Night
EMP-001922,2016-01-01,,Zablon,Irungu,Male,1985-10-03,2016-01-01,Marketing,Brand Officer,109381,,Night
EMP-001923,2016-07-23,2022-06-11,George,Mugambi,Male,1962-12-17,2016-07-23,Supply Chain,Procurement Officer,94248,,Night
EMP-001923,2022-06-11,,George,Mugambi,Male,1962-12-17,2016-07-23,Sales,Promoter,109509,,Night
EMP-001924,2019-12-06,2025-01-05,Hawa,Wambui,Female,1991-02-11,2019-12-06,IT,Developer,78430,,Day
EMP-001924,2025-01-05,2025-09-05,Hawa,Wambui,Female,1991-02-11,2019-12-06,Warehouse,Stock Keeper,84786,,Day
EMP-001924,2025-09-05,,Hawa,Wambui,Female,1991-02-11,2019-12-06,Marketing,Digital Officer,92110,,Day
EMP-001925,2016-02-10,,Teddy,Juma,Female,1962-04-18,2016-02-10,Supply Chain,Supply Chain Manager,35769,,Day
EMP-001926,2022-03-12,,Boniface,Awino,Female,1970-06-29,2022-03-12,Supply Chain,Supply Chain Manager,63091,STOR-0011,Day
EMP-001927,2021-06-18,2021-12-21,Harriet,Muthike,Male,1971-03-21,2021-06-18,Marketing,Marketing Manager,63513,,Off
EMP-001927,2021-12-21,,Harriet,Muthike,Male,1971-03-21,2021-06-18,Marketing,Marketing Manager,77635,,Off
EMP-001928,2019-07-26,,Jeruto,Mutisya,Female,1995-02-16,2019-07-26,Finance,Cashier,92237,,Off
EMP-001929,2017-12-04,2026-01-14,Mark,Mutembei,Male,1992-11-06,2017-12-04,Finance,Finance Manager,97887,,Off
EMP-001929,2026-01-14,,Mark,Mutembei,Male,1992-11-06,2017-12-04,Finance,Finance Manager,121303,,Off
EMP-001930,2023-13-45,2023-13-45,Juma,Ekitela,Male,2023-13-45,2023-13-45,Marketing,Marketing Manager,113300,,Day
EMP-001930,2026-01-08,,Juma,Ekitela,Male,1999-08-23,2024-10-27,Marketing,Marketing Manager,127424,,Day
EMP-001931,2016-04-07,,Kevin,Nekesa,Male,1990-09-07,2016-04-07,Supply Chain,Supply Chain Manager,50471,,Night
EMP-001932,2022-12-08,,Dominic,Onyango,Male,1993-03-12,2022-12-08,Supply Chain,Procurement Officer,38392,,Off
EMP-001933,2016-01-01,,Emmaculate,Abdi,Female,1998-02-03,2016-01-01,IT,Systems Admin,56600,,Off
EMP-001934,2016-03-13,,Dennis,Mohamed,Female,2002-08-15,2016-03-13,Marketing,Brand Officer,54585,,Night
EMP-001935,2016-01-01,,Josephine,Kemboi,Male,1966-11-22,2016-01-01,IT,Support,67918,STOR-0025,Night
EMP-001936,2016-01-01,,Andrew,Kipchirchir,Female,1973-11-17,2016-01-01,Warehouse,Warehouse Manager,28853,,Night
EMP-001937,2016-01-01,,Wambugu,Kimani,Male,1979-07-06,2016-01-01,Sales,Promoter,115229,,Night
EMP-001938,2018-12-10,,Evans,Ochieng,Female,1990-11-29,2018-12-10,Supply Chain,Logistics Officer,40689,STOR-0107,Day
EMP-001939,2022-06-20,,Ruth,Mutio,Male,1995-06-05,2022-06-20,Supply Chain,Supply Chain Manager,42553,STOR-0020,Night
EMP-001940,2019-02-18,,Muthoni,Kiprop,Male,2001-08-23,2019-02-18,Finance,Finance Manager,55323,,Night
EMP-001941,2016-01-01,2022-08-20,Mary,Nafula,Male,2005-12-21,2016-01-01,Warehouse,Loader,53257,,Off
EMP-001941,2022-08-20,,Mary,Nafula,Male,2005-12-21,2016-01-01,Warehouse,Loader,58803,,Off
EMP-001942,2020-06-14,,Meshack,Samuel,Female,1989-09-13,2020-06-14,Sales,Sales Associate,58442,STOR-0076,Day
EMP-001943,2016-01-01,,Omar,Korir,Female,1979-12-21,2016-01-01,Sales,Customer Care,56149,,Night
EMP-001944,2016-01-01,,Titus,Nyambura,Male,1990-12-02,2016-01-01,Warehouse,Forklift Operator,27355,STOR-0050,Day
EMP-001945,2021-07-13,,Monicah,Ali,Male,1990-10-30,2021-07-13,IT,IT Manager,28574,,Off
EMP-001946,2016-02-06,,Beatrice,Mwende,Female,1990-09-17,2016-02-06,Supply Chain,Procurement Officer,58295,STOR-0092,Day
EMP-001947,2023-10-04,,Juma,Suleiman,Male,1989-06-10,2023-10-04,HR,HR Officer,88605,,Off
EMP-001948,2016-09-27,,Susan,Mwende,Male,2000-07-22,2016-09-27,Finance,Cashier,30287,,Night
EMP-001949,2024-04-11,,Dalmas,Wambui,Male,1981-03-26,2024-04-11,Finance,Finance Manager,87506,STOR-0141,Off
EMP-001950,2023-01-07,2023-10-16,Mohamud,Adongo,Male,1983-06-04,2023-01-07,Warehouse,Stock Keeper,105544,,Day
EMP-001950,2023-10-16,2025-07-15,Mohamud,Adongo,Male,1983-06-04,2023-01-07,Warehouse,Stock Keeper,124415,,Day
EMP-001950,2025-07-15,,Mohamud,Adongo,Male,1983-06-04,2023-01-07,Marketing,Marketing Manager,140806,,Day
EMP-001951,2021-10-19,,Brenda,Ali,Male,1988-06-18,2021-10-19,Marketing,Marketing Manager,62925,,Day
EMP-001952,2018-10-26,,Sharon,Macharia,Female,1972-07-01,2018-10-26,Warehouse,Forklift Operator,103361,,Off
EMP-001953,2022-11-10,,Nganga,Jepchirchir,Female,1969-12-01,2022-11-10,Supply Chain,Logistics Officer,109115,,Off
EMP-001954,2016-01-01,2025-11-30,Collins,Koome,Female,1980-04-18,2016-01-01,Warehouse,Stock Keeper,100927,,Off
EMP-001954,2025-11-30,,Collins,Koome,Female,1980-04-18,2016-01-01,Sales,Customer Care,106485,,Off
EMP-001955,2019-10-20,,Mburu,Ndiritu,Male,1981-02-24,2019-10-20,Supply Chain,Procurement Officer,47953,STOR-0028,Day
EMP-001956,2019-03-25,,Leah,Omar,Male,1998-08-29,2019-03-25,HR,Recruiter,98913,,Day
EMP-001957,2025-03-13,,Beatrice,Kimani,Male,1960-10-06,2025-03-13,Marketing,Marketing Manager,84923,,Day
EMP-001958,2016-05-18,,Michael,Ibrahim,Male,2004-03-10,2016-05-18,Marketing,Marketing Manager,93156,,Night
EMP-001959,2017-09-05,,Leah,Mungai,Female,2005-02-02,2017-09-05,Marketing,Digital Officer,27293,,Night
EMP-001960,2023-11-04,,Jane,Wairimu,Female,1972-10-21,2023-11-04,Warehouse,,69740,,Day
EMP-001961,2016-01-01,,Kiprop,Gakii,Female,1977-04-03,2016-01-01,Finance,Accountant,97170,,Night
EMP-001962,2016-01-18,,Peter,Mogaka,Male,1994-02-24,2016-01-18,HR,Recruiter,37878,,Off
EMP-001963,2020-10-11,,Phyllis,Maina,Male,1985-03-20,2020-10-11,Supply Chain,Procurement Officer,58021,,Night
EMP-001964,2017-10-26,,Kinuthia,Nekesa,Male,1978-02-24,2017-10-26,Supply Chain,Supply Chain Manager,91719,,Day
EMP-001965,2025-04-01,2025-10-21,Mercy,Bett,Male,2007-11-04,2025-04-01,Sales,Senior Sales,103694,,Night
EMP-001965,2025-10-21,,Mercy,Bett,Male,2007-11-04,2025-04-01,Sales,Senior Sales,112117,,Night
EMP-001966,2016-02-03,2020-12-30,Mutua,Kathambi,Female,1961-10-17,2016-02-03,Marketing,Marketing Manager,105201,,Day
EMP-001966,2020-12-30,,Mutua,Kathambi,Female,1961-10-17,2016-02-03,Marketing,Marketing Manager,125525,,Day
EMP-001967,2018-02-10,,Francis,Odhiambo,Male,1982-05-09,2018-02-10,Marketing,Digital Officer,34589,,Day
EMP-001968,2016-10-15,,Johnson,Muia,Male,1984-12-01,2016-10-15,Marketing,Brand Officer,107179,,Off
EMP-001969,2018-01-16,2023-12-12,Francis,Macharia,Female,1989-02-23,2018-01-16,HR,Recruiter,103490,,Day
EMP-001969,2023-12-12,2025-03-12,Francis,Macharia,Female,1989-02-23,2018-01-16,HR,Recruiter,122302,,Day
EMP-001969,2025-03-12,,Francis,Macharia,Female,1989-02-23,2018-01-16,HR,Recruiter,129079,,Day
EMP-001970,2016-01-01,,Brian,Chebet,Male,2004-01-30,2016-01-01,IT,IT Manager,89499,,Night
EMP-001971,2016-01-01,,Belinda,Kyalo,Male,2003-05-03,2016-01-01,IT,IT Manager,59543,,Off
EMP-001972,2016-01-01,,George,Kamau,Female,1971-12-22,2016-01-01,Warehouse,Forklift Operator,55423,,Day
EMP-001973,2021-12-06,,Kimathi,Muchui,Female,2007-03-18,2021-12-06,Warehouse,,77600,,Off
EMP-001974,2016-01-01,,Florence,Macharia,Female,2008-02-05,2016-01-01,Warehouse,Warehouse Manager,35301,,Day
EMP-001975,2023-04-27,,Caroline,Kamau,Male,2000-01-27,2023-04-27,IT,Developer,42348,,Off
EMP-001976,2022-02-07,,Edward,Wambui,Female,1969-12-01,2022-02-07,Warehouse,Forklift Operator,34743,STOR-0140,Night
EMP-001977,2016-01-01,,Maxwel,Korir,Male,1993-08-06,2016-01-01,Sales,Promoter,76850,,Day
EMP-001978,2023-05-10,,Justus,Nasambu,Male,1971-09-11,2023-05-10,Sales,Promoter,84210,,Night
EMP-001979,2025-09-04,,Ibrahim,Atieno,Female,1975-08-24,2025-09-04,Warehouse,Forklift Operator,90491,,Day
EMP-001980,2016-01-01,2025-06-08,Millicent,Komen,Male,1998-08-13,2016-01-01,Sales,Senior Sales,102200,,Day
EMP-001980,2025-06-08,,Millicent,Komen,Male,1998-08-13,2016-01-01,Sales,Senior Sales,111847,,Day
EMP-001981,2016-01-01,,Daisy,Naliaka,Female,2008-05-21,2016-01-01,Finance,Auditor,115017,,Day
EMP-001982,2017-02-28,,Brenda,Onyango,Male,1991-12-08,2017-02-28,IT,Systems Admin,96239,,Night
EMP-001983,2017-10-25,,Beth,Onyango,Female,1969-07-12,2017-10-25,HR,HR Officer,28003,,Off
EMP-001984,2022-11-04,2024-11-16,Beryl,Mwenda,Female,1981-10-20,2022-11-04,HR,Recruiter,116765,,Night
EMP-001984,2024-11-16,2025-07-07,Beryl,Mwenda,Female,1981-10-20,2022-11-04,Supply Chain,Procurement Officer,127999,,Night
EMP-001984,2025-07-07,,Beryl,Mwenda,Female,1981-10-20,2022-11-04,Supply Chain,Procurement Officer,151599,,Night
EMP-001985,2016-01-01,2025-05-23,Abigael,Ngui,Female,2001-04-08,2016-01-01,Warehouse,Warehouse Manager,111364,,Day
EMP-001985,2025-05-23,2025-12-22,Abigael,Ngui,Female,2001-04-08,2016-01-01,Warehouse,Warehouse Manager,117371,,Day
EMP-001985,2025-12-22,,Abigael,Ngui,Female,2001-04-08,2016-01-01,Warehouse,Warehouse Manager,125683,,Day
EMP-001986,2021-01-25,,Vincent,Omar,Female,1968-09-01,2021-01-25,Finance,Auditor,38749,,Night
EMP-001987,2016-01-01,,Erick,Chebii,Male,1970-04-15,2016-01-01,Warehouse,Stock Keeper,99431,,Night
EMP-001988,2018-04-14,,Caroline,Nyambura,Male,1974-11-17,2018-04-14,IT,Developer,96660,STOR-0041,Day
EMP-001989,2020-01-20,,Paul,Ochieng,Male,2007-08-11,2020-01-20,Marketing,Digital Officer,55120,,Off
EMP-001990,2019-11-05,2024-06-15,Naomi,Onyango,Female,1961-11-17,2019-11-05,Finance,Cashier,104918,,Off
EMP-001990,2024-06-15,,Naomi,Onyango,Female,1961-11-17,2019-11-05,Finance,Cashier,126949,,Off
EMP-001991,2024-11-18,2025-05-29,Sarah,Mwangi,Female,1967-12-08,2024-11-18,IT,Support,29692,,Night
EMP-001991,2025-05-29,,Sarah,Mwangi,Female,1967-12-08,2024-11-18,IT,Support,32236,,Night
EMP-001992,2024-07-16,,Hellen,Kyalo,Female,1964-08-19,2024-07-16,Warehouse,Loader,28436,STOR-0116,Night
EMP-001993,2016-01-01,,Abubakar,Nzau,Male,1963-07-18,2016-01-01,Marketing,Brand Officer,89867,,Night
EMP-001994,2023-09-16,2025-11-11,James,Ogutu,Male,1967-03-02,2023-09-16,Marketing,Marketing Manager,41972,,Off
EMP-001994,2025-11-11,,James,Ogutu,Male,1967-03-02,2023-09-16,IT,Developer,49550,,Off
EMP-001995,2022-11-06,2024-03-10,Emmanuel,Ndirangu,Male,2000-08-01,2022-11-06,Marketing,Digital Officer,56127,,Off
EMP-001995,2024-03-10,,Emmanuel,Ndirangu,Male,2000-08-01,2022-11-06,Supply Chain,Supply Chain Manager,61607,,Off
EMP-001996,2022-12-20,2024-01-30,George,Njoki,Female,1966-10-11,2022-12-20,Finance,Auditor,99605,,Off
EMP-001996,2024-01-30,2025-02-28,George,Njoki,Female,1966-10-11,2022-12-20,Warehouse,Stock Keeper,106566,,Off
EMP-001996,2025-02-28,,George,Njoki,Female,1966-10-11,2022-12-20,Warehouse,Stock Keeper,117077,,Off
EMP-001997,2018-03-17,,Moreen,Wangari,Female,1971-07-11,2018-03-17,HR,Recruiter,102803,,Day
EMP-001998,2016-01-01,,Veronica,Ronoh,Female,2002-04-24,2016-01-01,Marketing,Marketing Manager,114591,,Off
EMP-001999,2017-04-18,2024-10-04,Amos,Odongo,Female,1967-05-06,2017-04-18,IT,IT Manager,69588,,Night
EMP-001999,2024-10-04,2025-11-12,Amos,Odongo,Female,1967-05-06,2017-04-18,IT,IT Manager,83119,,Night
EMP-001999,2025-11-12,,Amos,Odongo,Female,1967-05-06,2017-04-18,Supply Chain,Supply Chain Manager,101499,,Night
EMP-002000,2016-01-01,2021-04-15,Naomi,Issack,Female,1973-08-19,2016-01-01,Warehouse,Loader,77907,STOR-0057,Off
EMP-002000,2021-04-15,2023-03-29,Naomi,Issack,Female,1973-08-19,2016-01-01,Warehouse,Loader,94738,STOR-0057,Off
EMP-002000,2023-03-29,,Naomi,Issack,Female,1973-08-19,2016-01-01,Warehouse,Loader,107000,STOR-0057,Off
EMP-002001,2022-06-12,,Teresa,Kiplangat,Male,1967-04-25,2022-06-12,Sales,Senior Sales,93017,,Night
EMP-002002,2016-01-01,2022-09-23,Anna,Jepkogei,Female,1992-11-26,2016-01-01,Supply Chain,Supply Chain Manager,114142,,Night
EMP-002002,2022-09-23,,Anna,Jepkogei,Female,1992-11-26,2016-01-01,Supply Chain,Supply Chain Manager,135100,,Night
EMP-002003,2016-01-01,,Nancy,Kariuki,Male,2006-06-07,2016-01-01,IT,,46602,,Off
EMP-002004,2017-05-26,2021-02-13,Jeniffer,Kariuki,Female,1984-09-29,2017-05-26,Sales,Sales Associate,72739,,Night
EMP-002004,2021-02-13,2025-03-21,Jeniffer,Kariuki,Female,1984-09-29,2017-05-26,Sales,Sales Associate,79358,,Night
EMP-002004,2025-03-21,,Jeniffer,Kariuki,Female,1984-09-29,2017-05-26,Sales,Sales Associate,87978,,Night
EMP-002005,2020-04-04,,Edwin,Hussein,Female,1968-04-11,2020-04-04,Warehouse,Loader,72986,,Day
EMP-002006,2016-01-01,2018-05-15,Naomi,Karanja,Female,1992-04-21,2016-01-01,HR,Recruiter,66591,,Off
EMP-002006,2018-05-15,,Naomi,Karanja,Female,1992-04-21,2016-01-01,Supply Chain,Logistics Officer,81858,,Off
EMP-002007,2019-02-02,,Lucas,Kipkorir,Male,1985-03-07,2019-02-02,Supply Chain,Supply Chain Manager,48242,,Off
EMP-002008,2025-09-02,,Ann,Nyakundi,Male,1963-05-13,2025-09-02,IT,Systems Admin,87654,,Night
EMP-002009,2016-01-01,,Daniel,Kiplagat,Female,1986-10-13,2016-01-01,IT,Support,79536,,Night
EMP-002010,2024-09-15,,Ochieng,Oluoch,Female,1981-10-30,2024-09-15,Finance,Cashier,46966,,Off
EMP-002011,2018-09-21,,Caroline,Jillo,Female,1975-12-21,2018-09-21,Finance,,72672,,Night
EMP-002012,2016-01-01,,Mutiso,Wairimu,Female,1989-09-21,2016-01-01,Finance,Accountant,35876,,Night
EMP-002013,2016-01-01,,Otieno,Maina,Male,1992-12-20,2016-01-01,Sales,Promoter,65218,,Day
EMP-002014,2016-01-01,2024-11-08,Habiba,Wanyonyi,Male,1961-06-20,2016-01-01,Marketing,Marketing Manager,67726,STOR-0018,Day
EMP-002014,2024-11-08,2026-01-23,Habiba,Wanyonyi,Male,1961-06-20,2016-01-01,Marketing,Marketing Manager,71288,STOR-0018,Day
EMP-002014,2026-01-23,,Habiba,Wanyonyi,Male,1961-06-20,2016-01-01,Marketing,Marketing Manager,76071,STOR-0018,Day
EMP-002015,2023-09-24,,Ibrahim,Wachira,Male,2005-05-31,2023-09-24,Warehouse,Warehouse Manager,62212,,Off
EMP-002016,2022-10-20,,Ruth,Onyango,Female,1987-06-20,2022-10-20,Marketing,Brand Officer,43883,,Off
EMP-002017,2023-08-21,,Simiyu,Kipruto,Male,1967-07-10,2023-08-21,Supply Chain,Supply Chain Manager,119288,STOR-0106,Day
EMP-002018,2021-09-24,,Beatrice,Masila,Male,1972-01-30,2021-09-24,Marketing,Marketing Manager,73343,,Day
EMP-002019,2016-01-01,,James,Victor,Male,1983-08-23,2016-01-01,Warehouse,Warehouse Manager,41553,,Day
EMP-002020,2019-10-03,,Collins,Ewoi,Male,1988-02-10,2019-10-03,Sales,Senior Sales,26063,STOR-0134,Day
EMP-002021,2016-01-01,,Emmanuel,Mutegi,Female,1994-07-25,2016-01-01,IT,Support,70220,,Day
EMP-002022,2016-01-01,2021-02-19,Maina,Chepkurui,Female,2000-03-13,2016-01-01,Warehouse,Loader,70886,,Night
EMP-002022,2021-02-19,2025-01-12,Maina,Chepkurui,Female,2000-03-13,2016-01-01,Marketing,Brand Officer,77377,,Night
EMP-002022,2025-01-12,,Maina,Chepkurui,Female,2000-03-13,2016-01-01,Marketing,Brand Officer,81656,,Night
EMP-002023,2022-03-28,,Wambui,Ogutu,Male,1988-02-14,2022-03-28,IT,IT Manager,67655,,Day
EMP-002024,2022-11-18,,Frida,Kosgei,Female,1970-08-18,2022-11-18,Warehouse,Warehouse Manager,76445,,Day
EMP-002025,2025-03-03,,Alice,Omondi,Male,1977-08-28,2025-03-03,HR,HR Officer,53189,,Off
EMP-002026,2016-01-01,,Mwende,Hussein,Male,1969-10-04,2016-01-01,Warehouse,Loader,100582,STOR-0055,Off
EMP-002027,2016-01-01,,Peter,Njau,Male,1965-03-29,2016-01-01,Supply Chain,Supply Chain Manager,111146,STOR-0020,Off
EMP-002028,2017-03-11,2020-12-08,Elisha,Mohamed,Male,1972-10-14,2017-03-11,Marketing,Brand Officer,117074,STOR-0148,Off
EMP-002028,2020-12-08,2024-03-17,Elisha,Mohamed,Male,1972-10-14,2017-03-11,Marketing,Brand Officer,127175,STOR-0148,Off
EMP-002028,2024-03-17,,Elisha,Mohamed,Male,1972-10-14,2017-03-11,Marketing,Brand Officer,148363,STOR-0148,Off
EMP-002029,2025-12-21,,Wanjiru,Makau,Male,1967-02-26,2025-12-21,HR,HR Officer,89631,,Night
EMP-002030,2018-05-19,2025-05-26,Naomi,Tanui,Female,1995-12-25,2018-05-19,Supply Chain,Supply Chain Manager,105112,,Day
EMP-002030,2025-05-26,2026-01-08,Naomi,Tanui,Female,1995-12-25,2018-05-19,Supply Chain,,119226,,Day
EMP-002030,2026-01-08,,Naomi,Tanui,Female,1995-12-25,2018-05-19,Supply Chain,Logistics Officer,146473,,Day
EMP-002031,2016-01-01,,Hellen,Achieng,Male,2005-08-27,2016-01-01,HR,HR Manager,46245,,Day
EMP-002032,2025-12-04,,Elisha,Charo,Female,1997-07-06,2025-12-04,Warehouse,Forklift Operator,117788,STOR-0084,Day
EMP-002033,2016-01-01,,Titus,Njihia,Male,1997-10-18,2016-01-01,Supply Chain,Logistics Officer,37917,,Night
EMP-002034,2016-03-02,,Joseph,Jerop,Male,1989-11-20,2016-03-02,Sales,Customer Care,97641,,Off
EMP-002035,2021-11-07,,Irine,Onyango,Female,1991-03-25,2021-11-07,Marketing,Digital Officer,119639,,Night
EMP-002036,2016-01-01,2017-02-07,Kamau,Chelangat,Female,1991-11-17,2016-01-01,IT,Support,32979,,Day
EMP-002036,2017-02-07,2017-11-16,Kamau,Chelangat,Female,1991-11-17,2016-01-01,IT,Support,40019,,Day
EMP-002036,2017-11-16,,Kamau,Chelangat,Female,1991-11-17,2016-01-01,IT,Support,44755,,Day
EMP-002037,2016-01-01,,Alex,Wanjiru,Female,1981-03-22,2016-01-01,Supply Chain,Logistics Officer,67039,,Day
EMP-002038,2016-12-19,,Rosemary,Wanjiku,Male,1989-11-27,2016-12-19,Supply Chain,Procurement Officer,27993,,Off
EMP-002039,2016-01-01,,Victor,Samuel,Female,1993-10-08,2016-01-01,Warehouse,Forklift Operator,61331,,Off
EMP-002040,2016-01-19,,Irene,Moraa,Male,1993-12-24,2016-01-19,HR,Recruiter,35832,,Off
EMP-002041,2016-01-01,2024-06-26,Elizabeth,Bakari,Male,1999-07-16,2016-01-01,Marketing,Marketing Manager,44895,,Day
EMP-002041,2024-06-26,2025-12-27,Elizabeth,Bakari,Male,1999-07-16,2016-01-01,Marketing,Marketing Manager,49469,,Day
EMP-002041,2025-12-27,,Elizabeth,Bakari,Male,1999-07-16,2016-01-01,Marketing,Marketing Manager,55699,,Day
EMP-002042,2016-01-01,,Opiyo,Atieno,Male,1964-05-23,2016-01-01,Supply Chain,Logistics Officer,113268,,Day
EMP-002043,2016-01-01,,Lawrence,Kiplagat,Male,1986-04-23,2016-01-01,Sales,Sales Associate,83522,,Night
EMP-002044,2017-04-20,2020-07-08,Faith,Awuor,Female,1979-12-15,2017-04-20,Marketing,Digital Officer,53061,,Off
EMP-002044,2020-07-08,2021-07-13,Faith,Awuor,Female,1979-12-15,2017-04-20,Marketing,Digital Officer,61978,,Off
EMP-002044,2021-07-13,,Faith,Awuor,Female,1979-12-15,2017-04-20,Marketing,Digital Officer,68399,,Off
EMP-002045,2023-13-45,2023-13-45,Peter,Mwangi,Male,2023-13-45,2023-13-45,Marketing,Brand Officer,93287,,Night
EMP-002045,2022-06-05,,Peter,Mwangi,Male,1985-07-14,2016-01-01,Marketing,Brand Officer,109596,,Night
EMP-002046,2022-11-17,,Joy,Ndegwa,Male,2003-02-21,2022-11-17,Warehouse,Stock Keeper,26145,,Night
EMP-002047,2019-07-05,,Wafula,Kamau,Male,1984-02-01,2019-07-05,Sales,,116832,,Night
EMP-002048,2016-01-01,,Morine,Kirui,Male,1964-06-10,2016-01-01,Marketing,Digital Officer,103145,,Off
EMP-002049,2016-01-01,,Elizabeth,Adhiambo,Male,2004-09-13,2016-01-01,Sales,Promoter,61105,,Night
EMP-002050,2022-05-25,,Omondi,Ali,Female,2007-06-02,2022-05-25,Warehouse,Loader,28544,,Day
EMP-002051,2016-01-01,,James,Omar,Male,1983-07-28,2016-01-01,Sales,Senior Sales,41136,,Day
EMP-002052,2018-01-06,,Vincent,Kiplangat,Female,1963-02-22,2018-01-06,IT,IT Manager,83079,,Day
EMP-002053,2023-04-05,,Johnson,Mutemi,Male,1999-04-03,2023-04-05,Warehouse,Stock Keeper,94605,,Day
EMP-002054,2016-01-01,2024-06-25,Mwaniki,Gitonga,Female,1961-12-27,2016-01-01,Marketing,Marketing Manager,54076,,Night
EMP-002054,2024-06-25,,Mwaniki,Gitonga,Female,1961-12-27,2016-01-01,Marketing,Marketing Manager,61207,,Night
EMP-002055,2021-07-16,,Musee,Chepkosgei,Male,1986-04-21,2021-07-16,IT,Support,73308,,Night
EMP-002056,2024-10-22,,Gibson,Wangui,Female,1967-04-01,2024-10-22,Supply Chain,Supply Chain Manager,73754,,Day
EMP-002057,2025-02-05,2025-09-12,Winnie,Kamau,Female,2006-07-16,2025-02-05,Supply Chain,Supply Chain Manager,85521,,Day
EMP-002057,2025-09-12,,Winnie,Kamau,Female,2006-07-16,2025-02-05,Supply Chain,Supply Chain Manager,99239,,Day
EMP-002058,2016-01-01,,Adan,Mwaniki,Male,2006-01-06,2016-01-01,Supply Chain,Logistics Officer,79076,,Day
EMP-002059,2016-01-01,2023-11-29,Dominic,Ngeno,Female,1985-04-28,2016-01-01,HR,HR Officer,30586,,Off
EMP-002059,2023-11-29,2024-10-30,Dominic,Ngeno,Female,1985-04-28,2016-01-01,HR,HR Officer,34783,,Off
EMP-002059,2024-10-30,,Dominic,Ngeno,Female,1985-04-28,2016-01-01,HR,HR Officer,38570,,Off
EMP-002060,2016-01-01,2025-08-10,Nyaga,Jelimo,Male,1965-09-22,2016-01-01,Finance,Accountant,85746,,Off
EMP-002060,2025-08-10,,Nyaga,Jelimo,Male,1965-09-22,2016-01-01,Finance,Accountant,106298,,Off
EMP-002061,2016-01-01,,Edwin,Kibet,Male,1980-10-30,2016-01-01,Warehouse,Stock Keeper,35447,STOR-0074,Night
EMP-002062,2025-05-07,2026-01-02,Lindah,Kipkoech,Female,1975-12-21,2025-05-07,Supply Chain,Supply Chain Manager,47935,,Day
EMP-002062,2026-01-02,,Lindah,Kipkoech,Female,1975-12-21,2025-05-07,Supply Chain,Supply Chain Manager,57652,,Day
EMP-002063,2021-08-14,2022-07-07,Diana,Ali,Female,1999-12-12,2021-08-14,Marketing,Brand Officer,103139,,Day
EMP-002063,2022-07-07,,Diana,Ali,Female,1999-12-12,2021-08-14,Marketing,Brand Officer,111186,,Day
EMP-002064,2016-10-13,,Abednego,Macharia,Male,1999-02-22,2016-10-13,Warehouse,Forklift Operator,58321,,Night
EMP-002065,2016-01-01,2022-05-27,Florence,Bett,Male,1974-11-15,2016-01-01,Sales,Promoter,43117,,Night
EMP-002065,2022-05-27,,Florence,Bett,Male,1974-11-15,2016-01-01,Sales,Promoter,-52761,,Night
EMP-002066,2023-07-04,,Janet,Maingi,Female,1981-02-20,2023-07-04,Finance,Cashier,107160,,Day
EMP-002067,2024-10-16,,Steve,Ibrahim,Male,2005-09-30,2024-10-16,Marketing,Brand Officer,-41295,STOR-0010,Day
EMP-002068,2017-09-25,,Jeff,Achieng,Female,1987-12-23,2017-09-25,IT,IT Manager,118703,,Off
EMP-002069,2016-01-01,2025-10-22,Julius,Karisa,Female,2006-04-19,2016-01-01,Marketing,Digital Officer,33621,,Day
EMP-002069,2025-10-22,,Julius,Karisa,Female,2006-04-19,2016-01-01,Finance,Auditor,38579,,Day
EMP-002070,2025-11-08,,Simon,Mohamed,Female,2008-06-17,2025-11-08,Marketing,Marketing Manager,51039,,Night
EMP-002071,2022-10-18,,Japheth,Akinyi,Female,1994-07-27,2022-10-18,Marketing,Brand Officer,38376,,Night
EMP-002072,2016-08-10,2021-08-28,Isaac,Kitonga,Male,1992-05-25,2016-08-10,Sales,Senior Sales,87900,,Day
EMP-002072,2021-08-28,,Isaac,Kitonga,Male,1992-05-25,2016-08-10,Sales,Senior Sales,108021,,Day
EMP-002073,2016-01-01,,Loise,Kazungu,Female,2002-05-30,2016-01-01,Marketing,Digital Officer,112783,,Night
EMP-002074,2024-01-03,2026-01-16,Doreen,Oyoo,Male,1999-02-14,2024-01-03,Marketing,Brand Officer,46645,STOR-0036,Day
EMP-002074,2026-01-16,,Doreen,Oyoo,Male,1999-02-14,2024-01-03,HR,HR Officer,56439,STOR-0036,Day
EMP-002075,2016-01-01,,Mercy,Kinyanjui,Male,1985-05-22,2016-01-01,Sales,Promoter,111606,,Day
EMP-002076,2016-01-01,,Oscar,Mutua,Female,2007-03-27,2016-01-01,Sales,Promoter,73414,,Off
EMP-002077,2016-01-01,,Irene,Ewoi,Female,1988-07-08,2016-01-01,HR,HR Manager,95451,,Off
EMP-002078,2016-01-01,,Geoffrey,Sammy,Male,1964-12-25,2016-01-01,Finance,Cashier,-95137,,Day
EMP-002079,2017-10-15,2025-04-15,Mercy,Mwihaki,Female,1978-10-06,2017-10-15,IT,Developer,82365,STOR-0139,Day
EMP-002079,2025-04-15,,Mercy,Mwihaki,Female,1978-10-06,2017-10-15,IT,Developer,93487,STOR-0139,Day
EMP-002080,2023-08-11,,Antony,Wanjiku,Male,2007-05-04,2023-08-11,HR,HR Officer,37281,,Day
EMP-002081,2016-01-01,,Mary,Mburu,Female,1968-04-29,2016-01-01,HR,HR Manager,109928,,Day
EMP-002082,2018-03-20,,Wanjiru,Mohamed,Female,1981-09-24,2018-03-20,Marketing,Brand Officer,98359,STOR-0039,Night
EMP-002083,2025-11-21,,Wilfred,Sheikh,Female,1990-04-12,2025-11-21,Sales,Customer Care,30653,,Day
EMP-002084,2016-01-01,,Lewis,Kadzo,Female,1974-05-06,2016-01-01,Sales,Customer Care,80987,,Off
EMP-002085,2025-05-22,,Francis,Abdi,Male,1978-03-08,2025-05-22,Supply Chain,Logistics Officer,97510,,Night
EMP-002086,2016-01-01,2019-06-27,Joan,Wanjala,Female,1998-01-27,2016-01-01,Supply Chain,Logistics Officer,112821,,Day
EMP-002086,2019-06-27,,Joan,Wanjala,Female,1998-01-27,2016-01-01,HR,HR Officer,118969,,Day
EMP-002087,2022-07-18,,Sharon,Mwangi,Female,1993-08-29,2022-07-18,Warehouse,Stock Keeper,105190,,Night
EMP-002088,2016-01-01,2021-10-31,Lydia,Odhiambo,Female,1966-04-24,2016-01-01,Sales,Promoter,98509,,Night
EMP-002088,2021-10-31,2024-11-18,Lydia,Odhiambo,Female,1966-04-24,2016-01-01,Supply Chain,Procurement Officer,108727,,Night
EMP-002088,2024-11-18,,Lydia,Odhiambo,Female,1966-04-24,2016-01-01,HR,Recruiter,125941,,Night
EMP-002089,2016-01-01,,Samson,Maina,Male,1988-04-18,2016-01-01,Supply Chain,Procurement Officer,59854,,Off
EMP-002090,2016-01-01,,Peris,Oloo,Male,1966-09-29,2016-01-01,Finance,Auditor,87852,,Off
EMP-002091,2023-01-20,,Meshack,Ayuma,Male,1970-03-01,2023-01-20,Supply Chain,Procurement Officer,36689,,Day
EMP-002092,2017-06-22,,Martin,Odongo,Male,1994-08-22,2017-06-22,Supply Chain,,108898,,Day
EMP-002093,2017-04-16,2025-11-10,Mirriam,Kinyanjui,Male,2000-02-05,2017-04-16,Marketing,Brand Officer,25055,,Day
EMP-002093,2025-11-10,,Mirriam,Kinyanjui,Male,2000-02-05,2017-04-16,Marketing,Brand Officer,29482,,Day
EMP-002094,2022-06-25,,Gladys,Peter,Male,1994-05-20,2022-06-25,Supply Chain,Logistics Officer,27874,STOR-0093,Night
EMP-002095,2016-01-01,,Rosemary,Mutua,Female,1968-12-02,2016-01-01,IT,IT Manager,81219,,Day
EMP-002096,2018-01-26,,Gladys,Rotich,Female,2000-05-12,2018-01-26,IT,Support,77699,,Night
EMP-002097,2016-01-01,,Rose,Suleiman,Female,1976-08-27,2016-01-01,Marketing,Brand Officer,102928,,Off
EMP-002098,2022-08-27,2023-11-22,Mourine,Ahmed,Male,1967-11-13,2022-08-27,IT,Systems Admin,37700,,Night
EMP-002098,2023-11-22,,Mourine,Ahmed,Male,1967-11-13,2022-08-27,IT,Systems Admin,41529,,Night
EMP-002099,2016-01-01,,Edwin,Wanjala,Female,1988-05-22,2016-01-01,HR,Recruiter,96554,,Off
EMP-002100,2022-12-20,,Benson,Wanjohi,Male,1993-12-19,2022-12-20,IT,Support,65844,STOR-0098,Off
EMP-002101,2020-06-19,,Mugo,Paul,Male,1968-04-14,2020-06-19,Finance,Cashier,111495,,Day
EMP-002102,2016-01-01,,Onyango,Rono,Male,2007-01-22,2016-01-01,HR,Recruiter,57295,,Night
EMP-002103,2021-02-03,2024-09-02,Denis,Wanjala,Male,1970-06-17,2021-02-03,HR,HR Manager,80375,,Day
EMP-002103,2024-09-02,2025-09-01,Denis,Wanjala,Male,1970-06-17,2021-02-03,HR,HR Manager,86633,,Day
EMP-002103,2025-09-01,,Denis,Wanjala,Male,1970-06-17,2021-02-03,HR,HR Manager,105431,,Day
EMP-002104,2017-07-23,,Joyce,Toroitich,Female,1962-01-12,2017-07-23,Marketing,Marketing Manager,38108,,Night
EMP-002105,2022-08-01,,Sharon,Situma,Male,1962-12-20,2022-08-01,Sales,Sales Associate,102872,,Off
EMP-002106,2019-09-19,,Sylvia,Nasimiyu,Male,1964-04-26,2019-09-19,Finance,Finance Manager,31154,,Night
EMP-002107,2023-07-16,2024-07-26,Christine,Ndanu,Female,1976-11-28,2023-07-16,HR,HR Manager,67844,,Night
EMP-002107,2024-07-26,2025-08-24,Christine,Ndanu,Female,1976-11-28,2023-07-16,HR,HR Manager,84593,,Night
EMP-002107,2025-08-24,,Christine,Ndanu,Female,1976-11-28,2023-07-16,HR,HR Manager,97716,,Night
EMP-002108,2023-13-45,2023-13-45,Duncan,Kipkemoi,Female,2023-13-45,2023-13-45,IT,IT Manager,99869,,Night
EMP-002109,2016-09-26,2021-04-01,Kyalo,Ndolo,Male,1968-11-26,2016-09-26,IT,IT Manager,80725,,Night
EMP-002109,2021-04-01,2025-07-03,Kyalo,Ndolo,Male,1968-11-26,2016-09-26,IT,IT Manager,87533,,Night
EMP-002109,2025-07-03,,Kyalo,Ndolo,Male,1968-11-26,2016-09-26,IT,IT Manager,96676,,Night
EMP-002110,2023-06-23,,Dickson,Kagwiria,Male,1987-05-05,2023-06-23,Finance,Accountant,39208,,Night
EMP-002111,2017-01-01,2019-01-11,Serah,Kiilu,Female,1981-01-27,2017-01-01,Marketing,,80770,,Day
EMP-002111,2019-01-11,,Serah,Kiilu,Female,1981-01-27,2017-01-01,Marketing,Digital Officer,85105,,Day
EMP-002112,2024-07-16,,Belinda,Biwott,Male,1980-11-02,2024-07-16,Marketing,Digital Officer,87121,,Day
EMP-002113,2022-01-04,2025-03-09,Isaac,Njuki,Male,1990-06-18,2022-01-04,Sales,Promoter,61822,,Day
EMP-002113,2025-03-09,2025-11-05,Isaac,Njuki,Male,1990-06-18,2022-01-04,Supply Chain,Logistics Officer,76217,,Day
EMP-002113,2025-11-05,,Isaac,Njuki,Male,1990-06-18,2022-01-04,HR,HR Manager,81822,,Day
EMP-002114,2016-01-01,2017-01-25,Irine,Kitsao,Male,1988-03-31,2016-01-01,IT,Support,88071,,Off
EMP-002114,2017-01-25,,Irine,Kitsao,Male,1988-03-31,2016-01-01,IT,Support,102629,,Off
EMP-002115,2024-01-26,,Eric,Ochieng,Female,1994-01-22,2024-01-26,Finance,Auditor,42682,STOR-0105,Night
EMP-002116,2016-01-01,2023-09-05,Melvin,Kirui,Female,1983-03-29,2016-01-01,Sales,Promoter,32008,,Night
EMP-002116,2023-09-05,2026-01-13,Melvin,Kirui,Female,1983-03-29,2016-01-01,Sales,Promoter,35362,,Night
EMP-002116,2026-01-13,,Melvin,Kirui,Female,1983-03-29,2016-01-01,Sales,Promoter,41049,,Night
EMP-002117,2021-12-19,,Virginia,Kamau,Female,1971-07-06,2021-12-19,Marketing,Brand Officer,94768,,Off
EMP-002118,2021-05-17,,Nancy,Murithi,Male,1984-07-17,2021-05-17,Warehouse,Stock Keeper,41766,,Off
EMP-002119,2020-05-12,2023-08-20,Bernard,Kenga,Male,1997-11-14,2020-05-12,Supply Chain,Supply Chain Manager,31179,,Night
EMP-002119,2023-08-20,2025-02-02,Bernard,Kenga,Male,1997-11-14,2020-05-12,Supply Chain,Supply Chain Manager,36800,,Night
EMP-002119,2025-02-02,,Bernard,Kenga,Male,1997-11-14,2020-05-12,HR,Recruiter,44746,,Night
EMP-002120,2016-02-04,,Nancy,Khaemba,Male,2004-03-30,2016-02-04,Warehouse,Loader,45206,STOR-0115,Night
EMP-002121,2016-01-01,,Sharon,Muema,Female,2004-03-23,2016-01-01,Supply Chain,Supply Chain Manager,52037,,Night
EMP-002122,2025-03-01,,Victor,Kipkoech,Male,2003-05-10,2025-03-01,Warehouse,Forklift Operator,114795,,Day
EMP-002123,2016-01-01,,Wilson,Muiruri,Female,1968-02-21,2016-01-01,Sales,Sales Associate,104526,,Day
EMP-002124,2020-12-21,,Michael,Karisa,Female,2004-10-10,2020-12-21,Warehouse,Warehouse Manager,75674,,Day
EMP-002125,2018-10-08,,Naomi,Ekiru,Male,2007-04-07,2018-10-08,Finance,Finance Manager,65053,,Off
EMP-002126,2016-01-01,,Raphael,Maluki,Male,1991-04-28,2016-01-01,HR,Recruiter,87150,,Off
EMP-002127,2021-03-09,,Ramadhan,Sifuna,Female,1978-05-04,2021-03-09,Finance,Cashier,112821,STOR-0067,Night
EMP-002128,2021-12-03,,Alex,David,Male,1982-11-22,2021-12-03,HR,HR Officer,106204,,Off
EMP-002129,2016-01-01,,Florence,Achieng,Male,1988-10-21,2016-01-01,Marketing,Digital Officer,112755,,Off
EMP-002130,2024-09-17,,Christopher,Kinyua,Male,1986-04-11,2024-09-17,Marketing,Brand Officer,95630,,Off
EMP-002131,2016-01-01,2016-11-04,Roseline,Nyangau,Female,1975-11-16,2016-01-01,Sales,Customer Care,66222,,Off
EMP-002131,2016-11-04,2017-09-22,Roseline,Nyangau,Female,1975-11-16,2016-01-01,Sales,Customer Care,72267,,Off
EMP-002131,2017-09-22,,Roseline,Nyangau,Female,1975-11-16,2016-01-01,Sales,Customer Care,76039,,Off
EMP-002132,2016-01-01,,Beryl,Mumbi,Female,2003-03-29,2016-01-01,Warehouse,Warehouse Manager,36736,STOR-0139,Off
EMP-002133,2016-01-01,2019-11-12,Joshua,Ali,Female,1992-01-25,2016-01-01,Warehouse,Loader,102646,,Off
EMP-002133,2019-11-12,,Joshua,Ali,Female,1992-01-25,2016-01-01,Warehouse,Loader,110588,,Off
EMP-002134,2025-01-13,,Nicholas,Brian,Male,1963-12-27,2025-01-13,Supply Chain,Procurement Officer,99262,,Day
EMP-002135,2016-03-05,2019-03-17,Simiyu,Mwaura,Male,1978-04-21,2016-03-05,Sales,Sales Associate,40331,,Day
EMP-002135,2019-03-17,,Simiyu,Mwaura,Male,1978-04-21,2016-03-05,Sales,Sales Associate,49607,,Day
EMP-002136,2022-08-14,,Stephen,Chepkoech,Male,1999-03-14,2022-08-14,HR,HR Manager,30938,STOR-0131,Off
EMP-002137,2023-13-45,2023-13-45,Dennis,Kipkosgei,Female,2023-13-45,2023-13-45,IT,IT Manager,63728,,Night
EMP-002138,2016-01-01,,Gladys,Mahamud,Female,2006-06-09,2016-01-01,IT,Developer,66854,,Off
EMP-002139,2025-05-14,,Noah,Kimani,Male,1974-06-04,2025-05-14,Supply Chain,Logistics Officer,109084,,Night
EMP-002140,2016-01-01,,Patrick,Abdikadir,Female,1978-09-18,2016-01-01,Warehouse,Warehouse Manager,84905,,Night
EMP-002141,2021-05-11,,Antony,Kiplagat,Male,1969-06-17,2021-05-11,Marketing,Digital Officer,74701,,Day
EMP-002142,2023-07-22,,Douglas,Muthoni,Male,1975-04-08,2023-07-22,HR,Recruiter,60215,,Day
EMP-002143,2021-05-28,,Maryanne,Wambua,Female,2006-09-06,2021-05-28,Sales,Sales Associate,117285,,Day
EMP-002144,2024-09-11,2025-03-21,Otieno,Kariuki,Male,1970-07-13,2024-09-11,Sales,Senior Sales,105493,,Off
EMP-002144,2025-03-21,2025-11-12,Otieno,Kariuki,Male,1970-07-13,2024-09-11,Sales,Senior Sales,129205,,Off
EMP-002144,2025-11-12,,Otieno,Kariuki,Male,1970-07-13,2024-09-11,IT,IT Manager,151103,,Off
EMP-002145,2016-07-14,,Magdalene,Adan,Female,1991-04-16,2016-07-14,IT,Systems Admin,63561,,Night
EMP-002146,2016-01-01,,Mildred,Chepkoech,Female,2007-03-01,2016-01-01,HR,HR Manager,94200,,Night
EMP-002147,2025-09-22,,Esther,Ali,Male,1992-07-04,2025-09-22,Marketing,Digital Officer,88608,,Day
EMP-002148,2023-03-12,2025-05-17,Victor,Wangui,Female,2007-10-05,2023-03-12,HR,HR Manager,99625,,Night
EMP-002148,2025-05-17,,Victor,Wangui,Female,2007-10-05,2023-03-12,HR,HR Manager,116571,,Night
EMP-002149,2016-01-01,,Caroline,Chepkurui,Male,1989-05-27,2016-01-01,Marketing,Brand Officer,84579,,Off
EMP-002150,2022-01-10,,Rose,Njuguna,Male,1967-01-31,2022-01-10,Sales,Sales Associate,99925,,Day
EMP-002151,2021-06-17,,Godwin,Odhiambo,Female,1976-07-31,2021-06-17,Finance,Accountant,85367,,Night
EMP-002152,2023-13-45,2023-13-45,Melvin,Awuor,Male,2023-13-45,2023-13-45,IT,Systems Admin,34781,,Off
EMP-002153,2018-02-20,2024-08-31,Milka,Swaleh,Male,2001-04-23,2018-02-20,Marketing,Digital Officer,77797,STOR-0112,Night
EMP-002153,2024-08-31,,Milka,Swaleh,Male,2001-04-23,2018-02-20,HR,Recruiter,92034,STOR-0112,Night
EMP-002154,2024-01-26,,Cynthia,Mwangi,Male,1977-11-10,2024-01-26,Marketing,Brand Officer,119503,,Night
EMP-002155,2021-11-10,2025-03-16,Steve,Mwendwa,Male,1987-06-17,2021-11-10,Finance,Auditor,30946,,Off
EMP-002155,2025-03-16,,Steve,Mwendwa,Male,1987-06-17,2021-11-10,Finance,Auditor,33578,,Off
EMP-002156,2025-01-23,2025-07-29,Njeri,Nyambu,Female,1998-09-04,2025-01-23,IT,,31524,,Night
EMP-002156,2025-07-29,2026-01-28,Njeri,Nyambu,Female,1998-09-04,2025-01-23,IT,IT Manager,38865,,Night
EMP-002156,2026-01-28,,Njeri,Nyambu,Female,1998-09-04,2025-01-23,IT,IT Manager,44063,,Night
EMP-002157,2024-03-07,,Simon,Njoroge,Male,1994-02-19,2024-03-07,Supply Chain,Procurement Officer,61496,,Night
EMP-002158,2020-12-26,,Anyango,Wabwire,Male,1969-07-29,2020-12-26,Finance,Accountant,32656,,Off
EMP-002159,2016-01-01,2018-11-27,Stephen,Jepchirchir,Male,1990-01-22,2016-01-01,Marketing,Brand Officer,56505,,Night
EMP-002159,2018-11-27,2021-08-12,Stephen,Jepchirchir,Male,1990-01-22,2016-01-01,Marketing,Brand Officer,63660,,Night
EMP-002159,2021-08-12,,Stephen,Jepchirchir,Male,1990-01-22,2016-01-01,Marketing,Brand Officer,73449,,Night
EMP-002160,2016-01-01,,Dennis,Mwangi,Male,1969-04-20,2016-01-01,Marketing,Digital Officer,32733,,Off
EMP-002161,2016-01-01,,Gitau,Jemeli,Male,1979-09-21,2016-01-01,Sales,Sales Associate,66285,,Day
EMP-002162,2021-04-27,2024-01-19,Cynthia,Cherutich,Male,1979-11-08,2021-04-27,Supply Chain,Supply Chain Manager,31978,,Day
EMP-002162,2024-01-19,,Cynthia,Cherutich,Male,1979-11-08,2021-04-27,Supply Chain,Supply Chain Manager,33877,,Day
EMP-002163,2023-10-11,,Mary,Masika,Male,1978-07-19,2023-10-11,Marketing,Marketing Manager,25603,STOR-0066,Off
EMP-002164,2019-09-23,,Philemon,Munene,Male,1971-10-29,2019-09-23,Finance,,-54753,,Day
EMP-002165,2023-10-18,2025-06-20,Onyango,Onyiego,Female,1970-11-22,2023-10-18,IT,Systems Admin,79018,,Off
EMP-002165,2025-06-20,2026-01-27,Onyango,Onyiego,Female,1970-11-22,2023-10-18,IT,Systems Admin,85596,,Off
EMP-002165,2026-01-27,,Onyango,Onyiego,Female,1970-11-22,2023-10-18,IT,Systems Admin,102510,,Off
EMP-002166,2016-01-01,,Peninah,Waithira,Male,1990-07-17,2016-01-01,Supply Chain,Supply Chain Manager,95571,,Off
EMP-002167,2018-06-02,2020-06-20,David,Wambui,Male,1976-03-29,2018-06-02,Warehouse,Stock Keeper,98594,,Night
EMP-002167,2020-06-20,,David,Wambui,Male,1976-03-29,2018-06-02,Warehouse,Stock Keeper,105156,,Night
EMP-002168,2019-04-26,,Peter,Njuguna,Female,1992-05-21,2019-04-26,Supply Chain,Logistics Officer,72178,,Off
EMP-002169,2023-13-45,2023-13-45,Elias,Musumba,Male,2023-13-45,2023-13-45,IT,IT Manager,78166,STOR-0140,Night
EMP-002169,2021-01-14,2025-04-14,Elias,Musumba,Male,1994-04-12,2020-03-14,IT,IT Manager,91503,STOR-0140,Night
EMP-002169,2025-04-14,,Elias,Musumba,Male,1994-04-12,2020-03-14,IT,IT Manager,100568,STOR-0140,Night
EMP-002170,2018-05-18,,Wambui,Nyawira,Male,1993-08-13,2018-05-18,IT,Systems Admin,96717,,Day
EMP-002171,2022-11-28,,Rodgers,Onyango,Male,1970-09-03,2022-11-28,Finance,Auditor,43074,,Night
EMP-002172,2024-05-23,,Emmanuel,Kamau,Female,1979-12-07,2024-05-23,Sales,Senior Sales,-72199,,Night
EMP-002173,2022-03-07,,Simon,Njoroge,Female,1995-03-21,2022-03-07,IT,Systems Admin,26275,,Off
EMP-002174,2016-01-01,,Damaris,Mugambi,Female,2005-09-22,2016-01-01,Marketing,Digital Officer,65563,,Off
EMP-002175,2017-02-03,,Javan,Ndegwa,Male,1960-11-17,2017-02-03,Sales,Senior Sales,91520,STOR-0025,Off
EMP-002176,2016-01-01,,Munyao,Odongo,Male,1988-12-08,2016-01-01,Finance,Auditor,114388,,Off
EMP-002177,2016-01-01,,Mercyline,Abdullahi,Male,1994-06-30,2016-01-01,IT,Developer,55645,,Night
EMP-002178,2016-01-01,,Ruth,Isaac,Male,1962-05-14,2016-01-01,Marketing,Marketing Manager,48886,,Night
EMP-002179,2016-01-01,2023-03-14,Ochieng,Jelagat,Female,1968-11-25,2016-01-01,Supply Chain,Supply Chain Manager,116702,STOR-0021,Night
EMP-002179,2023-03-14,,Ochieng,Jelagat,Female,1968-11-25,2016-01-01,Warehouse,Stock Keeper,131623,STOR-0021,Night
EMP-002180,2023-13-45,2023-13-45,Mutua,Nyagaka,Female,2023-13-45,2023-13-45,Finance,Accountant,82417,,Night
EMP-002180,2025-09-21,,Mutua,Nyagaka,Female,1967-10-26,2024-11-20,Warehouse,Loader,91296,,Night
EMP-002181,2016-01-01,,Michael,Ochieng,Female,2005-06-24,2016-01-01,Marketing,Digital Officer,113351,,Day
EMP-002182,2023-13-45,2023-13-45,Chege,Mulwa,Male,2023-13-45,2023-13-45,Finance,Finance Manager,64854,,Day
EMP-002182,2016-08-04,,Chege,Mulwa,Male,1978-12-04,2016-01-01,Finance,Finance Manager,72710,,Day
EMP-002183,2021-03-02,,Benjamin,Mwangi,Female,2002-12-13,2021-03-02,Warehouse,Forklift Operator,30977,,Off
EMP-002184,2016-01-01,,Akoth,Wekesa,Female,1999-05-01,2016-01-01,Finance,Accountant,54016,STOR-0087,Off
EMP-002185,2021-06-25,2023-03-06,Paul,Chelagat,Male,2004-05-25,2021-06-25,Supply Chain,Procurement Officer,73994,,Night
EMP-002185,2023-03-06,2025-01-16,Paul,Chelagat,Male,2004-05-25,2021-06-25,Supply Chain,Procurement Officer,88334,,Night
EMP-002185,2025-01-16,,Paul,Chelagat,Male,2004-05-25,2021-06-25,Supply Chain,Procurement Officer,97999,,Night
EMP-002186,2016-01-01,,Pauline,Odiwuor,Male,1997-10-31,2016-01-01,IT,IT Manager,109426,,Off
EMP-002187,2016-01-01,,Salma,Mwendwa,Male,1987-09-28,2016-01-01,Marketing,Brand Officer,87586,,Off
EMP-002188,2018-12-22,,Benson,Mutua,Female,1987-09-30,2018-12-22,Warehouse,Loader,111797,,Night
EMP-002189,2017-01-01,,Stephen,George,Female,1971-09-08,2017-01-01,HR,Recruiter,85093,,Day
EMP-002190,2016-03-21,,Dickson,Kipkoech,Male,2004-08-21,2016-03-21,Finance,Accountant,34552,,Night
EMP-002191,2022-03-10,2023-12-13,Catherine,Mwangangi,Male,1968-10-21,2022-03-10,Sales,Senior Sales,95416,,Off
EMP-002191,2023-12-13,,Catherine,Mwangangi,Male,1968-10-21,2022-03-10,IT,Systems Admin,110995,,Off
EMP-002192,2017-05-11,,Gerald,Gitau,Male,1981-09-13,2017-05-11,Supply Chain,Procurement Officer,34141,,Day
EMP-002193,2016-01-01,2018-02-16,Veronicah,Munyao,Female,1985-01-12,2016-01-01,Sales,Senior Sales,91903,,Day
EMP-002193,2018-02-16,,Veronicah,Munyao,Female,1985-01-12,2016-01-01,Sales,Senior Sales,105248,,Day
EMP-002194,2022-08-08,,Millicent,Makokha,Female,1993-12-01,2022-08-08,Supply Chain,Procurement Officer,105775,STOR-0073,Off
EMP-002195,2020-10-18,,Mutinda,Chege,Female,1978-11-14,2020-10-18,Supply Chain,Logistics Officer,84132,,Off
EMP-002196,2016-01-01,2022-10-04,Nuru,Rono,Male,1989-05-09,2016-01-01,IT,Support,65853,,Day
EMP-002196,2022-10-04,,Nuru,Rono,Male,1989-05-09,2016-01-01,IT,Support,77886,,Day
EMP-002197,2023-13-45,2023-13-45,Faith,Gitau,Male,2023-13-45,2023-13-45,HR,Recruiter,71363,,Day
EMP-002197,2018-01-27,2018-11-28,Faith,Gitau,Male,1989-08-03,2016-01-01,HR,Recruiter,88302,,Day
EMP-002197,2018-11-28,,Faith,Gitau,Male,1989-08-03,2016-01-01,IT,Systems Admin,105654,,Day
EMP-002198,2024-02-03,2025-01-22,Aden,Jemeli,Male,2006-08-19,2024-02-03,Supply Chain,Supply Chain Manager,46247,,Off
EMP-002198,2025-01-22,,Aden,Jemeli,Male,2006-08-19,2024-02-03,Supply Chain,Supply Chain Manager,50547,,Off
EMP-002199,2016-01-01,,Esther,Maiyo,Male,1994-04-22,2016-01-01,IT,Systems Admin,33850,,Off
EMP-002200,2016-01-01,,Reagan,Mumbi,Female,1966-04-25,2016-01-01,IT,IT Manager,81850,,Day
EMP-002201,2021-06-18,,Juma,Wachira,Male,1993-02-06,2021-06-18,IT,IT Manager,102141,STOR-0146,Off
EMP-002202,2016-01-01,2021-08-08,Shadrack,Mukoya,Female,2007-03-02,2016-01-01,Sales,Senior Sales,97877,,Off
EMP-002202,2021-08-08,2025-09-03,Shadrack,Mukoya,Female,2007-03-02,2016-01-01,Sales,Senior Sales,103381,,Off
EMP-002202,2025-09-03,,Shadrack,Mukoya,Female,2007-03-02,2016-01-01,Sales,Senior Sales,113972,,Off
EMP-002203,2016-01-01,,Hassan,Mwaura,Male,1999-04-16,2016-01-01,IT,Systems Admin,91652,STOR-0123,Day
EMP-002204,2020-05-28,,Brian,Ochieng,Female,1963-09-01,2020-05-28,Sales,Sales Associate,92359,,Off
EMP-002205,2016-01-01,,Aden,Kosgei,Male,1988-09-14,2016-01-01,IT,Systems Admin,105614,,Day
EMP-002206,2016-01-01,,Kelvin,Tanui,Male,1999-04-14,2016-01-01,Sales,Customer Care,36623,,Night
EMP-002207,2016-01-01,,Emily,Musyoka,Male,2000-06-12,2016-01-01,IT,IT Manager,33655,,Night
EMP-002208,2016-01-01,2024-05-14,Daniel,Mwaniki,Male,1968-05-08,2016-01-01,Marketing,Digital Officer,26709,,Off
EMP-002208,2024-05-14,,Daniel,Mwaniki,Male,1968-05-08,2016-01-01,Marketing,Digital Officer,31223,,Off
EMP-002209,2017-03-05,,Simon,Kariuki,Male,1987-05-05,2017-03-05,Marketing,Brand Officer,90277,,Day
EMP-002210,2017-06-23,,Brian,Mwende,Male,2008-07-13,2017-06-23,Warehouse,Warehouse Manager,42123,,Night
EMP-002211,2023-05-13,,Samson,Nganga,Male,1991-07-25,2023-05-13,Warehouse,Warehouse Manager,114414,STOR-0015,Night
EMP-002212,2024-08-15,2025-06-23,Sarah,Cherono,Male,1978-08-21,2024-08-15,Finance,,101619,,Off
EMP-002212,2025-06-23,,Sarah,Cherono,Male,1978-08-21,2024-08-15,Sales,Promoter,107745,,Off
EMP-002213,2023-11-27,,Edna,Bwire,Male,1973-05-03,2023-11-27,Marketing,Digital Officer,34702,,Night
EMP-002214,2016-01-01,2020-11-26,Isaac,Ochieng,Male,2001-09-14,2016-01-01,IT,Systems Admin,40641,STOR-0008,Night
EMP-002214,2020-11-26,2022-04-20,Isaac,Ochieng,Male,2001-09-14,2016-01-01,IT,Systems Admin,46707,STOR-0008,Night
EMP-002214,2022-04-20,,Isaac,Ochieng,Male,2001-09-14,2016-01-01,HR,Recruiter,54617,STOR-0008,Night
EMP-002215,2016-01-01,,Kioko,Otieno,Male,1987-06-23,2016-01-01,Supply Chain,Procurement Officer,40534,,Day
EMP-002216,2022-09-12,,Dennis,Njeri,Female,1993-01-24,2022-09-12,Supply Chain,Supply Chain Manager,76544,,Day
EMP-002217,2016-01-01,,Derick,Oduor,Female,2005-05-10,2016-01-01,IT,Support,72454,,Night
EMP-002218,2019-11-02,,Dinah,Ndirangu,Female,1993-09-20,2019-11-02,HR,Recruiter,76316,STOR-0079,Off
EMP-002219,2023-06-01,,Joel,Mugure,Male,2002-07-27,2023-06-01,Finance,Auditor,46925,,Day
EMP-002220,2016-01-01,,Njoroge,Chirchir,Female,2007-07-29,2016-01-01,Sales,Sales Associate,63734,STOR-0066,Day
EMP-002221,2020-11-18,,Ruth,Wario,Male,1966-07-25,2020-11-18,Marketing,Brand Officer,59937,,Day
EMP-002222,2025-10-22,,Paul,Otieno,Male,1968-03-19,2025-10-22,IT,IT Manager,106628,STOR-0038,Off
EMP-002223,2022-05-08,,Abigael,Muthui,Male,1973-05-29,2022-05-08,Warehouse,Stock Keeper,56381,STOR-0073,Night
EMP-002224,2021-11-02,,Fridah,Muthoni,Male,2004-09-26,2021-11-02,Finance,Finance Manager,54479,,Day
EMP-002225,2017-02-03,2024-11-19,Kevin,Abdullahi,Male,2003-03-15,2017-02-03,Marketing,Brand Officer,112616,,Night
EMP-002225,2024-11-19,2025-12-13,Kevin,Abdullahi,Male,2003-03-15,2017-02-03,Marketing,Brand Officer,125775,,Night
EMP-002225,2025-12-13,,Kevin,Abdullahi,Male,2003-03-15,2017-02-03,Marketing,Brand Officer,151456,,Night
EMP-002226,2018-08-11,,Patrick,Ibrahim,Female,1992-02-19,2018-08-11,Supply Chain,Supply Chain Manager,77609,,Off
EMP-002227,2020-04-12,,Wanjiru,Rono,Female,1968-07-10,2020-04-12,Warehouse,Forklift Operator,73590,,Night
EMP-002228,2016-01-01,,Charles,Atieno,Female,2008-05-30,2016-01-01,Finance,Finance Manager,35364,,Night
EMP-002229,2020-10-10,,Mutinda,Njenga,Male,1961-12-07,2020-10-10,IT,IT Manager,69786,,Night
EMP-002230,2021-10-13,2023-07-13,Teresia,Karimi,Female,1974-04-20,2021-10-13,HR,Recruiter,83547,,Day
EMP-002230,2023-07-13,2025-03-26,Teresia,Karimi,Female,1974-04-20,2021-10-13,HR,Recruiter,89505,,Day
EMP-002230,2025-03-26,,Teresia,Karimi,Female,1974-04-20,2021-10-13,HR,Recruiter,95325,,Day
EMP-002231,2016-01-01,,Linet,Kinyua,Female,1983-04-26,2016-01-01,HR,HR Manager,62475,,Off
EMP-002232,2017-03-14,2026-01-09,John,Kilonzo,Male,1989-12-25,2017-03-14,Supply Chain,Procurement Officer,64452,,Night
EMP-002232,2026-01-09,,John,Kilonzo,Male,1989-12-25,2017-03-14,Supply Chain,Procurement Officer,77061,,Night
EMP-002233,2017-11-25,,Derrick,Kipkorir,Female,1999-12-23,2017-11-25,HR,HR Manager,38664,,Day
EMP-002234,2025-09-27,,Muthengi,Muchiri,Male,1980-05-21,2025-09-27,Finance,Finance Manager,43623,STOR-0021,Night
EMP-002235,2016-01-01,2024-10-16,Peter,Kiprotich,Female,1995-07-14,2016-01-01,Finance,Finance Manager,52409,,Off
EMP-002235,2024-10-16,,Peter,Kiprotich,Female,1995-07-14,2016-01-01,Finance,Finance Manager,60223,,Off
EMP-002236,2018-05-28,,Abdi,Odhiambo,Female,1961-11-22,2018-05-28,Marketing,Digital Officer,113960,,Day
EMP-002237,2016-01-01,,Lewis,Karanja,Male,1964-12-02,2016-01-01,HR,Recruiter,44344,,Night
EMP-002238,2023-07-22,2024-04-17,Samwel,Ruto,Male,1992-10-22,2023-07-22,Finance,Auditor,49680,,Day
EMP-002238,2024-04-17,,Samwel,Ruto,Male,1992-10-22,2023-07-22,Supply Chain,Procurement Officer,59003,,Day
EMP-002239,2016-01-01,,Maxwell,Mogire,Female,1984-03-12,2016-01-01,Sales,Sales Associate,73167,,Off
EMP-002240,2016-01-01,,Wycliffe,Munene,Male,1971-07-30,2016-01-01,HR,HR Officer,48354,,Day
EMP-002241,2023-13-45,2023-13-45,Antony,Wafula,Female,2023-13-45,2023-13-45,Warehouse,Warehouse Manager,80760,,Night
EMP-002241,2025-11-13,,Antony,Wafula,Female,1983-12-31,2024-11-28,Warehouse,Warehouse Manager,91821,,Night
EMP-002242,2016-01-01,,Abdi,Ahmed,Female,2007-03-19,2016-01-01,Sales,Promoter,40941,,Off
EMP-002243,2022-03-24,,Dominic,Ndirangu,Male,2005-04-21,2022-03-24,Sales,Promoter,100446,,Night
EMP-002244,2016-01-01,2023-08-02,Cyrus,Kennedy,Female,1987-03-01,2016-01-01,IT,Developer,111412,,Day
EMP-002244,2023-08-02,,Cyrus,Kennedy,Female,1987-03-01,2016-01-01,Marketing,Brand Officer,122473,,Day
EMP-002245,2016-09-20,,Amina,Chirchir,Male,1985-02-11,2016-09-20,IT,Systems Admin,25186,,Night
EMP-002246,2021-04-05,,Janet,Muthama,Male,1971-08-17,2021-04-05,Warehouse,Forklift Operator,80944,,Night
EMP-002247,2022-02-02,,Faith,Barasa,Female,1966-06-19,2022-02-02,IT,Support,30971,,Night
EMP-002248,2016-01-01,,Jane,Hassan,Male,1974-03-05,2016-01-01,Sales,Sales Associate,26855,,Day
EMP-002249,2017-09-22,,Michael,Mohamud,Female,1988-11-27,2017-09-22,IT,Systems Admin,117548,,Night
EMP-002250,2018-09-28,,Evalyne,Kiplagat,Female,1976-07-27,2018-09-28,Finance,Auditor,87714,,Night
EMP-002251,2016-01-01,,Mwangi,Mwangi,Male,1961-10-31,2016-01-01,Marketing,Marketing Manager,43564,STOR-0131,Day
EMP-002252,2018-03-12,,Gilbert,Kibet,Female,2006-08-31,2018-03-12,IT,Systems Admin,119025,,Off
EMP-002253,2016-01-01,,Francis,Emmanuel,Male,1994-11-11,2016-01-01,HR,HR Manager,74417,,Off
EMP-002254,2016-06-21,,Peter,Maina,Female,1989-11-26,2016-06-21,Sales,Senior Sales,56751,,Off
EMP-002255,2017-02-28,,Dennis,Hussein,Female,1998-11-04,2017-02-28,Marketing,Marketing Manager,94674,,Night
EMP-002256,2018-02-27,,Felix,Njuguna,Female,1983-10-04,2018-02-27,Warehouse,Warehouse Manager,88644,,Day
EMP-002257,2016-01-01,,Lydia,Haji,Female,1998-07-03,2016-01-01,Finance,Finance Manager,26776,STOR-0019,Day
EMP-002258,2022-11-02,,Samwel,Atieno,Male,2007-07-25,2022-11-02,IT,Developer,112027,,Off
EMP-002259,2021-07-03,2024-12-31,Josphine,Murimi,Female,1967-09-08,2021-07-03,Finance,Cashier,87409,,Night
EMP-002259,2024-12-31,,Josphine,Murimi,Female,1967-09-08,2021-07-03,Finance,Cashier,106098,,Night
EMP-002260,2021-02-14,,David,Karuga,Male,1991-09-16,2021-02-14,Marketing,Brand Officer,34439,,Off
EMP-002261,2018-01-19,,Sabina,Wangeci,Female,1967-10-21,2018-01-19,Marketing,Marketing Manager,100527,,Off
EMP-002262,2024-09-16,,Vivian,Mwikali,Female,1967-07-13,2024-09-16,Finance,Finance Manager,32890,,Day
EMP-002263,2018-03-14,,Tabitha,Mwangi,Male,1967-10-10,2018-03-14,Warehouse,Warehouse Manager,34321,,Off
EMP-002264,2016-01-01,,Charles,Onyango,Male,1974-07-29,2016-01-01,Sales,Promoter,99917,,Off
EMP-002265,2024-09-19,,Lydiah,Atieno,Female,1980-06-23,2024-09-19,Marketing,Brand Officer,78213,,Off
EMP-002266,2016-01-01,2018-03-07,Ann,Khaemba,Male,1994-07-07,2016-01-01,HR,HR Manager,35473,,Day
EMP-002266,2018-03-07,2019-12-26,Ann,Khaemba,Male,1994-07-07,2016-01-01,Supply Chain,Procurement Officer,42918,,Day
EMP-002266,2019-12-26,,Ann,Khaemba,Male,1994-07-07,2016-01-01,Supply Chain,Procurement Officer,51026,,Day
EMP-002267,2025-11-18,,Esther,Langat,Female,1969-12-22,2025-11-18,HR,Recruiter,56094,,Day
EMP-002268,2016-02-20,,Emmanuel,Achieng,Female,1988-11-21,2016-02-20,Sales,Senior Sales,68098,,Day
EMP-002269,2016-01-01,,Alice,Otieno,Female,1992-10-30,2016-01-01,Warehouse,Warehouse Manager,45780,,Day
EMP-002270,2021-08-26,,Wafula,Charo,Male,1966-05-26,2021-08-26,HR,Recruiter,62065,,Night
EMP-002271,2025-01-23,,Jackson,Jeptoo,Female,1988-11-03,2025-01-23,Sales,Sales Associate,43386,,Off
EMP-002272,2019-09-22,,Njoroge,Kinuthia,Female,1970-12-01,2019-09-22,Supply Chain,Supply Chain Manager,90065,,Off
EMP-002273,2019-02-14,,Brenda,Issack,Female,1976-02-16,2019-02-14,Supply Chain,Procurement Officer,75548,STOR-0110,Off
EMP-002274,2020-01-01,,Moses,Mwaura,Female,1988-06-14,2020-01-01,HR,HR Manager,71268,,Day
EMP-002275,2022-05-19,2025-10-09,Asha,Mahamed,Male,1995-09-22,2022-05-19,HR,HR Officer,49441,STOR-0113,Day
EMP-002275,2025-10-09,,Asha,Mahamed,Male,1995-09-22,2022-05-19,HR,HR Officer,54604,STOR-0113,Day
EMP-002276,2017-06-07,2024-06-22,Kyalo,Mohamed,Female,1970-07-04,2017-06-07,Sales,Customer Care,102799,,Day
EMP-002276,2024-06-22,2024-12-26,Kyalo,Mohamed,Female,1970-07-04,2017-06-07,Sales,Customer Care,120073,,Day
EMP-002276,2024-12-26,,Kyalo,Mohamed,Female,1970-07-04,2017-06-07,Sales,Customer Care,134745,,Day
EMP-002277,2024-07-22,,Purity,Ngetich,Male,1965-05-02,2024-07-22,Warehouse,Forklift Operator,64283,,Day
EMP-002278,2020-10-13,2024-12-19,Daniel,Karanja,Female,1971-10-13,2020-10-13,Finance,,79256,,Day
EMP-002278,2024-12-19,2025-07-10,Daniel,Karanja,Female,1971-10-13,2020-10-13,Finance,Cashier,84670,,Day
EMP-002278,2025-07-10,,Daniel,Karanja,Female,1971-10-13,2020-10-13,Finance,Cashier,104437,,Day
EMP-002279,2019-12-09,,Wanjala,Mwangi,Male,2004-04-01,2019-12-09,Supply Chain,Procurement Officer,65023,,Night
EMP-002280,2017-12-28,,Wanjiru,Kahindi,Male,2003-07-31,2017-12-28,Finance,Cashier,100801,,Day
EMP-002281,2023-05-01,,Jeptoo,Sikuku,Female,1995-12-21,2023-05-01,IT,Systems Admin,44150,,Off
EMP-002282,2016-01-01,,Jemimah,Gitonga,Female,2006-12-07,2016-01-01,HR,HR Officer,53642,STOR-0137,Off
EMP-002283,2023-13-45,2023-13-45,Margaret,Ndichu,Female,2023-13-45,2023-13-45,Sales,Sales Associate,99843,,Day
EMP-002284,2025-01-16,,Edith,Otieno,Male,1979-08-21,2025-01-16,Finance,Cashier,92970,,Night
EMP-002285,2021-06-16,2024-12-04,Emmaculate,Njogu,Female,1970-08-05,2021-06-16,Supply Chain,Logistics Officer,42289,STOR-0033,Day
EMP-002285,2024-12-04,,Emmaculate,Njogu,Female,1970-08-05,2021-06-16,Supply Chain,Logistics Officer,45560,STOR-0033,Day
EMP-002286,2023-05-13,2025-09-25,Jeremiah,Kirimi,Female,1997-08-24,2023-05-13,Sales,Promoter,119835,,Off
EMP-002286,2025-09-25,,Jeremiah,Kirimi,Female,1997-08-24,2023-05-13,Sales,Promoter,148601,,Off
EMP-002287,2016-01-01,,Nancy,Kimotho,Female,2004-09-29,2016-01-01,Sales,Promoter,85485,,Night
EMP-002288,2016-06-19,,Boniface,Wafula,Female,1981-02-12,2016-06-19,Finance,Auditor,25303,,Night
EMP-002289,2016-02-09,,Daniel,Kiplangat,Male,1987-02-20,2016-02-09,Marketing,Brand Officer,97423,,Night
EMP-002290,2022-04-03,,Eunice,Tsuma,Female,1969-03-04,2022-04-03,Sales,Promoter,96046,,Day
EMP-002291,2016-01-01,,Japhet,Momanyi,Female,1975-02-22,2016-01-01,HR,HR Manager,112916,,Day
EMP-002292,2019-08-10,2022-12-30,Kelvin,Wainaina,Male,1996-01-28,2019-08-10,Warehouse,Stock Keeper,78290,,Day
EMP-002292,2022-12-30,,Kelvin,Wainaina,Male,1996-01-28,2019-08-10,HR,HR Officer,89188,,Day
EMP-002293,2022-09-27,,Sarah,Wanjiku,Female,1962-07-01,2022-09-27,Sales,,97373,,Off
EMP-002294,2018-07-25,,Maurine,Wamalwa,Male,1978-03-15,2018-07-25,IT,IT Manager,45052,STOR-0023,Off
EMP-002295,2023-13-45,2023-13-45,Amos,Osoro,Female,2023-13-45,2023-13-45,HR,Recruiter,49683,STOR-0078,Day
EMP-002296,2016-01-01,,Zainab,Omondi,Male,1964-09-04,2016-01-01,Supply Chain,Supply Chain Manager,31151,,Off
EMP-002297,2023-07-11,2024-10-08,Sylvia,Njuguna,Female,1995-02-18,2023-07-11,Warehouse,Forklift Operator,69141,,Day
EMP-002297,2024-10-08,,Sylvia,Njuguna,Female,1995-02-18,2023-07-11,Warehouse,Loader,75158,,Day
EMP-002298,2016-01-01,,Emmanuel,Biwott,Male,1969-02-01,2016-01-01,Finance,Auditor,100185,STOR-0056,Day
EMP-002299,2016-01-01,,Karanja,Opiyo,Male,1960-12-14,2016-01-01,Finance,Auditor,86400,,Off
EMP-002300,2024-06-27,,Wangui,Mwendia,Female,2000-03-05,2024-06-27,Sales,Senior Sales,80950,,Night
EMP-002301,2020-04-24,2025-05-04,Githinji,Kang'ethe,Female,2003-04-26,2020-04-24,Sales,,61437,,Day
EMP-002301,2025-05-04,,Githinji,Kang'ethe,Female,2003-04-26,2020-04-24,Sales,Promoter,71167,,Day
EMP-002302,2025-03-08,2025-10-29,Yvonne,Adan,Female,1980-12-16,2025-03-08,Sales,Promoter,60501,,Day
EMP-002302,2025-10-29,,Yvonne,Adan,Female,1980-12-16,2025-03-08,Sales,Promoter,74088,,Day
EMP-002303,2016-01-01,2018-11-15,Jane,Odoyo,Male,1999-07-30,2016-01-01,Marketing,Marketing Manager,46418,,Day
EMP-002303,2018-11-15,2025-06-10,Jane,Odoyo,Male,1999-07-30,2016-01-01,Marketing,Marketing Manager,55536,,Day
EMP-002303,2025-06-10,,Jane,Odoyo,Male,1999-07-30,2016-01-01,Marketing,Marketing Manager,67271,,Day
EMP-002304,2018-11-18,,Alfred,Njau,Female,1967-10-05,2018-11-18,HR,HR Officer,38315,,Night
EMP-002305,2020-05-14,,Gideon,Njagi,Female,1985-03-08,2020-05-14,Sales,Promoter,59564,,Night
EMP-002306,2024-03-26,,Albert,Wambui,Male,1989-07-26,2024-03-26,Marketing,Brand Officer,107434,,Off
EMP-002307,2016-01-01,,Charity,Ochieng,Male,1964-10-30,2016-01-01,IT,IT Manager,101668,,Night
EMP-002308,2018-09-24,2023-01-07,Festus,Hassan,Female,1975-03-20,2018-09-24,Marketing,Marketing Manager,57427,,Off
EMP-002308,2023-01-07,,Festus,Hassan,Female,1975-03-20,2018-09-24,Marketing,Marketing Manager,67864,,Off
EMP-002309,2016-01-01,2026-01-01,Daniel,Salim,Male,1988-01-03,2016-01-01,Sales,Sales Associate,94588,,Off
EMP-002309,2026-01-01,,Daniel,Salim,Male,1988-01-03,2016-01-01,IT,Support,112413,,Off
EMP-002310,2016-01-01,,Raymond,Ngugi,Male,1978-07-18,2016-01-01,Sales,Senior Sales,63187,,Off
EMP-002311,2021-02-19,,Carlos,Waithira,Male,1990-07-19,2021-02-19,IT,Developer,116022,,Off
EMP-002312,2025-02-06,2026-01-11,Caroline,Kageha,Male,1988-12-20,2025-02-06,Warehouse,Loader,89517,STOR-0066,Day
EMP-002312,2026-01-11,,Caroline,Kageha,Male,1988-12-20,2025-02-06,Warehouse,Loader,109196,STOR-0066,Day
EMP-002313,2016-01-01,,Francis,Murithi,Male,1993-08-02,2016-01-01,Finance,Finance Manager,43919,,Day
EMP-002314,2018-10-21,,Lilian,Hassan,Female,2008-07-17,2018-10-21,HR,HR Manager,50598,,Day
EMP-002315,2016-05-10,,Aden,Issack,Male,2007-11-10,2016-05-10,Finance,,27427,,Off
EMP-002316,2016-01-01,,Isaac,Mungai,Female,1971-04-10,2016-01-01,Sales,Promoter,26353,STOR-0097,Off
EMP-002317,2020-04-26,,Rukia,Chepkoech,Male,1968-09-05,2020-04-26,Marketing,Brand Officer,90121,,Off
EMP-002318,2023-11-22,2025-03-03,Mary,Akoth,Female,1968-10-28,2023-11-22,Warehouse,Loader,103346,,Night
EMP-002318,2025-03-03,,Mary,Akoth,Female,1968-10-28,2023-11-22,Warehouse,Loader,113673,,Night
EMP-002319,2025-06-26,,Nyakundi,Mwangi,Female,1971-01-12,2025-06-26,Warehouse,Loader,72014,,Day
EMP-002320,2021-09-03,,Dennis,Omar,Female,1986-01-30,2021-09-03,Warehouse,Loader,28640,,Off
EMP-002321,2016-01-01,2018-11-29,Joel,Said,Male,1970-04-28,2016-01-01,Sales,Sales Associate,67281,STOR-0106,Day
EMP-002321,2018-11-29,2026-01-26,Joel,Said,Male,1970-04-28,2016-01-01,Sales,Sales Associate,77230,STOR-0106,Day
EMP-002321,2026-01-26,,Joel,Said,Male,1970-04-28,2016-01-01,Marketing,Digital Officer,84508,STOR-0106,Day
EMP-002322,2017-07-08,,Karani,Mwangi,Female,1981-05-13,2017-07-08,HR,HR Officer,119398,,Off
EMP-002323,2016-01-01,,Mariam,Ouma,Female,1993-11-11,2016-01-01,HR,HR Manager,68938,,Off
EMP-002324,2016-01-01,2017-04-02,John,Cheptoo,Female,1965-03-13,2016-01-01,Marketing,Marketing Manager,54233,,Day
EMP-002324,2017-04-02,,John,Cheptoo,Female,1965-03-13,2016-01-01,Supply Chain,Procurement Officer,67657,,Day
EMP-002325,2016-01-01,,Njuguna,Noor,Male,1999-02-06,2016-01-01,Warehouse,Warehouse Manager,47661,,Night
EMP-002326,2021-09-05,,Owino,Chepkemoi,Male,1986-04-10,2021-09-05,Supply Chain,Supply Chain Manager,96229,,Night
EMP-002327,2016-01-01,,Tonny,Kipkurui,Female,2001-10-25,2016-01-01,IT,IT Manager,94578,,Off
EMP-002328,2019-05-25,,Victor,Abdi,Female,2003-11-29,2019-05-25,Warehouse,Warehouse Manager,30581,,Day
EMP-002329,2024-11-17,,Johnson,Cherono,Female,1991-02-27,2024-11-17,HR,HR Manager,66114,,Off
EMP-002330,2019-07-24,2025-05-14,Wanjiru,Mutugi,Female,1966-09-04,2019-07-24,Finance,Accountant,103091,,Day
EMP-002330,2023-13-45,2023-13-45,Wanjiru,Mutugi,Female,2023-13-45,2023-13-45,Finance,Accountant,127710,,Day
EMP-002331,2023-03-06,2025-05-08,Jane,Akoth,Male,1976-06-10,2023-03-06,Sales,Promoter,48989,,Off
EMP-002331,2025-05-08,2025-12-06,Jane,Akoth,Male,1976-06-10,2023-03-06,Sales,Promoter,51824,,Off
EMP-002331,2025-12-06,,Jane,Akoth,Male,1976-06-10,2023-03-06,Finance,Finance Manager,61728,,Off
EMP-002332,2019-12-16,,Billy,Misiko,Male,1990-10-02,2019-12-16,IT,IT Manager,36802,,Off
EMP-002333,2018-10-23,2025-04-26,Rose,Wambugu,Female,1971-11-14,2018-10-23,IT,IT Manager,110418,,Off
EMP-002333,2025-04-26,,Rose,Wambugu,Female,1971-11-14,2018-10-23,IT,IT Manager,136371,,Off
EMP-002334,2023-07-14,,Joseph,Muema,Male,1981-08-13,2023-07-14,Sales,Promoter,117567,,Day
EMP-002335,2016-01-01,,Odongo,Juma,Male,1998-08-30,2016-01-01,Warehouse,Forklift Operator,49713,STOR-0001,Night
EMP-002336,2016-01-01,,Stephen,Bulle,Female,1997-06-21,2016-01-01,IT,Systems Admin,97067,,Night
EMP-002337,2023-10-06,,Phelix,Odhiambo,Male,1999-05-28,2023-10-06,Marketing,Digital Officer,105145,,Night
EMP-002338,2016-01-01,,Ndung'u,Tonui,Female,1994-10-21,2016-01-01,HR,HR Manager,54771,,Off
EMP-002339,2022-11-26,2024-02-28,Peris,Juma,Male,1996-10-16,2022-11-26,Warehouse,Loader,88393,,Off
EMP-002339,2024-02-28,2024-09-09,Peris,Juma,Male,1996-10-16,2022-11-26,Sales,Senior Sales,96004,,Off
EMP-002339,2024-09-09,,Peris,Juma,Male,1996-10-16,2022-11-26,Sales,Senior Sales,111709,,Off
EMP-002340,2024-02-08,,Eric,Muthoni,Female,2000-01-14,2024-02-08,HR,HR Officer,64938,STOR-0028,Day
EMP-002341,2016-01-01,,Isaiah,Khisa,Male,2001-11-23,2016-01-01,Supply Chain,Procurement Officer,51361,STOR-0040,Day
EMP-002342,2021-03-15,,Bonface,Wanjohi,Male,1994-01-16,2021-03-15,Marketing,Digital Officer,33296,,Night
EMP-002343,2022-08-16,,Monica,Mohamed,Male,1990-05-04,2022-08-16,HR,HR Manager,110281,,Off
EMP-002344,2016-01-01,,Simon,Mohamed,Male,1996-07-10,2016-01-01,IT,IT Manager,110745,,Day
EMP-002345,2024-10-15,,Geoffrey,Njuguna,Male,1968-05-26,2024-10-15,HR,HR Manager,85377,STOR-0029,Night
EMP-002346,2017-09-23,,Jepchumba,Momanyi,Female,1980-01-07,2017-09-23,Finance,Cashier,111604,,Off
EMP-002347,2022-07-12,,Kevin,Cheruiyot,Male,1966-09-12,2022-07-12,Marketing,Brand Officer,94974,,Day
EMP-002348,2016-01-01,,Michael,Yakub,Female,2006-10-11,2016-01-01,HR,HR Manager,65376,,Off
EMP-002349,2020-06-08,2022-06-21,Vincent,Ngeno,Male,1982-09-26,2020-06-08,IT,Developer,112970,,Off
EMP-002349,2022-06-21,2023-01-29,Vincent,Ngeno,Male,1982-09-26,2020-06-08,Finance,Finance Manager,139303,,Off
EMP-002349,2023-01-29,,Vincent,Ngeno,Male,1982-09-26,2020-06-08,Supply Chain,Logistics Officer,147213,,Off
EMP-002350,2024-05-21,,Lilian,Koech,Male,1967-04-27,2024-05-21,HR,HR Manager,105916,,Off
EMP-002351,2016-01-01,,Bonface,Kirui,Female,1982-08-30,2016-01-01,IT,Support,88495,,Day
EMP-002352,2019-11-22,,Benard,Nzilani,Female,1968-10-30,2019-11-22,HR,Recruiter,98288,,Off
EMP-002353,2022-05-03,2025-04-27,David,Mutua,Female,2001-03-23,2022-05-03,IT,Systems Admin,104726,,Night
EMP-002353,2025-04-27,2025-11-15,David,Mutua,Female,2001-03-23,2022-05-03,IT,Systems Admin,124569,,Night
EMP-002353,2025-11-15,,David,Mutua,Female,2001-03-23,2022-05-03,IT,Systems Admin,138205,,Night
EMP-002354,2020-04-13,,Musyoki,Muthomi,Female,1986-10-20,2020-04-13,Marketing,Digital Officer,95311,,Day
EMP-002355,2016-01-01,,Selina,Simiyu,Female,1982-04-06,2016-01-01,Finance,Accountant,104289,,Off
EMP-002356,2016-01-01,2016-12-25,Kiprotich,Mburu,Female,1993-07-19,2016-01-01,Sales,Sales Associate,46499,,Night
EMP-002356,2016-12-25,2024-05-29,Kiprotich,Mburu,Female,1993-07-19,2016-01-01,Sales,Sales Associate,57420,,Night
EMP-002356,2024-05-29,,Kiprotich,Mburu,Female,1993-07-19,2016-01-01,IT,IT Manager,71442,,Night
EMP-002357,2016-01-01,2021-01-26,Mercy,Jepngetich,Male,1961-11-12,2016-01-01,Supply Chain,,71998,,Day
EMP-002357,2021-01-26,,Mercy,Jepngetich,Male,1961-11-12,2016-01-01,Supply Chain,Procurement Officer,89194,,Day
EMP-002358,2025-05-22,,Mutiso,Nganga,Female,1967-07-05,2025-05-22,Supply Chain,Logistics Officer,97229,,Off
EMP-002359,2016-01-01,,Denis,Muchiri,Female,1969-02-22,2016-01-01,HR,HR Manager,26909,,Night
EMP-002360,2016-01-01,,Joel,Mburu,Male,1966-04-23,2016-01-01,Sales,Customer Care,119398,,Off
EMP-002361,2016-01-12,2022-11-15,Daisy,John,Female,1970-04-15,2016-01-12,HR,Recruiter,37725,,Off
EMP-002361,2022-11-15,2025-08-30,Daisy,John,Female,1970-04-15,2016-01-12,Marketing,Brand Officer,43189,,Off
EMP-002361,2025-08-30,,Daisy,John,Female,1970-04-15,2016-01-12,Marketing,Brand Officer,52794,,Off
EMP-002362,2016-01-01,,June,Baraka,Female,1997-03-06,2016-01-01,HR,HR Officer,27556,,Off
EMP-002363,2016-01-01,2024-03-06,Stellah,Nyabuti,Female,1998-05-18,2016-01-01,Marketing,Marketing Manager,81063,,Off
EMP-002363,2024-03-06,,Stellah,Nyabuti,Female,1998-05-18,2016-01-01,Marketing,Marketing Manager,98808,,Off
EMP-002364,2019-05-05,,Brian,Simon,Female,2002-11-03,2019-05-05,IT,,76563,,Off
EMP-002365,2022-06-06,2023-03-06,Juma,Gichana,Female,1960-08-20,2022-06-06,Finance,Accountant,74522,,Day
EMP-002365,2023-03-06,2025-09-20,Juma,Gichana,Female,1960-08-20,2022-06-06,IT,Support,83004,,Day
EMP-002365,2025-09-20,,Juma,Gichana,Female,1960-08-20,2022-06-06,IT,Support,100914,,Day
EMP-002366,2020-07-25,,Eric,Adhiambo,Male,2006-11-15,2020-07-25,Warehouse,Loader,48697,,Day
EMP-002367,2019-08-26,,Enock,Njoki,Male,2003-08-15,2019-08-26,Sales,Customer Care,90392,,Night
EMP-002368,2020-06-20,,Isaac,Chumba,Female,1979-09-29,2020-06-20,Warehouse,Forklift Operator,67763,,Day
EMP-002369,2016-01-01,2017-09-06,Brian,Munga,Female,1998-12-01,2016-01-01,Sales,Promoter,62679,,Night
EMP-002369,2017-09-06,,Brian,Munga,Female,1998-12-01,2016-01-01,Supply Chain,Logistics Officer,66276,,Night
EMP-002370,2016-01-01,,Ahmed,Ngugi,Male,1968-12-19,2016-01-01,HR,HR Manager,111299,,Day
EMP-002371,2025-04-25,,Millicent,Kimanzi,Male,1979-08-13,2025-04-25,Marketing,Marketing Manager,108008,,Day
EMP-002372,2017-10-12,,Gloria,Ouma,Female,1994-12-14,2017-10-12,IT,Developer,118371,,Off
EMP-002373,2019-03-22,2022-08-17,Teresiah,Anyango,Male,2007-01-06,2019-03-22,Supply Chain,Supply Chain Manager,43342,,Night
EMP-002373,2022-08-17,,Teresiah,Anyango,Male,2007-01-06,2019-03-22,Finance,Auditor,50677,,Night
EMP-002374,2016-01-01,2021-02-19,Mercy,Muthami,Female,1991-05-29,2016-01-01,Sales,Customer Care,31845,,Off
EMP-002374,2021-02-19,2023-09-21,Mercy,Muthami,Female,1991-05-29,2016-01-01,Sales,Customer Care,34902,,Off
EMP-002374,2023-09-21,,Mercy,Muthami,Female,1991-05-29,2016-01-01,Sales,Customer Care,37488,,Off
EMP-002375,2019-05-16,2023-10-10,Jane,Wangui,Female,1974-12-07,2019-05-16,Warehouse,Stock Keeper,108706,,Day
EMP-002375,2023-10-10,2025-07-16,Jane,Wangui,Female,1974-12-07,2019-05-16,Warehouse,Stock Keeper,115814,,Day
EMP-002375,2025-07-16,,Jane,Wangui,Female,1974-12-07,2019-05-16,Warehouse,Stock Keeper,137732,,Day
EMP-002376,2021-10-10,,Gideon,Nur,Male,1969-09-12,2021-10-10,Marketing,Digital Officer,85222,,Night
EMP-002377,2016-01-01,2016-07-25,Sharon,Otieno,Male,1993-01-10,2016-01-01,HR,,95033,,Day
EMP-002377,2016-07-25,,Sharon,Otieno,Male,1993-01-10,2016-01-01,HR,HR Officer,106244,,Day
EMP-002378,2016-01-01,,Patricia,Musau,Male,1988-09-18,2016-01-01,Warehouse,Loader,80983,STOR-0132,Night
EMP-002379,2016-01-01,2023-03-05,Nganga,Kiplimo,Male,1993-11-15,2016-01-01,Warehouse,Forklift Operator,96212,,Day
EMP-002379,2023-03-05,2025-12-14,Nganga,Kiplimo,Male,1993-11-15,2016-01-01,Warehouse,Forklift Operator,114968,,Day
EMP-002379,2025-12-14,,Nganga,Kiplimo,Male,1993-11-15,2016-01-01,Warehouse,Forklift Operator,122219,,Day
EMP-002380,2020-03-04,2021-04-28,Daniel,Ogolla,Male,2004-12-01,2020-03-04,HR,HR Officer,65072,,Off
EMP-002380,2021-04-28,2022-01-29,Daniel,Ogolla,Male,2004-12-01,2020-03-04,Warehouse,Forklift Operator,72428,,Off
EMP-002380,2022-01-29,,Daniel,Ogolla,Male,2004-12-01,2020-03-04,Sales,Sales Associate,83864,,Off
EMP-002381,2021-07-22,,Linda,Kaingu,Male,1990-11-22,2021-07-22,HR,HR Manager,63343,,Night
EMP-002382,2024-12-13,2025-10-28,Grace,Awuor,Female,1986-03-18,2024-12-13,Warehouse,Forklift Operator,102181,STOR-0080,Day
EMP-002382,2025-10-28,,Grace,Awuor,Female,1986-03-18,2024-12-13,Warehouse,Forklift Operator,123449,STOR-0080,Day
EMP-002383,2022-11-26,,Suleiman,Nzioki,Female,2008-01-12,2022-11-26,HR,Recruiter,69755,,Off
EMP-002384,2016-01-01,,Lenah,Juma,Male,1985-10-23,2016-01-01,IT,Developer,87874,,Day
EMP-002385,2020-03-04,,Belinda,Kemboi,Male,1975-09-03,2020-03-04,Marketing,Marketing Manager,95818,,Off
EMP-002386,2016-01-01,,Diana,Keter,Female,2006-11-29,2016-01-01,HR,Recruiter,92449,,Night
EMP-002387,2021-08-06,,Sophia,Musyoka,Female,1966-09-21,2021-08-06,IT,Developer,89261,,Off
EMP-002388,2016-01-01,,Abigael,Mwanzia,Male,1975-08-25,2016-01-01,Warehouse,Loader,34366,,Off
EMP-002389,2016-01-01,,Martin,Kiplagat,Male,1985-04-20,2016-01-01,IT,Systems Admin,108794,,Night
EMP-002390,2016-01-01,,Peter,Mohamud,Female,2008-07-05,2016-01-01,IT,Developer,59431,STOR-0026,Night
EMP-002391,2023-08-25,2025-11-19,Ann,Muthoni,Male,1973-12-10,2023-08-25,Supply Chain,Procurement Officer,93560,STOR-0134,Day
EMP-002391,2025-11-19,,Ann,Muthoni,Male,1973-12-10,2023-08-25,Sales,Promoter,104202,STOR-0134,Day
EMP-002392,2023-09-04,,Sharon,Onyango,Female,1979-06-22,2023-09-04,Supply Chain,Procurement Officer,100775,,Night
EMP-002393,2023-13-45,2023-13-45,Jesse,Kiplagat,Male,2023-13-45,2023-13-45,Sales,Sales Associate,105897,,Off
EMP-002394,2016-01-01,,Patrick,Munga,Male,2006-05-05,2016-01-01,IT,IT Manager,73549,,Off
EMP-002395,2016-04-27,,Lucy,Nekesa,Female,1965-01-17,2016-04-27,Supply Chain,Supply Chain Manager,36721,,Off
EMP-002396,2024-12-01,,Musee,Oketch,Male,1969-04-09,2024-12-01,Supply Chain,Logistics Officer,66735,,Off
EMP-002397,2016-01-01,2025-05-23,Fredrick,Odongo,Male,1976-02-11,2016-01-01,Supply Chain,Logistics Officer,35462,,Off
EMP-002397,2025-05-23,2026-01-28,Fredrick,Odongo,Male,1976-02-11,2016-01-01,Supply Chain,Logistics Officer,41674,,Off
EMP-002397,2026-01-28,,Fredrick,Odongo,Male,1976-02-11,2016-01-01,Supply Chain,Logistics Officer,51142,,Off
EMP-002398,2021-02-08,,Lydia,Wafula,Female,2006-09-26,2021-02-08,Marketing,Brand Officer,30539,,Off
EMP-002399,2016-01-01,,Joseph,Lemayian,Male,2006-09-20,2016-01-01,Finance,Accountant,42777,,Off
EMP-002400,2016-01-01,2024-03-19,Kinyanjui,Cheruiyot,Female,1998-09-18,2016-01-01,Supply Chain,Logistics Officer,90036,,Night
EMP-002400,2024-03-19,2024-09-16,Kinyanjui,Cheruiyot,Female,1998-09-18,2016-01-01,Supply Chain,Logistics Officer,105627,,Night
EMP-002400,2024-09-16,,Kinyanjui,Cheruiyot,Female,1998-09-18,2016-01-01,Supply Chain,Logistics Officer,115829,,Night
EMP-002401,2022-10-08,,Tracy,Mwita,Female,2004-10-31,2022-10-08,Warehouse,Stock Keeper,56718,,Day
EMP-002402,2020-07-03,,David,Mogire,Female,1990-01-13,2020-07-03,Finance,Cashier,84029,,Day
EMP-002403,2022-04-19,2025-09-06,Kemunto,Mburu,Female,1968-11-18,2022-04-19,HR,HR Officer,49371,,Day
EMP-002403,2025-09-06,,Kemunto,Mburu,Female,1968-11-18,2022-04-19,HR,HR Officer,52080,,Day
EMP-002404,2016-01-01,,Maxwel,Kiplagat,Female,1995-10-19,2016-01-01,Supply Chain,Logistics Officer,56455,,Day
EMP-002405,2023-11-13,,Sarah,Joshua,Male,1975-11-18,2023-11-13,HR,HR Manager,69972,STOR-0076,Day
EMP-002406,2018-05-03,,Brian,Nyamu,Female,1996-10-30,2018-05-03,Supply Chain,Logistics Officer,114516,,Day
EMP-002407,2020-11-07,,Karanja,Otieno,Female,1973-11-04,2020-11-07,Finance,Cashier,78686,,Day
EMP-002408,2016-01-01,2020-05-01,Adan,Thoya,Male,1962-04-29,2016-01-01,IT,IT Manager,42743,,Day
EMP-002408,2020-05-01,,Adan,Thoya,Male,1962-04-29,2016-01-01,IT,IT Manager,52318,,Day
EMP-002409,2016-07-05,,Hawa,Rono,Female,1965-08-31,2016-07-05,Supply Chain,Logistics Officer,38428,,Night
EMP-002410,2016-01-01,,Margret,Wafula,Female,1983-01-01,2016-01-01,IT,Systems Admin,102591,,Day
EMP-002411,2016-01-01,,Hussein,Ondieki,Female,1967-03-08,2016-01-01,HR,Recruiter,116117,,Off
EMP-002412,2016-01-01,,Peter,Muriithi,Male,1962-03-27,2016-01-01,IT,Developer,105434,,Night
EMP-002413,2016-01-01,2020-10-01,Athuman,Ondieki,Female,1983-05-08,2016-01-01,Supply Chain,Supply Chain Manager,95469,,Night
EMP-002413,2020-10-01,2023-05-06,Athuman,Ondieki,Female,1983-05-08,2016-01-01,Supply Chain,Supply Chain Manager,100648,,Night
EMP-002413,2023-05-06,,Athuman,Ondieki,Female,1983-05-08,2016-01-01,Supply Chain,Supply Chain Manager,123287,,Night
EMP-002414,2016-01-21,,Mohamed,Mutua,Female,1983-10-16,2016-01-21,HR,HR Officer,98393,STOR-0028,Night
EMP-002415,2016-01-01,,Amina,Toroitich,Female,1995-12-18,2016-01-01,Warehouse,Warehouse Manager,91487,,Off
EMP-002416,2017-12-08,2023-09-12,Janet,Titus,Female,2001-06-05,2017-12-08,Warehouse,Forklift Operator,62219,,Night
EMP-002416,2023-09-12,2025-02-13,Janet,Titus,Female,2001-06-05,2017-12-08,Warehouse,Forklift Operator,71911,,Night
EMP-002416,2025-02-13,,Janet,Titus,Female,2001-06-05,2017-12-08,Warehouse,Forklift Operator,89012,,Night
EMP-002417,2016-01-01,,Irene,Ondieki,Male,1999-12-30,2016-01-01,Finance,Finance Manager,92194,,Night
EMP-002418,2016-01-01,,Emmanuel,Fundi,Male,1962-11-13,2016-01-01,Finance,Cashier,46870,,Day
EMP-002419,2017-02-20,2018-03-09,Alfred,Julius,Male,2007-10-13,2017-02-20,Sales,Customer Care,84009,,Day
EMP-002419,2018-03-09,2025-05-02,Alfred,Julius,Male,2007-10-13,2017-02-20,Sales,Customer Care,101630,,Day
EMP-002419,2025-05-02,,Alfred,Julius,Male,2007-10-13,2017-02-20,Sales,Customer Care,126995,,Day
EMP-002420,2025-12-19,,Paul,Waruguru,Male,1990-09-02,2025-12-19,Supply Chain,Logistics Officer,60666,,Day
EMP-002421,2016-01-01,,David,Njogu,Male,1989-12-26,2016-01-01,HR,HR Officer,105756,,Off
EMP-002422,2018-09-15,,James,Kwamboka,Male,1998-08-28,2018-09-15,Sales,Senior Sales,44794,,Night
EMP-002423,2016-03-06,2018-04-20,David,Gichuhi,Female,1987-12-07,2016-03-06,Finance,Accountant,90012,,Day
EMP-002423,2018-04-20,,David,Gichuhi,Female,1987-12-07,2016-03-06,Finance,Accountant,100826,,Day
EMP-002424,2016-01-01,,Faith,Kirui,Male,2001-05-26,2016-01-01,Sales,Sales Associate,29645,,Night
EMP-002425,2022-04-02,,Dorcas,Kendi,Male,1991-06-15,2022-04-02,HR,HR Manager,44570,,Night
EMP-002426,2016-01-01,,Elvis,Komen,Male,2002-10-21,2016-01-01,Sales,Sales Associate,102929,,Day
EMP-002427,2016-01-01,2016-12-07,Faith,Mutuku,Female,2006-08-02,2016-01-01,Finance,Finance Manager,78643,STOR-0150,Day
EMP-002427,2016-12-07,2025-02-24,Faith,Mutuku,Female,2006-08-02,2016-01-01,Finance,Finance Manager,94641,STOR-0150,Day
EMP-002427,2025-02-24,,Faith,Mutuku,Female,2006-08-02,2016-01-01,Finance,Accountant,106980,,Day
EMP-002428,2016-01-01,2018-03-29,Ng'ang'a,Nyabuto,Male,1967-12-13,2016-01-01,Warehouse,Stock Keeper,98804,STOR-0007,Night
EMP-002428,2018-03-29,2018-11-02,Ng'ang'a,Nyabuto,Male,1967-12-13,2016-01-01,Warehouse,Stock Keeper,113226,STOR-0007,Night
EMP-002428,2018-11-02,,Ng'ang'a,Nyabuto,Male,1967-12-13,2016-01-01,Warehouse,Stock Keeper,133097,STOR-0007,Night
EMP-002429,2024-03-06,,Mutai,Maina,Male,1973-10-10,2024-03-06,Sales,Sales Associate,51764,,Night
EMP-002430,2016-01-01,,Rehema,Juma,Female,1995-03-25,2016-01-01,HR,HR Manager,49331,,Night
EMP-002431,2023-02-16,,Benard,Gitonga,Female,2002-11-06,2023-02-16,Sales,Promoter,96717,,Day
EMP-002432,2024-05-10,,Harrison,Abdullahi,Male,1963-08-07,2024-05-10,Warehouse,Forklift Operator,32050,STOR-0038,Day
EMP-002433,2016-01-01,,James,Rotich,Female,1990-04-05,2016-01-01,Warehouse,Warehouse Manager,109927,,Day
EMP-002434,2018-02-05,,Aden,Maingi,Male,1984-12-10,2018-02-05,Marketing,Digital Officer,27230,,Night
EMP-002435,2025-03-13,,Omondi,Maithya,Female,1970-07-05,2025-03-13,IT,IT Manager,52294,,Night
EMP-002436,2020-02-08,,Kevin,Nyambura,Female,1983-12-07,2020-02-08,Warehouse,Forklift Operator,78605,,Night
EMP-002437,2016-01-01,,Juma,Rugut,Female,1995-10-30,2016-01-01,Finance,Cashier,115707,,Off
EMP-002438,2016-01-01,,Micheal,Kinya,Female,1964-07-01,2016-01-01,Sales,Sales Associate,66899,STOR-0138,Off
EMP-002439,2016-01-01,,Robert,Nelima,Male,1998-09-02,2016-01-01,HR,HR Officer,62425,,Off
EMP-002440,2025-09-14,,Fridah,Rono,Female,1973-11-23,2025-09-14,Supply Chain,Logistics Officer,113403,,Day
EMP-002441,2016-01-01,,Jepkorir,Karani,Male,1974-04-18,2016-01-01,Finance,Cashier,84793,,Off
EMP-002442,2016-01-01,2024-08-02,Dorcas,Mutuku,Female,2006-01-17,2016-01-01,IT,IT Manager,89316,,Off
EMP-002442,2024-08-02,2025-10-25,Dorcas,Mutuku,Female,2006-01-17,2016-01-01,IT,IT Manager,109388,,Off
EMP-002442,2025-10-25,,Dorcas,Mutuku,Female,2006-01-17,2016-01-01,IT,IT Manager,136386,,Off
EMP-002443,2022-10-24,,Christine,Ng'ang'a,Male,2007-09-20,2022-10-24,Marketing,Digital Officer,51424,,Off
EMP-002444,2020-04-09,,Mark,Chepngeno,Male,1983-06-10,2020-04-09,IT,Developer,91828,,Night
EMP-002445,2016-01-01,2018-04-11,Faith,Kioko,Male,1971-08-23,2016-01-01,IT,Support,66754,,Day
EMP-002445,2018-04-11,,Faith,Kioko,Male,1971-08-23,2016-01-01,IT,Support,80348,,Day
EMP-002446,2016-01-01,,Albert,Ndanu,Male,1963-06-21,2016-01-01,Marketing,Brand Officer,114957,STOR-0038,Day
EMP-002447,2016-01-01,,Cheruiyot,Muktar,Female,2004-01-25,2016-01-01,Warehouse,Warehouse Manager,32990,,Off
EMP-002448,2019-12-23,2022-04-13,Erick,Hussein,Male,2003-01-21,2019-12-23,HR,Recruiter,56361,,Off
EMP-002448,2022-04-13,,Erick,Hussein,Male,2003-01-21,2019-12-23,HR,Recruiter,63888,,Off
EMP-002449,2016-01-01,,Robert,Nzioka,Female,1983-02-27,2016-01-01,Sales,Sales Associate,100975,STOR-0024,Night
EMP-002450,2017-03-22,,Winnie,Chelangat,Male,1987-11-03,2017-03-22,HR,HR Manager,84866,,Off
EMP-002451,2023-13-45,2023-13-45,George,Dagane,Female,2023-13-45,2023-13-45,IT,Developer,64348,,Day
EMP-002452,2025-05-13,,John,Musyoka,Female,1998-05-06,2025-05-13,Warehouse,Warehouse Manager,31640,,Off
EMP-002453,2017-04-14,2023-02-23,Dennis,Wairimu,Female,1973-10-29,2017-04-14,Sales,Sales Associate,119766,,Night
EMP-002453,2023-02-23,,Dennis,Wairimu,Female,1973-10-29,2017-04-14,Sales,Customer Care,135847,,Night
EMP-002454,2021-12-09,,Javan,Issak,Male,1963-08-03,2021-12-09,Finance,Finance Manager,100147,STOR-0080,Day
EMP-002455,2018-11-01,2020-10-22,Prudence,Achieng,Male,1979-12-07,2018-11-01,Sales,Customer Care,51667,,Day
EMP-002455,2020-10-22,2023-03-01,Prudence,Achieng,Male,1979-12-07,2018-11-01,Sales,Customer Care,61872,,Day
EMP-002455,2023-03-01,,Prudence,Achieng,Male,1979-12-07,2018-11-01,Sales,Customer Care,67920,,Day
EMP-002456,2022-10-20,2025-08-26,Rosemary,Kipkosgei,Female,1983-09-22,2022-10-20,IT,Developer,62143,,Off
EMP-002456,2025-08-26,,Rosemary,Kipkosgei,Female,1983-09-22,2022-10-20,IT,Developer,66623,,Off
EMP-002457,2016-01-01,,Denis,Wafula,Female,1972-07-31,2016-01-01,Sales,Sales Associate,97159,,Off
EMP-002458,2016-01-01,,Kemunto,Moseti,Male,1962-01-10,2016-01-01,Warehouse,Loader,110539,,Night
EMP-002459,2016-01-01,,Millicent,Abdi,Female,2005-02-28,2016-01-01,Warehouse,Warehouse Manager,94583,,Day
EMP-002460,2016-01-01,2021-09-06,Dorcas,Onyango,Female,1974-11-27,2016-01-01,Supply Chain,Supply Chain Manager,108515,STOR-0106,Night
EMP-002460,2021-09-06,,Dorcas,Onyango,Female,1974-11-27,2016-01-01,Supply Chain,Supply Chain Manager,121637,STOR-0106,Night
EMP-002461,2016-01-01,,Jared,Chepkoech,Female,1985-12-08,2016-01-01,Sales,Promoter,106232,,Off
EMP-002462,2016-01-01,,Elizabeth,Oginga,Female,2003-01-03,2016-01-01,Marketing,Brand Officer,34102,,Off
EMP-002463,2016-01-01,,Winfred,Nyaguthii,Female,1965-01-17,2016-01-01,Supply Chain,Supply Chain Manager,39997,STOR-0016,Night
EMP-002464,2016-01-01,2019-09-20,Dennis,Onsongo,Male,1969-07-01,2016-01-01,HR,HR Manager,32049,,Off
EMP-002464,2019-09-20,,Dennis,Onsongo,Male,1969-07-01,2016-01-01,HR,HR Manager,35492,,Off
EMP-002465,2016-01-01,,Patrick,Kiptoo,Male,1986-01-25,2016-01-01,Marketing,Marketing Manager,51280,STOR-0033,Off
EMP-002466,2016-01-01,,Geoffrey,Muriithi,Female,2003-11-21,2016-01-01,Warehouse,Warehouse Manager,110834,STOR-0137,Off
EMP-002467,2023-07-25,2025-04-21,Denis,Mwangi,Female,2002-07-09,2023-07-25,Finance,Finance Manager,58888,,Off
EMP-002467,2025-04-21,2025-11-23,Denis,Mwangi,Female,2002-07-09,2023-07-25,Warehouse,Loader,65322,,Off
EMP-002467,2025-11-23,,Denis,Mwangi,Female,2002-07-09,2023-07-25,Warehouse,Loader,71640,,Off
EMP-002468,2017-11-10,2021-02-20,Salome,Chebet,Female,1970-09-16,2017-11-10,HR,HR Manager,39034,,Night
EMP-002468,2021-02-20,2023-09-25,Salome,Chebet,Female,1970-09-16,2017-11-10,HR,HR Manager,41314,,Night
EMP-002468,2023-13-45,2023-13-45,Salome,Chebet,Female,2023-13-45,2023-13-45,Marketing,Digital Officer,43527,,Night
EMP-002469,2019-08-28,2024-06-21,David,Kihara,Male,1969-03-16,2019-08-28,Warehouse,Stock Keeper,55785,,Night
EMP-002469,2024-06-21,2026-01-01,David,Kihara,Male,1969-03-16,2019-08-28,Warehouse,Loader,69594,,Night
EMP-002469,2026-01-01,,David,Kihara,Male,1969-03-16,2019-08-28,Warehouse,Loader,79027,,Night
EMP-002470,2016-01-01,,Mwangi,Ochieng,Male,1992-08-17,2016-01-01,Warehouse,Forklift Operator,84383,STOR-0131,Night
EMP-002471,2021-12-26,,Hellen,Ngeno,Female,1971-12-29,2021-12-26,HR,HR Manager,42042,,Day
EMP-002472,2023-09-15,,Mutisya,Mutethia,Female,2004-06-30,2023-09-15,IT,Developer,106729,,Night
EMP-002473,2016-01-01,,Catherine,Chelangat,Male,1995-11-29,2016-01-01,Finance,Accountant,29784,,Day
EMP-002474,2025-05-05,2025-12-22,Kiprotich,Wangui,Female,1986-01-15,2025-05-05,Warehouse,Loader,66052,STOR-0054,Night
EMP-002474,2025-12-22,,Kiprotich,Wangui,Female,1986-01-15,2025-05-05,Supply Chain,Supply Chain Manager,74431,STOR-0054,Night
EMP-002475,2016-01-01,2024-07-20,Christine,Samuel,Male,1994-04-09,2016-01-01,Finance,Auditor,58132,,Night
EMP-002475,2024-07-20,2025-04-30,Christine,Samuel,Male,1994-04-09,2016-01-01,Supply Chain,Procurement Officer,68940,,Night
EMP-002475,2025-04-30,,Christine,Samuel,Male,1994-04-09,2016-01-01,Supply Chain,Procurement Officer,75396,,Night
EMP-002476,2018-05-21,,Kinuthia,Mutiso,Female,2000-05-03,2018-05-21,Supply Chain,Procurement Officer,41216,,Off
EMP-002477,2016-01-01,,Esther,Muthoni,Male,1974-05-31,2016-01-01,HR,HR Manager,25330,STOR-0110,Day
EMP-002478,2019-09-28,,Owino,Adan,Female,1975-06-23,2019-09-28,Supply Chain,Logistics Officer,48431,,Off
EMP-002479,2016-01-01,,Wilson,Etyang,Female,1999-06-25,2016-01-01,Finance,Accountant,70523,,Day
EMP-002480,2016-01-01,2025-11-10,Michael,Jerono,Male,1977-12-02,2016-01-01,Finance,Cashier,50699,,Night
EMP-002480,2025-11-10,,Michael,Jerono,Male,1977-12-02,2016-01-01,Finance,Cashier,62866,,Night
EMP-002481,2016-01-01,,Daniel,Mutethia,Male,1980-09-04,2016-01-01,Sales,Customer Care,105124,,Off
EMP-002482,2025-03-04,,Harrison,Njoki,Male,2000-05-03,2025-03-04,Marketing,Digital Officer,109129,STOR-0099,Day
EMP-002483,2016-01-01,,Brian,Makokha,Male,1983-06-28,2016-01-01,Warehouse,Warehouse Manager,102945,,Off
EMP-002484,2016-01-01,,Jonathan,Ng'ang'a,Male,1988-06-05,2016-01-01,Finance,Accountant,26730,,Night
EMP-002485,2016-01-01,,Christopher,Kipkorir,Male,1979-03-06,2016-01-01,Marketing,Marketing Manager,102292,,Off
EMP-002486,2016-01-01,,Kenneth,Kariuki,Male,1976-07-04,2016-01-01,HR,HR Manager,71501,,Off
EMP-002487,2018-02-19,,Jackson,Ochieng,Male,1966-03-17,2018-02-19,Marketing,Brand Officer,108379,,Off
EMP-002488,2016-01-01,,Philip,Mwaniki,Female,1997-10-19,2016-01-01,Sales,Promoter,82350,,Night
EMP-002489,2016-01-01,2018-03-02,Sharon,Salat,Male,1976-02-05,2016-01-01,IT,Support,93496,,Night
EMP-002489,2018-03-02,2019-09-01,Sharon,Salat,Male,1976-02-05,2016-01-01,Supply Chain,Procurement Officer,112874,,Night
EMP-002489,2019-09-01,,Sharon,Salat,Male,1976-02-05,2016-01-01,Warehouse,Forklift Operator,120536,,Night
EMP-002490,2023-02-14,2025-01-12,Samuel,Mwangi,Male,1974-03-25,2023-02-14,Sales,Sales Associate,105683,,Day
EMP-002490,2025-01-12,,Samuel,Mwangi,Male,1974-03-25,2023-02-14,IT,Support,119793,,Day
EMP-002491,2025-08-25,,Evans,Okoth,Female,1981-03-14,2025-08-25,Sales,Promoter,88591,,Day
EMP-002492,2016-01-01,,Diana,Muthoka,Male,1979-04-11,2016-01-01,Finance,Accountant,113307,,Off
EMP-002493,2024-09-02,2026-01-27,Patrick,Munyao,Female,1969-12-24,2024-09-02,Sales,Promoter,110371,,Night
EMP-002493,2026-01-27,,Patrick,Munyao,Female,1969-12-24,2024-09-02,Sales,Promoter,135295,,Night
EMP-002494,2016-01-01,,Catherine,Tsuma,Female,1978-05-15,2016-01-01,Sales,Senior Sales,101687,,Night
EMP-002495,2021-08-09,,John,Ibrahim,Female,1984-03-09,2021-08-09,HR,HR Officer,86886,,Night
EMP-002496,2016-01-01,,Lydia,Oduor,Female,1988-03-18,2016-01-01,Marketing,Marketing Manager,57231,,Night
EMP-002497,2016-01-01,2024-07-09,Damaris,Koskei,Male,1961-05-29,2016-01-01,Marketing,Marketing Manager,78290,STOR-0038,Night
EMP-002497,2024-07-09,2025-04-30,Damaris,Koskei,Male,1961-05-29,2016-01-01,Marketing,Marketing Manager,96997,STOR-0038,Night
EMP-002497,2025-04-30,,Damaris,Koskei,Male,1961-05-29,2016-01-01,Marketing,Marketing Manager,110914,STOR-0038,Night
EMP-002498,2021-01-27,,Caren,Hussein,Male,1974-11-18,2021-01-27,Marketing,Digital Officer,58820,STOR-0041,Night
EMP-002499,2017-10-05,2024-09-11,Mohamud,Karisa,Male,1998-03-16,2017-10-05,Finance,Cashier,90980,,Day
EMP-002499,2024-09-11,,Mohamud,Karisa,Male,1998-03-16,2017-10-05,HR,HR Officer,106690,,Day
EMP-002500,2016-01-01,,Abubakar,Abdallah,Male,1983-10-13,2016-01-01,Warehouse,Warehouse Manager,44314,,Day
EMP-002501,2022-12-10,,Hellen,Rotich,Female,1973-05-19,2022-12-10,HR,HR Officer,57121,,Off
EMP-002502,2019-09-03,,Said,Micheni,Male,1989-01-08,2019-09-03,Sales,Sales Associate,67710,,Day
EMP-002503,2025-07-09,,Mwangi,Cherono,Female,1998-08-08,2025-07-09,Supply Chain,Procurement Officer,89301,,Off
EMP-002504,2020-08-08,2023-09-11,Peter,Abdi,Male,1969-05-02,2020-08-08,IT,Developer,67067,,Day
EMP-002504,2023-09-11,,Peter,Abdi,Male,1969-05-02,2020-08-08,IT,Developer,72660,,Day
EMP-002505,2020-02-05,,Evalyne,Otieno,Female,2005-06-07,2020-02-05,Warehouse,Stock Keeper,98765,,Day
EMP-002506,2016-01-01,2023-09-26,Leah,Mutuku,Female,1989-02-13,2016-01-01,Marketing,Marketing Manager,113007,,Night
EMP-002506,2023-09-26,2025-09-07,Leah,Mutuku,Female,1989-02-13,2016-01-01,Marketing,Marketing Manager,141059,,Night
EMP-002506,2025-09-07,,Leah,Mutuku,Female,1989-02-13,2016-01-01,Marketing,Marketing Manager,154647,,Night
EMP-002507,2019-07-25,,Catherine,Njambi,Female,2007-08-03,2019-07-25,Marketing,Brand Officer,61724,,Night
EMP-002508,2021-02-15,,Feisal,Wekesa,Male,1962-03-07,2021-02-15,Sales,Sales Associate,85383,,Off
EMP-002509,2023-13-45,2023-13-45,Muthui,Mohamed,Female,2023-13-45,2023-13-45,Marketing,Brand Officer,94672,STOR-0059,Night
EMP-002510,2016-02-16,,Michael,Kisilu,Male,1983-01-27,2016-02-16,Finance,Cashier,54919,,Day
EMP-002511,2016-01-01,,Joash,Sikuku,Female,2001-12-17,2016-01-01,Supply Chain,Supply Chain Manager,117494,,Day
EMP-002512,2016-01-01,,Murimi,Waweru,Male,1986-07-19,2016-01-01,Supply Chain,Supply Chain Manager,114817,,Day
EMP-002513,2019-01-15,,Kennedy,Waweru,Male,1996-12-20,2019-01-15,HR,Recruiter,57856,,Night
EMP-002514,2016-03-16,,Suleiman,Bett,Female,1982-12-23,2016-03-16,Sales,Promoter,69336,,Off
EMP-002515,2025-07-23,,Luka,Cherono,Female,1981-05-01,2025-07-23,Warehouse,Stock Keeper,104133,,Off
EMP-002516,2016-01-01,,Kelvin,Omondi,Female,1998-03-23,2016-01-01,Marketing,Marketing Manager,59504,,Off
EMP-002517,2016-01-01,,Simon,Maritim,Male,2001-08-28,2016-01-01,Finance,Cashier,55843,,Night
EMP-002518,2025-04-19,,Davis,Akinyi,Male,1965-04-30,2025-04-19,HR,,35984,STOR-0084,Off
EMP-002519,2018-01-11,,Lydiah,Chege,Female,1974-08-11,2018-01-11,Warehouse,Stock Keeper,78935,,Off
EMP-002520,2025-12-11,,Abdi,Wanjiru,Female,1965-05-12,2025-12-11,Finance,Cashier,45812,,Day
EMP-002521,2017-09-09,,Albert,Chepkoech,Male,1961-05-08,2017-09-09,Warehouse,Loader,87502,,Night
EMP-002522,2024-12-07,2025-11-03,Vincent,Njihia,Male,1988-07-23,2024-12-07,Warehouse,Warehouse Manager,117558,,Off
EMP-002522,2025-11-03,,Vincent,Njihia,Male,1988-07-23,2024-12-07,Warehouse,Warehouse Manager,145601,,Off
EMP-002523,2024-06-21,2025-11-07,Michael,Onyango,Male,1997-02-07,2024-06-21,HR,Recruiter,104527,,Night
EMP-002523,2025-11-07,,Michael,Onyango,Male,1997-02-07,2024-06-21,HR,Recruiter,123334,,Night
EMP-002524,2016-01-01,,Ramadhan,Maina,Female,1974-08-26,2016-01-01,Finance,,62873,,Off
EMP-002525,2016-01-01,,Paul,Muthoni,Male,1990-01-04,2016-01-01,Sales,Senior Sales,100836,,Off
EMP-002526,2016-01-01,2021-10-09,Halima,Kinuthia,Male,1971-05-28,2016-01-01,Marketing,Brand Officer,99532,,Day
EMP-002526,2021-10-09,2024-10-05,Halima,Kinuthia,Male,1971-05-28,2016-01-01,Marketing,Brand Officer,116606,,Day
EMP-002526,2024-10-05,,Halima,Kinuthia,Male,1971-05-28,2016-01-01,HR,,134392,,Day
EMP-002527,2016-01-01,,Kennedy,Bundi,Female,1991-10-31,2016-01-01,IT,IT Manager,34365,,Day
EMP-002528,2022-04-15,2024-09-03,Odhiambo,Otieno,Male,1970-04-23,2022-04-15,Supply Chain,Procurement Officer,69883,,Day
EMP-002528,2024-09-03,,Odhiambo,Otieno,Male,1970-04-23,2022-04-15,Supply Chain,Procurement Officer,76601,,Day
EMP-002529,2023-13-45,2023-13-45,James,Kiprotich,Male,2023-13-45,2023-13-45,Finance,Cashier,74379,,Day
EMP-002530,2016-01-01,,Munyao,Jimale,Female,1994-01-03,2016-01-01,Supply Chain,Supply Chain Manager,81784,STOR-0143,Day
EMP-002531,2022-06-09,,Derick,Muiruri,Male,1966-10-19,2022-06-09,Sales,Promoter,70848,,Off
EMP-002532,2016-01-01,,Antony,Kiio,Female,1991-08-26,2016-01-01,Warehouse,Loader,41675,,Day
EMP-002533,2016-01-01,2023-02-23,Henry,Jerono,Female,1980-11-03,2016-01-01,Sales,Promoter,100050,,Night
EMP-002533,2023-02-23,,Henry,Jerono,Female,1980-11-03,2016-01-01,Sales,Promoter,108584,,Night
EMP-002534,2016-01-01,,Mary,Jerotich,Female,1972-07-07,2016-01-01,HR,HR Officer,80021,,Off
EMP-002535,2024-03-18,2025-08-15,Derrick,Kariuki,Male,2002-08-20,2024-03-18,Marketing,Brand Officer,71648,STOR-0020-DUP,Night
EMP-002535,2025-08-15,,Derrick,Kariuki,Male,2002-08-20,2024-03-18,Marketing,Brand Officer,78389,STOR-0020-DUP,Night
EMP-002536,2016-01-01,,Rodgers,Moseti,Female,1973-01-30,2016-01-01,IT,Support,64498,,Night
EMP-002537,2023-01-06,,Nancy,Kamau,Female,2008-02-21,2023-01-06,Sales,Sales Associate,112176,,Day
EMP-002538,2016-01-01,,Loice,Mutua,Male,1971-05-07,2016-01-01,Supply Chain,Procurement Officer,73680,,Night
EMP-002539,2016-01-01,,Eric,Mulwa,Male,1980-06-17,2016-01-01,IT,IT Manager,101648,,Day
EMP-002540,2017-04-06,2025-06-26,Jane,Maina,Male,1975-05-20,2017-04-06,Sales,Promoter,57070,,Day
EMP-002540,2025-06-26,2026-01-15,Jane,Maina,Male,1975-05-20,2017-04-06,Supply Chain,Supply Chain Manager,62051,,Day
EMP-002540,2026-01-15,,Jane,Maina,Male,1975-05-20,2017-04-06,Supply Chain,Supply Chain Manager,74828,,Day
EMP-002541,2016-01-01,,Raphael,Khaemba,Male,1968-11-06,2016-01-01,Warehouse,Stock Keeper,62182,,Off
EMP-002542,2017-07-19,2022-05-01,Maryanne,Ochieng,Male,1967-10-05,2017-07-19,IT,Developer,116113,,Off
EMP-002542,2022-05-01,,Maryanne,Ochieng,Male,1967-10-05,2017-07-19,IT,Developer,130049,,Off
EMP-002543,2019-04-13,2021-03-05,Irene,Wekesa,Male,1991-04-15,2019-04-13,Warehouse,Forklift Operator,42335,,Off
EMP-002543,2021-03-05,,Irene,Wekesa,Male,1991-04-15,2019-04-13,Warehouse,Forklift Operator,44941,,Off
EMP-002544,2018-05-03,,Benson,Murithi,Male,1992-01-19,2018-05-03,Warehouse,Warehouse Manager,83239,,Off
EMP-002545,2016-01-01,,Joseph,Kipkemoi,Male,2006-07-29,2016-01-01,Warehouse,Forklift Operator,77623,,Night
EMP-002546,2018-03-03,,Catherine,Mwendwa,Female,1987-10-10,2018-03-03,Sales,Senior Sales,48888,,Night
EMP-002547,2024-06-20,,Veronica,Ngugi,Male,1961-04-30,2024-06-20,Supply Chain,Procurement Officer,101802,,Night
EMP-002548,2016-01-01,,Julius,Nyawira,Male,1969-11-20,2016-01-01,Warehouse,Forklift Operator,41791,STOR-0071,Night
EMP-002549,2018-07-04,,Gideon,Gichuki,Female,1993-08-02,2018-07-04,Warehouse,Warehouse Manager,106370,,Night
EMP-002550,2016-01-01,,Oduor,Ochieng,Male,2005-04-23,2016-01-01,IT,Systems Admin,111487,,Off
EMP-002551,2016-01-01,,Amos,Chesire,Female,1970-02-22,2016-01-01,Warehouse,Loader,117425,,Night
EMP-002552,2021-01-11,2022-12-22,Melvin,Barasa,Female,1971-07-31,2021-01-11,Sales,Customer Care,52509,,Day
EMP-002552,2022-12-22,,Melvin,Barasa,Female,1971-07-31,2021-01-11,Sales,Customer Care,65311,,Day
EMP-002553,2016-01-01,2021-06-30,Martha,Mumo,Male,1972-08-29,2016-01-01,HR,Recruiter,102500,,Day
EMP-002553,2021-06-30,,Martha,Mumo,Male,1972-08-29,2016-01-01,HR,Recruiter,125742,,Day
EMP-002554,2016-01-01,,Emmanuel,Kigen,Female,1972-01-23,2016-01-01,IT,Systems Admin,117824,,Off
EMP-002555,2016-01-01,,Daniel,Wangila,Female,2006-09-11,2016-01-01,Marketing,Marketing Manager,64650,,Night
EMP-002556,2025-11-13,,Eric,Irungu,Female,1972-09-15,2025-11-13,Supply Chain,Logistics Officer,50988,STOR-0061,Day
EMP-002557,2021-02-12,,Edwin,Mohamed,Female,2006-07-15,2021-02-12,Supply Chain,Logistics Officer,32492,,Night
EMP-002558,2023-05-02,,Willy,Njeru,Female,1963-11-06,2023-05-02,IT,Developer,108432,,Night
EMP-002559,2016-01-01,2018-03-29,Anne,Chepchumba,Male,2004-03-21,2016-01-01,HR,HR Officer,87629,,Day
EMP-002559,2018-03-29,2022-01-20,Anne,Chepchumba,Male,2004-03-21,2016-01-01,HR,HR Officer,108270,,Day
EMP-002559,2022-01-20,,Anne,Chepchumba,Male,2004-03-21,2016-01-01,HR,HR Officer,135227,,Day
EMP-002560,2016-01-01,,Christine,Njeru,Male,2001-04-22,2016-01-01,Warehouse,,73920,,Off
EMP-002561,2016-01-01,,John,Waswa,Male,1974-04-30,2016-01-01,Finance,Accountant,38931,,Night
EMP-002562,2016-01-01,,Maria,Chelangat,Female,1976-10-30,2016-01-01,Warehouse,Forklift Operator,49733,,Night
EMP-002563,2016-01-01,,Collins,Otieno,Male,1962-07-02,2016-01-01,Warehouse,Loader,60851,,Off
EMP-002564,2016-01-01,,Jepkosgei,Chepkemoi,Male,1973-09-03,2016-01-01,Marketing,Brand Officer,76697,,Off
EMP-002565,2023-07-01,2025-09-06,Lucy,Maina,Male,1967-03-05,2023-07-01,Finance,Cashier,31896,STOR-0093,Night
EMP-002565,2025-09-06,,Lucy,Maina,Male,1967-03-05,2023-07-01,Finance,Cashier,34600,STOR-0093,Night
EMP-002566,2016-01-01,,Leah,Mwiti,Female,1971-12-19,2016-01-01,Warehouse,Warehouse Manager,31540,,Day
EMP-002567,2021-04-18,2024-07-13,Brian,Makokha,Male,1982-11-11,2021-04-18,IT,Systems Admin,42625,,Night
EMP-002567,2024-07-13,,Brian,Makokha,Male,1982-11-11,2021-04-18,IT,Systems Admin,48134,,Night
EMP-002568,2016-01-01,,Opiyo,Akinyi,Male,1974-09-10,2016-01-01,IT,Systems Admin,85477,,Day
EMP-002569,2022-02-22,,Immaculate,Ngugi,Female,1989-09-19,2022-02-22,Marketing,Brand Officer,32194,,Night
EMP-002570,2019-04-23,2022-07-20,Emmanuel,Ouma,Female,1984-11-11,2019-04-23,IT,Developer,26353,,Night
EMP-002570,2022-07-20,,Emmanuel,Ouma,Female,1984-11-11,2019-04-23,IT,Developer,31667,,Night
EMP-002571,2023-02-15,,Alex,Kipkoech,Female,1982-02-13,2023-02-15,Supply Chain,Supply Chain Manager,111381,,Day
EMP-002572,2016-07-04,2018-02-14,John,Ouma,Male,1975-07-30,2016-07-04,Sales,Customer Care,62108,,Night
EMP-002572,2018-02-14,,John,Ouma,Male,1975-07-30,2016-07-04,Sales,Senior Sales,73859,,Night
EMP-002573,2018-05-04,,Elizabeth,Wanjala,Female,2003-01-21,2018-05-04,Marketing,Marketing Manager,85262,,Night
EMP-002574,2021-08-14,,Wanjiku,Maina,Female,1975-06-22,2021-08-14,Supply Chain,Procurement Officer,80311,STOR-0054,Night
EMP-002575,2016-01-01,2018-03-23,Raphael,Dahir,Male,1994-08-06,2016-01-01,Supply Chain,Procurement Officer,87047,,Night
EMP-002575,2018-03-23,2024-10-10,Raphael,Dahir,Male,1994-08-06,2016-01-01,Supply Chain,Procurement Officer,94078,,Night
EMP-002575,2024-10-10,,Raphael,Dahir,Male,1994-08-06,2016-01-01,Supply Chain,Procurement Officer,114132,,Night
EMP-002576,2016-03-10,2019-08-07,Kipngetich,Weru,Female,1999-05-02,2016-03-10,Marketing,Marketing Manager,30397,STOR-0074,Off
EMP-002576,2019-08-07,2022-03-26,Kipngetich,Weru,Female,1999-05-02,2016-03-10,Marketing,Marketing Manager,33281,STOR-0074,Off
EMP-002576,2022-03-26,,Kipngetich,Weru,Female,1999-05-02,2016-03-10,Marketing,Marketing Manager,36434,STOR-0074,Off
EMP-002577,2025-03-08,,Patience,Okello,Male,2003-07-13,2025-03-08,Finance,Cashier,81151,,Day
EMP-002578,2018-08-19,,Nancy,Kwamboka,Female,2007-10-22,2018-08-19,Supply Chain,Procurement Officer,46693,,Night
EMP-002579,2017-07-27,2020-10-06,Victor,Njeri,Female,2007-05-24,2017-07-27,Supply Chain,Procurement Officer,79790,,Day
EMP-002579,2020-10-06,2025-05-10,Victor,Njeri,Female,2007-05-24,2017-07-27,Supply Chain,Procurement Officer,92348,,Day
EMP-002579,2025-05-10,,Victor,Njeri,Female,2007-05-24,2017-07-27,Supply Chain,Procurement Officer,107916,,Day
EMP-002580,2018-02-21,,James,Otieno,Female,2000-05-30,2018-02-21,Sales,Sales Associate,103069,,Off
EMP-002581,2025-12-09,,Karanja,Kosgei,Female,1976-05-31,2025-12-09,Warehouse,Warehouse Manager,76224,,Day
EMP-002582,2016-01-01,,Justine,Mokaya,Male,1961-07-03,2016-01-01,Warehouse,Forklift Operator,94944,,Off
EMP-002583,2025-11-21,,Abdi,Kerubo,Female,1969-01-15,2025-11-21,HR,HR Officer,37302,,Night
EMP-002584,2018-04-15,,Thomas,Njau,Female,1977-03-04,2018-04-15,Sales,Senior Sales,74175,,Night
EMP-002585,2023-05-14,,Faith,Odhiambo,Female,1986-01-31,2023-05-14,Supply Chain,Supply Chain Manager,42219,,Night
EMP-002586,2016-01-01,,Kimutai,Achieng,Female,1986-03-03,2016-01-01,Finance,Accountant,93087,,Off
EMP-002587,2016-01-01,2024-01-16,Kennedy,Mwangi,Male,2001-04-19,2016-01-01,HR,HR Officer,46880,,Day
EMP-002587,2024-01-16,2025-03-26,Kennedy,Mwangi,Male,2001-04-19,2016-01-01,HR,HR Officer,54662,,Day
EMP-002587,2025-03-26,,Kennedy,Mwangi,Male,2001-04-19,2016-01-01,HR,HR Officer,58395,,Day
EMP-002588,2022-01-10,2024-09-25,Victor,Anyango,Female,1963-04-18,2022-01-10,Warehouse,Stock Keeper,78988,,Night
EMP-002588,2024-09-25,,Victor,Anyango,Female,1963-04-18,2022-01-10,Warehouse,Stock Keeper,96799,,Night
EMP-002589,2024-05-14,,Hellen,Mwende,Male,1980-03-24,2024-05-14,IT,Systems Admin,52692,,Night
EMP-002590,2016-01-01,2022-04-28,Catherine,Hussein,Male,1983-02-21,2016-01-01,Marketing,Marketing Manager,96826,STOR-0047,Off
EMP-002590,2022-04-28,2023-11-05,Catherine,Hussein,Male,1983-02-21,2016-01-01,Marketing,Marketing Manager,106810,STOR-0047,Off
EMP-002590,2023-11-05,,Catherine,Hussein,Male,1983-02-21,2016-01-01,Marketing,Brand Officer,114917,STOR-0047,Off
EMP-002591,2016-01-01,,Kennedy,Odhiambo,Male,2005-11-07,2016-01-01,IT,Support,68135,,Night
EMP-002592,2022-08-25,,Priscillah,Mukiri,Male,2007-12-25,2022-08-25,Warehouse,Forklift Operator,51784,,Day
EMP-002593,2022-01-24,,Purity,Kipchirchir,Female,1986-07-23,2022-01-24,Supply Chain,Supply Chain Manager,108582,,Day
EMP-002594,2016-01-01,,Ernest,Kariuki,Female,2003-06-16,2016-01-01,Sales,Senior Sales,32691,,Off
EMP-002595,2022-11-24,,John,Kalume,Male,1965-05-12,2022-11-24,HR,HR Manager,78363,,Day
EMP-002596,2022-03-19,,Phoebe,Odhiambo,Male,1970-03-25,2022-03-19,Marketing,Marketing Manager,87202,,Off
EMP-002597,2016-01-01,,Viola,Juma,Male,1972-06-01,2016-01-01,IT,Systems Admin,79877,,Day
EMP-002598,2024-02-15,,Athuman,Obiero,Male,1974-07-04,2024-02-15,Marketing,Marketing Manager,94978,,Night
EMP-002599,2022-10-10,,Martin,Ochieng,Male,1992-05-20,2022-10-10,Warehouse,Warehouse Manager,52033,,Off
EMP-002600,2016-01-01,,Omondi,Baya,Male,1977-04-07,2016-01-01,Warehouse,Stock Keeper,64647,,Off
EMP-002601,2016-01-01,,Silas,Mumo,Male,1981-03-23,2016-01-01,Supply Chain,Logistics Officer,105018,STOR-0116,Day
EMP-002602,2016-01-01,2019-12-02,Ochieng,Mutai,Male,2003-11-08,2016-01-01,Supply Chain,Logistics Officer,82565,,Night
EMP-002602,2019-12-02,,Ochieng,Mutai,Male,2003-11-08,2016-01-01,Supply Chain,Logistics Officer,101369,,Night
EMP-002603,2018-11-26,,Ian,Yego,Male,1966-01-16,2018-11-26,Warehouse,Warehouse Manager,116406,,Off
EMP-002604,2024-12-18,,Karen,Nyongesa,Male,1986-04-21,2024-12-18,Sales,Senior Sales,86797,,Day
EMP-002605,2018-11-08,,Charles,Irungu,Female,1994-12-26,2018-11-08,Marketing,Marketing Manager,70054,STOR-0136,Off
EMP-002606,2016-01-01,,Mary,Gitau,Male,1971-03-17,2016-01-01,Supply Chain,Supply Chain Manager,101142,STOR-0037,Off
EMP-002607,2016-01-01,,Judith,Rop,Female,1961-12-12,2016-01-01,Supply Chain,Procurement Officer,39999,,Off
EMP-002608,2019-01-15,2025-12-26,Naomi,Mwaura,Female,1966-04-06,2019-01-15,Sales,Promoter,29074,,Off
EMP-002608,2025-12-26,,Naomi,Mwaura,Female,1966-04-06,2019-01-15,Sales,Promoter,36084,,Off
EMP-002609,2023-13-45,2023-13-45,Pamela,Ibrahim,Male,2023-13-45,2023-13-45,Warehouse,Forklift Operator,97124,,Night
EMP-002610,2016-01-01,,Wanjiru,Njue,Female,1978-02-09,2016-01-01,Sales,Senior Sales,44307,,Off
EMP-002611,2016-01-01,,Enock,Omar,Female,1979-11-15,2016-01-01,HR,HR Officer,61124,,Night
EMP-002612,2016-01-01,,Nelson,Mumo,Female,1965-06-30,2016-01-01,HR,HR Manager,47477,,Night
EMP-002613,2016-01-01,2019-02-15,Timothy,Jeptoo,Male,1973-12-01,2016-01-01,Supply Chain,Procurement Officer,56471,,Night
EMP-002613,2019-02-15,,Timothy,Jeptoo,Male,1973-12-01,2016-01-01,Supply Chain,Procurement Officer,69031,,Night
EMP-002614,2018-05-09,2025-01-21,Beth,Otieno,Male,1994-09-02,2018-05-09,Warehouse,Stock Keeper,102969,,Off
EMP-002614,2025-01-21,2025-12-07,Beth,Otieno,Male,1994-09-02,2018-05-09,Warehouse,Stock Keeper,124788,,Off
EMP-002614,2025-12-07,,Beth,Otieno,Male,1994-09-02,2018-05-09,Marketing,Brand Officer,147380,,Off
EMP-002615,2016-01-01,2023-03-17,Nelson,Oduor,Male,1988-11-23,2016-01-01,Marketing,Digital Officer,63697,,Off
EMP-002615,2023-03-17,,Nelson,Oduor,Male,1988-11-23,2016-01-01,Finance,Finance Manager,73899,,Off
EMP-002616,2016-01-01,2021-09-23,Priscah,Korir,Female,1993-11-29,2016-01-01,Warehouse,Loader,85100,,Day
EMP-002616,2021-09-23,2024-12-11,Priscah,Korir,Female,1993-11-29,2016-01-01,HR,Recruiter,90835,,Day
EMP-002616,2024-12-11,,Priscah,Korir,Female,1993-11-29,2016-01-01,Sales,Promoter,102797,,Day
EMP-002617,2024-01-05,,Frida,Maina,Female,1963-03-30,2024-01-05,Supply Chain,Supply Chain Manager,56756,,Day
EMP-002618,2016-01-01,,Melvine,Juma,Female,1999-02-02,2016-01-01,Warehouse,Forklift Operator,58533,,Day
EMP-002619,2023-13-45,2023-13-45,Francis,Njambi,Female,2023-13-45,2023-13-45,Sales,Promoter,77442,,Night
EMP-002620,2016-01-01,,Fatuma,Mutethia,Male,1984-04-26,2016-01-01,Marketing,Digital Officer,84214,STOR-0064,Off
EMP-002621,2023-03-07,,Eugene,Osman,Female,2007-06-14,2023-03-07,Warehouse,Loader,81084,,Night
EMP-002622,2019-10-03,,Wanjiku,Odhiambo,Female,1986-10-27,2019-10-03,Warehouse,Stock Keeper,101215,,Night
EMP-002623,2016-01-01,2024-08-14,Aisha,Sifuna,Male,1977-02-02,2016-01-01,Finance,Finance Manager,104276,,Day
EMP-002623,2024-08-14,2025-02-23,Aisha,Sifuna,Male,1977-02-02,2016-01-01,IT,Systems Admin,117262,,Day
EMP-002623,2025-02-23,,Aisha,Sifuna,Male,1977-02-02,2016-01-01,IT,Systems Admin,129216,,Day
EMP-002624,2023-07-03,,Ivy,Cherotich,Female,2006-08-18,2023-07-03,HR,HR Officer,101468,,Day
EMP-002625,2016-01-01,,Peter,Kawira,Female,1970-08-30,2016-01-01,IT,Systems Admin,53224,,Off
EMP-002626,2024-12-16,2025-08-10,Nicholas,Ndungu,Female,2006-12-11,2024-12-16,HR,HR Officer,49548,,Night
EMP-002626,2025-08-10,,Nicholas,Ndungu,Female,2006-12-11,2024-12-16,HR,HR Officer,59194,,Night
EMP-002627,2016-01-01,,Benson,Ndirangu,Female,2005-09-09,2016-01-01,Supply Chain,Supply Chain Manager,104692,,Day
EMP-002628,2016-01-01,2023-01-12,Sylvia,Otieno,Male,1966-11-18,2016-01-01,HR,HR Manager,28844,,Day
EMP-002628,2023-01-12,,Sylvia,Otieno,Male,1966-11-18,2016-01-01,Marketing,Digital Officer,33146,,Day
EMP-002629,2023-13-45,2023-13-45,Meshack,Nganga,Female,2023-13-45,2023-13-45,IT,IT Manager,64971,,Off
EMP-002629,2024-12-06,,Meshack,Nganga,Female,1966-01-25,2022-03-27,IT,IT Manager,69272,,Off
EMP-002630,2016-05-04,,Nanjala,Mwania,Male,1971-11-19,2016-05-04,Sales,Promoter,92709,,Night
EMP-002631,2016-01-01,,Linet,Cheruiyot,Female,1981-03-01,2016-01-01,IT,Support,109466,,Off
EMP-002632,2016-01-01,,Kipkorir,Kazungu,Male,1986-08-25,2016-01-01,Finance,Finance Manager,32289,,Day
EMP-002633,2016-01-01,,Luke,Morara,Male,1966-08-24,2016-01-01,HR,Recruiter,104774,STOR-0027,Off
EMP-002634,2016-01-01,,Mohamed,Opiyo,Female,1984-01-13,2016-01-01,Supply Chain,Logistics Officer,29450,,Night
EMP-002635,2016-01-01,,Miriam,Simiyu,Male,1974-11-09,2016-01-01,Marketing,Brand Officer,57244,,Day
EMP-002636,2023-02-17,,Julia,Kiprotich,Female,1981-07-25,2023-02-17,HR,HR Officer,68673,STOR-0040,Off
EMP-002637,2016-01-01,2016-07-08,John,Njoroge,Female,1994-01-22,2016-01-01,Supply Chain,Supply Chain Manager,89323,,Off
EMP-002637,2016-07-08,,John,Njoroge,Female,1994-01-22,2016-01-01,Supply Chain,Supply Chain Manager,97722,,Off
EMP-002638,2025-11-20,,Kelvin,Munyoki,Male,1989-01-12,2025-11-20,Finance,Auditor,37705,,Night
EMP-002639,2016-01-01,,Nicholus,Mwangangi,Male,1989-12-04,2016-01-01,Finance,Accountant,54590,,Off
EMP-002640,2016-01-01,2018-10-11,Vincent,Chelangat,Male,2008-07-05,2016-01-01,Finance,Accountant,102435,,Night
EMP-002640,2018-10-11,2020-12-14,Vincent,Chelangat,Male,2008-07-05,2016-01-01,Finance,Accountant,121554,,Night
EMP-002640,2020-12-14,,Vincent,Chelangat,Male,2008-07-05,2016-01-01,Finance,Accountant,129482,,Night
EMP-002641,2016-01-01,2024-02-28,Ezra,Mwaniki,Female,1968-02-06,2016-01-01,Finance,Cashier,83792,,Off
EMP-002641,2024-02-28,2025-11-09,Ezra,Mwaniki,Female,1968-02-06,2016-01-01,Finance,Cashier,102246,,Off
EMP-002641,2025-11-09,,Ezra,Mwaniki,Female,1968-02-06,2016-01-01,Finance,Cashier,117483,,Off
EMP-002642,2024-12-18,,Miriam,Akinyi,Male,1964-08-12,2024-12-18,HR,HR Manager,54555,,Day
EMP-002643,2025-07-11,,Catherine,Murage,Male,1973-08-28,2025-07-11,Sales,Sales Associate,86763,,Off
EMP-002644,2016-01-01,2023-12-28,Fredrick,Esekon,Female,1988-06-01,2016-01-01,Warehouse,Loader,95544,,Day
EMP-002644,2023-12-28,2025-10-24,Fredrick,Esekon,Female,1988-06-01,2016-01-01,Warehouse,Loader,109504,,Day
EMP-002644,2025-10-24,,Fredrick,Esekon,Female,1988-06-01,2016-01-01,Warehouse,Loader,127953,,Day
EMP-002645,2016-01-01,2019-04-27,Victoria,Omondi,Male,2003-11-28,2016-01-01,Finance,Accountant,70129,,Off
EMP-002645,2019-04-27,,Victoria,Omondi,Male,2003-11-28,2016-01-01,Finance,Accountant,85202,,Off
EMP-002646,2018-05-23,,Daniel,Ali,Female,1969-01-30,2018-05-23,Supply Chain,Logistics Officer,76432,,Day
EMP-002647,2022-01-21,,Odhiambo,Mutuku,Male,2000-06-14,2022-01-21,HR,Recruiter,25352,,Day
EMP-002648,2019-06-10,,Martin,Njenga,Male,1967-06-17,2019-06-10,Sales,Customer Care,27408,STOR-0064,Off
EMP-002649,2016-01-01,,John,Simiyu,Male,1961-02-02,2016-01-01,IT,IT Manager,114256,,Night
EMP-002650,2016-01-01,,Jane,Ndanu,Male,1963-06-13,2016-01-01,Finance,Auditor,114717,STOR-0006,Off
EMP-002651,2016-01-01,,Kelvin,Kinyanjui,Male,1961-02-03,2016-01-01,Warehouse,Stock Keeper,36867,STOR-0098,Night
EMP-002652,2016-12-08,,Ouma,Okumu,Male,1978-09-09,2016-12-08,Finance,Auditor,42321,,Day
EMP-002653,2019-05-28,,Magdaline,Mungai,Female,1983-07-14,2019-05-28,Sales,Sales Associate,81623,,Off
EMP-002654,2023-13-45,2023-13-45,Mary,Chepkemoi,Female,2023-13-45,2023-13-45,Sales,Sales Associate,103575,,Day
EMP-002655,2017-02-03,,Achieng,Maghanga,Female,1976-11-26,2017-02-03,Warehouse,Loader,76091,,Day
EMP-002656,2020-09-02,2021-08-25,Neema,Kinuthia,Female,1986-05-09,2020-09-02,Finance,Finance Manager,77342,,Off
EMP-002656,2021-08-25,2023-08-28,Neema,Kinuthia,Female,1986-05-09,2020-09-02,Finance,Finance Manager,86589,,Off
EMP-002656,2023-08-28,,Neema,Kinuthia,Female,1986-05-09,2020-09-02,Finance,Finance Manager,102660,,Off
EMP-002657,2016-01-01,,Josphine,Orina,Female,1960-10-22,2016-01-01,Finance,Finance Manager,103724,STOR-0002,Night
EMP-002658,2021-12-09,,Job,Kipkemboi,Female,1970-01-18,2021-12-09,Finance,Auditor,116517,STOR-0015,Off
EMP-002659,2016-02-15,,Joseph,Juma,Male,1996-09-15,2016-02-15,Supply Chain,Procurement Officer,62915,,Day
EMP-002660,2017-10-09,2021-05-25,Maina,Paul,Female,1977-07-06,2017-10-09,HR,Recruiter,75788,STOR-0034,Night
EMP-002660,2021-05-25,2023-10-24,Maina,Paul,Female,1977-07-06,2017-10-09,Supply Chain,Logistics Officer,88152,STOR-0034,Night
EMP-002660,2023-10-24,,Maina,Paul,Female,1977-07-06,2017-10-09,Supply Chain,Logistics Officer,97267,STOR-0034,Night
EMP-002661,2021-04-01,2025-04-03,Faith,Njiru,Male,1992-12-08,2021-04-01,Warehouse,Forklift Operator,34656,,Night
EMP-002661,2025-04-03,2025-11-05,Faith,Njiru,Male,1992-12-08,2021-04-01,Warehouse,Forklift Operator,42478,,Night
EMP-002661,2025-11-05,,Faith,Njiru,Male,1992-12-08,2021-04-01,HR,HR Manager,51376,,Night
EMP-002662,2022-09-13,,John,Mutiso,Male,1982-07-10,2022-09-13,Sales,,31793,,Day
EMP-002663,2023-01-12,,Joseph,Nyongesa,Male,1963-09-18,2023-01-12,Sales,Promoter,94586,STOR-0023,Off
EMP-002664,2016-01-01,,Fancy,Kanini,Female,2006-09-25,2016-01-01,IT,IT Manager,26435,STOR-0020-DUP,Day
EMP-002665,2016-01-01,,Isaiah,Mumo,Male,1987-10-31,2016-01-01,Marketing,Marketing Manager,43764,,Day
EMP-002666,2016-01-01,,Beatrice,Rop,Female,1984-04-20,2016-01-01,Supply Chain,Supply Chain Manager,73631,,Off
EMP-002667,2016-01-01,,Geofrey,Mbae,Male,1992-12-31,2016-01-01,Supply Chain,Procurement Officer,76435,,Off
EMP-002668,2016-01-01,,Zainab,Kombe,Female,1967-06-08,2016-01-01,HR,Recruiter,89618,STOR-0083,Night
EMP-002669,2016-01-01,,Rose,Chebet,Male,1973-11-15,2016-01-01,Marketing,Digital Officer,104295,,Night
EMP-002670,2016-01-01,,Lilian,Kalume,Male,1999-07-08,2016-01-01,Sales,Sales Associate,119157,,Night
EMP-002671,2016-05-27,2019-01-26,Lydia,Bundi,Female,1962-10-05,2016-05-27,Supply Chain,Supply Chain Manager,68276,,Night
EMP-002671,2019-01-26,,Lydia,Bundi,Female,1962-10-05,2016-05-27,Supply Chain,Logistics Officer,80681,,Night
EMP-002672,2016-01-01,,Elisha,Ali,Female,2006-05-27,2016-01-01,IT,Support,31859,,Night
EMP-002673,2023-02-26,,Farida,Mbui,Male,1992-05-13,2023-02-26,HR,HR Manager,65579,,Day
EMP-002674,2024-11-05,,Charles,Kemboi,Female,1968-06-21,2024-11-05,Supply Chain,Supply Chain Manager,78228,,Day
EMP-002675,2021-09-12,,Mwendwa,Momanyi,Male,1977-02-27,2021-09-12,Sales,Sales Associate,74081,STOR-0002,Day
EMP-002676,2023-08-26,,Isaac,Jemutai,Male,2005-06-30,2023-08-26,Sales,,80475,,Off
EMP-002677,2021-03-06,,Margaret,Omondi,Male,1962-08-03,2021-03-06,Finance,,34837,,Off
EMP-002678,2018-01-23,,Francis,Kimtai,Female,1986-09-11,2018-01-23,HR,Recruiter,72889,,Off
EMP-002679,2016-01-01,,Irene,Ahmed,Female,1978-02-17,2016-01-01,HR,HR Manager,100060,STOR-0021,Off
EMP-002680,2023-12-10,,Jane,Huka,Female,2006-03-26,2023-12-10,Supply Chain,Logistics Officer,78033,,Night
EMP-002681,2017-04-11,,Emmanuel,Abdi,Male,1996-12-22,2017-04-11,Marketing,Digital Officer,89867,,Off
EMP-002682,2016-01-01,,Mercy,Mohamud,Female,2007-09-04,2016-01-01,HR,HR Manager,49344,STOR-0123,Night
EMP-002683,2018-04-28,,Timothy,Kimani,Male,1999-10-17,2018-04-28,Sales,Sales Associate,98880,,Day
EMP-002684,2025-04-07,,Irene,Oluoch,Female,2004-06-03,2025-04-07,Warehouse,Loader,115466,,Off
EMP-002685,2016-10-28,,Salim,Okelo,Male,1986-07-27,2016-10-28,HR,Recruiter,58957,,Off
EMP-002686,2017-03-27,,Esther,Aluoch,Female,1990-05-02,2017-03-27,HR,Recruiter,74291,,Off
EMP-002687,2016-01-01,,Winnie,Kimani,Female,1968-06-21,2016-01-01,Warehouse,Loader,54338,,Night
EMP-002688,2016-01-01,,Juma,Onyango,Male,1983-10-02,2016-01-01,Warehouse,Warehouse Manager,100396,,Off
EMP-002689,2023-10-07,2025-06-22,Beatrice,Murungi,Male,1968-07-01,2023-10-07,Warehouse,Loader,92667,,Day
EMP-002689,2025-06-22,2026-01-05,Beatrice,Murungi,Male,1968-07-01,2023-10-07,Warehouse,Loader,113064,,Day
EMP-002689,2026-01-05,,Beatrice,Murungi,Male,1968-07-01,2023-10-07,Sales,Promoter,138329,,Day
EMP-002690,2025-06-27,,Paul,Rotich,Male,1986-06-21,2025-06-27,Finance,Accountant,68025,,Off
EMP-002691,2016-01-01,2025-08-09,Phelix,Otieno,Female,1964-10-23,2016-01-01,HR,HR Officer,115403,,Day
EMP-002691,2025-08-09,,Phelix,Otieno,Female,1964-10-23,2016-01-01,HR,HR Officer,137522,,Day
EMP-002692,2016-01-01,2021-12-06,Otieno,Chege,Male,1989-06-07,2016-01-01,HR,Recruiter,57224,,Day
EMP-002692,2021-12-06,2025-09-14,Otieno,Chege,Male,1989-06-07,2016-01-01,Marketing,Marketing Manager,69664,,Day
EMP-002692,2025-09-14,,Otieno,Chege,Male,1989-06-07,2016-01-01,Marketing,Marketing Manager,82864,,Day
EMP-002693,2024-08-15,,Ismail,Were,Female,1969-03-12,2024-08-15,Warehouse,Loader,34887,,Off
EMP-002694,2022-07-10,2023-06-20,Lucas,Ndirangu,Male,1975-09-19,2022-07-10,Marketing,Brand Officer,28706,STOR-0114,Day
EMP-002694,2023-06-20,2024-10-19,Lucas,Ndirangu,Male,1975-09-19,2022-07-10,Marketing,Brand Officer,34046,,Day
EMP-002694,2024-10-19,,Lucas,Ndirangu,Male,1975-09-19,2022-07-10,Marketing,Brand Officer,39960,STOR-0114,Day
EMP-002695,2016-01-01,2018-12-15,John,George,Female,1982-02-05,2016-01-01,Finance,Finance Manager,106776,,Night
EMP-002695,2018-12-15,2021-12-21,John,George,Female,1982-02-05,2016-01-01,Finance,Finance Manager,128189,,Night
EMP-002695,2021-12-21,,John,George,Female,1982-02-05,2016-01-01,Supply Chain,Procurement Officer,138664,,Night
EMP-002696,2019-12-02,,Anne,John,Female,1991-08-13,2019-12-02,Warehouse,Forklift Operator,60422,,Off
EMP-002697,2021-09-06,,Kevin,Wambua,Female,2005-11-16,2021-09-06,HR,Recruiter,80082,,Off
EMP-002698,2016-01-01,,Betty,Emmanuel,Female,1962-12-08,2016-01-01,Sales,Promoter,117613,,Off
EMP-002699,2022-05-14,,Clifford,Nyambura,Female,2007-06-17,2022-05-14,Marketing,Marketing Manager,62057,,Night
EMP-002700,2016-02-17,2024-10-03,Emmanuel,Wangai,Female,1999-08-29,2016-02-17,Warehouse,Forklift Operator,100276,,Off
EMP-002700,2024-10-03,,Emmanuel,Wangai,Female,1999-08-29,2016-02-17,Warehouse,Forklift Operator,122955,,Off
EMP-002701,2016-01-01,,Mercy,Ouma,Female,1980-06-08,2016-01-01,IT,Developer,66101,,Night
EMP-002702,2016-01-01,,Margaret,Chelangat,Male,1983-04-09,2016-01-01,Supply Chain,Supply Chain Manager,63875,,Day
EMP-002703,2022-02-05,,Wanjiru,Bundi,Female,1975-12-01,2022-02-05,Sales,Promoter,119188,,Off
EMP-002704,2016-01-01,,Margaret,Odhiambo,Male,1972-10-12,2016-01-01,Finance,Cashier,54881,,Day
EMP-002705,2024-07-24,,Judy,Mutugi,Male,1980-12-14,2024-07-24,Marketing,Marketing Manager,43018,STOR-0038-DUP,Off
EMP-002706,2025-05-06,,Phanice,Wanjiru,Female,1971-06-07,2025-05-06,Supply Chain,Logistics Officer,46183,,Off
EMP-002707,2016-01-01,,Clara,Cheptoo,Female,1983-07-24,2016-01-01,IT,Systems Admin,41877,,Off
EMP-002708,2016-01-01,,Lewis,Mungai,Female,1984-04-20,2016-01-01,IT,Developer,33833,,Day
EMP-002709,2016-12-24,,Sarah,Waweru,Male,1996-07-08,2016-12-24,Finance,,77535,,Off
EMP-002710,2022-01-25,,Susan,Barasa,Female,1973-11-16,2022-01-25,Marketing,Brand Officer,92543,,Night
EMP-002711,2016-11-18,2019-08-08,Margaret,Cheptoo,Female,1967-03-22,2016-11-18,Warehouse,Warehouse Manager,106382,STOR-0114,Day
EMP-002711,2019-08-08,,Margaret,Cheptoo,Female,1967-03-22,2016-11-18,Warehouse,Warehouse Manager,130250,STOR-0114,Day
EMP-002712,2016-01-01,,Jacob,Ngure,Male,1964-04-13,2016-01-01,HR,Recruiter,42355,,Night
EMP-002713,2024-11-17,,Betty,Kimeu,Female,1991-09-26,2024-11-17,HR,Recruiter,68325,,Off
EMP-002714,2020-06-16,2025-01-19,Esther,Muiruri,Female,1990-09-02,2020-06-16,Finance,Accountant,47563,,Night
EMP-002714,2025-01-19,,Esther,Muiruri,Female,1990-09-02,2020-06-16,Finance,Accountant,50219,,Night
EMP-002715,2024-06-17,2025-05-14,Juma,Wambui,Female,1975-06-11,2024-06-17,Supply Chain,Supply Chain Manager,94593,STOR-0075,Off
EMP-002715,2025-05-14,,Juma,Wambui,Female,1975-06-11,2024-06-17,Supply Chain,Supply Chain Manager,114945,STOR-0075,Off
EMP-002716,2021-05-11,2022-04-14,Rose,Otieno,Female,1999-10-10,2021-05-11,Sales,Promoter,47953,STOR-0078,Night
EMP-002716,2022-04-14,2025-08-29,Rose,Otieno,Female,1999-10-10,2021-05-11,Sales,Promoter,51586,STOR-0078,Night
EMP-002716,2025-08-29,,Rose,Otieno,Female,1999-10-10,2021-05-11,Sales,Promoter,57622,STOR-0078,Night
EMP-002717,2016-04-17,,Dorcas,Ngatia,Male,1986-03-23,2016-04-17,HR,HR Officer,80810,,Day
EMP-002718,2016-01-01,,Akoth,Mwaura,Female,1972-01-18,2016-01-01,HR,HR Manager,57132,,Day
EMP-002719,2018-03-07,,Aisha,Kamau,Female,1992-11-05,2018-03-07,IT,Support,32964,,Off
EMP-002720,2017-01-20,,Simon,Odhiambo,Male,1995-09-04,2017-01-20,Supply Chain,Supply Chain Manager,34065,,Off
EMP-002721,2016-01-01,,Esther,Aden,Female,1970-09-16,2016-01-01,IT,Support,100478,STOR-0035,Night
EMP-002722,2018-02-07,2019-08-10,Mercy,Oduor,Male,1962-11-29,2018-02-07,Finance,Auditor,104874,,Day
EMP-002722,2019-08-10,,Mercy,Oduor,Male,1962-11-29,2018-02-07,Finance,Auditor,125712,,Day
EMP-002723,2021-07-25,,Amos,Osman,Male,2007-06-01,2021-07-25,Marketing,Brand Officer,64210,STOR-0004,Off
EMP-002724,2018-11-01,2025-12-04,Nyamai,Njeri,Male,1986-02-21,2018-11-01,Finance,Accountant,43396,,Night
EMP-002724,2025-12-04,,Nyamai,Njeri,Male,1986-02-21,2018-11-01,Finance,Accountant,46961,,Night
EMP-002725,2016-01-01,,Christine,Komen,Male,2005-05-30,2016-01-01,Finance,,68532,,Off
EMP-002726,2024-04-28,,Stephen,Chepkorir,Male,2004-11-07,2024-04-28,Finance,Finance Manager,30356,,Off
EMP-002727,2025-05-18,,Kenneth,Cherop,Female,1990-11-21,2025-05-18,HR,Recruiter,72523,,Day
EMP-002728,2023-12-09,,Christopher,Juma,Male,1966-03-22,2023-12-09,Marketing,Digital Officer,119586,,Day
EMP-002729,2020-11-17,2023-04-14,Emmanuel,Mwita,Male,1995-04-15,2020-11-17,Supply Chain,Supply Chain Manager,116269,,Night
EMP-002729,2023-04-14,2023-11-15,Emmanuel,Mwita,Male,1995-04-15,2020-11-17,Supply Chain,Supply Chain Manager,141103,,Night
EMP-002729,2023-11-15,,Emmanuel,Mwita,Male,1995-04-15,2020-11-17,Supply Chain,Supply Chain Manager,171641,,Night
EMP-002730,2016-01-01,,Bahati,Komora,Male,1993-03-24,2016-01-01,Marketing,Digital Officer,72263,,Night
EMP-002731,2016-01-01,,Eric,Mutie,Female,2000-12-11,2016-01-01,Supply Chain,Supply Chain Manager,63343,STOR-0054,Day
EMP-002732,2016-12-01,,Simon,Njenga,Female,2004-06-18,2016-12-01,HR,Recruiter,48828,,Day
EMP-002733,2021-02-26,2022-06-29,Margaret,Koech,Male,1969-02-13,2021-02-26,IT,IT Manager,86438,,Day
EMP-002733,2022-06-29,,Margaret,Koech,Male,1969-02-13,2021-02-26,IT,IT Manager,99532,,Day
EMP-002734,2020-10-10,,Andrew,Maiyo,Female,1997-03-05,2020-10-10,HR,HR Officer,96926,,Day
EMP-002735,2023-13-45,2023-13-45,George,Simon,Male,2023-13-45,2023-13-45,Marketing,Marketing Manager,53844,,Day
EMP-002736,2016-01-01,,Wanjala,Muhonja,Male,1996-09-02,2016-01-01,HR,HR Officer,100131,,Off
EMP-002737,2020-05-28,2025-06-25,Davis,Ngetich,Female,2000-05-22,2020-05-28,Supply Chain,Logistics Officer,96061,,Night
EMP-002737,2025-06-25,2026-01-25,Davis,Ngetich,Female,2000-05-22,2020-05-28,Supply Chain,Logistics Officer,100986,,Night
EMP-002737,2026-01-25,,Davis,Ngetich,Female,2000-05-22,2020-05-28,Supply Chain,Logistics Officer,111832,,Night
EMP-002738,2018-02-21,2024-03-27,Halima,Maingi,Female,1974-09-19,2018-02-21,Supply Chain,Supply Chain Manager,80144,,Night
EMP-002738,2024-03-27,,Halima,Maingi,Female,1974-09-19,2018-02-21,IT,IT Manager,94039,,Night
EMP-002739,2016-08-17,,Peris,Kariuki,Female,2001-05-14,2016-08-17,Sales,Customer Care,101439,,Night
EMP-002740,2021-09-20,,Nancy,Otieno,Female,1991-01-13,2021-09-20,Supply Chain,Logistics Officer,107206,,Night
EMP-002741,2018-09-17,,Florence,Juma,Male,1969-05-13,2018-09-17,HR,Recruiter,51917,,Day
EMP-002742,2022-02-05,,Kelly,Chacha,Female,1966-07-29,2022-02-05,Warehouse,Forklift Operator,114293,,Day
EMP-002743,2020-12-03,,Wanjohi,Brian,Male,1962-12-25,2020-12-03,IT,IT Manager,45275,STOR-0139,Off
EMP-002744,2016-01-01,,Daniel,Juma,Male,1980-12-01,2016-01-01,Supply Chain,,25923,STOR-0100,Off
EMP-002745,2016-01-01,,Kariuki,Kuria,Male,1989-05-21,2016-01-01,IT,Systems Admin,53763,,Day
EMP-002746,2022-09-20,,Nelima,Njiru,Male,1977-07-01,2022-09-20,Warehouse,Loader,61031,STOR-0131,Off
EMP-002747,2019-10-15,,Ahmed,Maweu,Female,1995-12-12,2019-10-15,Sales,Promoter,118565,,Night
EMP-002748,2023-09-26,,Rehema,Chebet,Female,1996-12-11,2023-09-26,Marketing,Marketing Manager,50035,,Off
EMP-002749,2024-04-24,,Harrison,Muiruri,Female,2007-11-25,2024-04-24,Sales,Promoter,111271,STOR-0056,Day
EMP-002750,2016-01-01,,Omondi,Moseti,Female,1984-07-23,2016-01-01,Supply Chain,Supply Chain Manager,82668,,Day
EMP-002751,2025-10-20,,Mary,Kosgei,Male,2007-05-31,2025-10-20,Marketing,Digital Officer,54182,,Off
EMP-002752,2016-01-01,,Kelvin,Musili,Female,1976-09-25,2016-01-01,IT,Systems Admin,38719,STOR-0080,Day
EMP-002753,2023-13-45,2023-13-45,Peter,Abdi,Female,2023-13-45,2023-13-45,Sales,Promoter,54729,STOR-0083,Day
EMP-002753,2018-10-10,2024-05-21,Peter,Abdi,Female,1975-03-31,2016-01-01,Sales,Promoter,68205,STOR-0083,Day
EMP-002753,2024-05-21,,Peter,Abdi,Female,1975-03-31,2016-01-01,Sales,Promoter,80233,STOR-0083,Day
EMP-002754,2016-01-01,2018-09-05,Kemboi,David,Female,1979-06-23,2016-01-01,IT,Support,84026,,Off
EMP-002754,2018-09-05,,Kemboi,David,Female,1979-06-23,2016-01-01,IT,Support,92593,,Off
EMP-002755,2018-06-14,,Susan,Rono,Female,1998-01-06,2018-06-14,IT,Developer,59524,,Night
EMP-002756,2016-01-01,,Benson,Mwendwa,Female,1971-09-18,2016-01-01,Supply Chain,Supply Chain Manager,81003,STOR-0006,Day
EMP-002757,2020-08-07,,Wambua,Ochieng,Male,1977-11-23,2020-08-07,Supply Chain,Supply Chain Manager,91326,,Day
EMP-002758,2021-08-23,,Ruth,Galgalo,Female,1970-05-07,2021-08-23,Warehouse,Loader,111841,,Day
EMP-002759,2016-01-01,,Kiplangat,Maina,Male,1978-12-06,2016-01-01,Supply Chain,Procurement Officer,68440,,Off
EMP-002760,2017-04-06,,Maryanne,Kiplimo,Male,1973-09-15,2017-04-06,Finance,Accountant,74271,STOR-0096,Day
EMP-002761,2017-10-14,2025-04-04,Joyce,Kipchumba,Female,2004-09-05,2017-10-14,Supply Chain,Supply Chain Manager,28141,STOR-0054,Night
EMP-002761,2025-04-04,2026-01-08,Joyce,Kipchumba,Female,2004-09-05,2017-10-14,Supply Chain,Supply Chain Manager,33116,STOR-0054,Night
EMP-002761,2026-01-08,,Joyce,Kipchumba,Female,2004-09-05,2017-10-14,Finance,Auditor,38348,STOR-0054,Night
EMP-002762,2016-01-01,2021-11-15,Mary,Gitonga,Male,1971-01-17,2016-01-01,Marketing,Digital Officer,71758,,Off
EMP-002762,2021-11-15,2025-09-18,Mary,Gitonga,Male,1971-01-17,2016-01-01,Marketing,Digital Officer,86537,,Off
EMP-002762,2025-09-18,,Mary,Gitonga,Male,1971-01-17,2016-01-01,IT,IT Manager,92715,,Off
EMP-002763,2016-01-01,,Kioko,Mohamed,Female,2001-09-03,2016-01-01,Finance,Accountant,46176,STOR-0020,Off
EMP-002764,2016-01-01,,Hassan,Macharia,Female,1996-10-06,2016-01-01,Finance,Accountant,54874,,Night
EMP-002765,2022-12-02,,Mohamed,Cheptoo,Female,1965-02-01,2022-12-02,Marketing,Digital Officer,58442,,Day
EMP-002766,2023-13-45,2023-13-45,Benjamin,Ali,Female,2023-13-45,2023-13-45,Warehouse,Loader,95256,,Off
EMP-002767,2016-01-26,2021-03-20,Agnes,Wambui,Male,1975-12-18,2016-01-26,Warehouse,Forklift Operator,108154,,Off
EMP-002767,2021-03-20,2021-10-16,Agnes,Wambui,Male,1975-12-18,2016-01-26,Supply Chain,Procurement Officer,130023,,Off
EMP-002767,2021-10-16,,Agnes,Wambui,Male,1975-12-18,2016-01-26,Supply Chain,Procurement Officer,150599,,Off
EMP-002768,2023-07-15,,Kelvin,Mamo,Male,1975-09-21,2023-07-15,HR,HR Manager,103614,,Night
EMP-002769,2016-01-01,2019-06-25,Clinton,Omondi,Male,1969-01-01,2016-01-01,Marketing,Brand Officer,56524,,Day
EMP-002769,2019-06-25,,Clinton,Omondi,Male,1969-01-01,2016-01-01,Marketing,Brand Officer,70236,,Day
EMP-002770,2018-10-19,,Kipruto,Bosibori,Male,2000-09-01,2018-10-19,IT,IT Manager,34485,STOR-0054,Off
EMP-002771,2017-07-16,,Damaris,Kiprop,Female,1996-08-05,2017-07-16,Finance,Accountant,37292,,Night
EMP-002772,2016-01-01,,Anthony,Opiyo,Female,1979-10-16,2016-01-01,Finance,Auditor,40767,,Day
EMP-002773,2023-13-45,2023-13-45,Njagi,Kipchirchir,Male,2023-13-45,2023-13-45,HR,Recruiter,76832,STOR-0112,Night
EMP-002773,2019-05-14,2022-07-24,Njagi,Kipchirchir,Male,1963-11-12,2017-06-03,HR,Recruiter,85926,STOR-0112,Night
EMP-002773,2022-07-24,,Njagi,Kipchirchir,Male,1963-11-12,2017-06-03,HR,Recruiter,101094,STOR-0112,Night
EMP-002774,2017-08-25,,Norah,Waweru,Female,1984-02-02,2017-08-25,Warehouse,Forklift Operator,53597,,Off
EMP-002775,2022-10-21,2025-08-22,Maureen,Kwamboka,Female,1996-10-12,2022-10-21,Finance,Cashier,101368,,Off
EMP-002775,2025-08-22,,Maureen,Kwamboka,Female,1996-10-12,2022-10-21,Finance,Cashier,125331,,Off
EMP-002776,2016-01-01,2018-08-30,Tsuma,Gichuhi,Female,1993-01-18,2016-01-01,Sales,Sales Associate,53355,STOR-0141,Night
EMP-002776,2018-08-30,,Tsuma,Gichuhi,Female,1993-01-18,2016-01-01,Supply Chain,Supply Chain Manager,57116,STOR-0141,Night
EMP-002777,2016-01-01,,Fredrick,Mutwiri,Female,1971-03-07,2016-01-01,Warehouse,Stock Keeper,62820,STOR-0066,Off
EMP-002778,2016-01-01,,Elizabeth,Wambui,Male,1999-03-22,2016-01-01,Warehouse,Warehouse Manager,64412,,Day
EMP-002779,2018-06-09,,Rose,Odhiambo,Male,2004-02-05,2018-06-09,HR,HR Officer,116194,,Off
EMP-002780,2016-01-01,,Lorna,Nderitu,Male,1977-07-20,2016-01-01,Sales,Customer Care,116315,,Night
EMP-002781,2020-04-03,2022-04-21,Ruth,Kioko,Female,1991-10-02,2020-04-03,Warehouse,Warehouse Manager,62947,,Night
EMP-002781,2022-04-21,2024-08-29,Ruth,Kioko,Female,1991-10-02,2020-04-03,Warehouse,Warehouse Manager,77893,,Night
EMP-002781,2024-08-29,,Ruth,Kioko,Female,1991-10-02,2020-04-03,HR,Recruiter,92503,,Night
EMP-002782,2016-01-23,,Maryann,Ndinda,Male,1994-10-10,2016-01-23,IT,Developer,90804,,Day
EMP-002783,2017-02-10,2025-08-12,Antony,Kisilu,Female,1996-01-10,2017-02-10,Warehouse,Warehouse Manager,67542,,Day
EMP-002783,2025-08-12,,Antony,Kisilu,Female,1996-01-10,2017-02-10,Warehouse,Warehouse Manager,71835,,Day
EMP-002784,2016-01-01,,Purity,Mutia,Female,1976-03-01,2016-01-01,Supply Chain,Procurement Officer,88685,,Day
EMP-002785,2016-01-01,2023-05-29,Wilson,Adow,Male,1981-05-26,2016-01-01,HR,HR Officer,93747,,Night
EMP-002785,2023-05-29,2025-03-24,Wilson,Adow,Male,1981-05-26,2016-01-01,HR,HR Officer,104077,,Night
EMP-002785,2025-03-24,,Wilson,Adow,Male,1981-05-26,2016-01-01,HR,HR Officer,124021,,Night
EMP-002786,2016-01-01,,Yvonne,Kiarie,Male,1965-10-26,2016-01-01,IT,Systems Admin,57032,STOR-0019,Night
EMP-002787,2016-01-13,,Susan,Halake,Male,1971-11-01,2016-01-13,Sales,Sales Associate,49207,,Day
EMP-002788,2020-11-23,2025-07-31,Abdallah,Ali,Female,1980-01-19,2020-11-23,Finance,Accountant,113510,,Day
EMP-002788,2025-07-31,,Abdallah,Ali,Female,1980-01-19,2020-11-23,Finance,Accountant,120714,,Day
EMP-002789,2016-01-01,2025-02-22,Winnie,Otieno,Female,1989-06-14,2016-01-01,HR,Recruiter,29806,,Day
EMP-002789,2025-02-22,,Winnie,Otieno,Female,1989-06-14,2016-01-01,HR,Recruiter,34766,,Day
EMP-002790,2022-07-08,2025-03-14,Sandra,Abdi,Male,1994-06-23,2022-07-08,Warehouse,Loader,41872,,Day
EMP-002790,2025-03-14,,Sandra,Abdi,Male,1994-06-23,2022-07-08,Warehouse,Loader,46862,,Day
EMP-002791,2016-01-01,2018-08-12,Caroline,Salim,Male,1996-10-30,2016-01-01,Warehouse,Warehouse Manager,73816,,Off
EMP-002791,2018-08-12,,Caroline,Salim,Male,1996-10-30,2016-01-01,Warehouse,Warehouse Manager,86673,,Off
EMP-002792,2016-05-18,2024-02-06,Hamisi,Mukami,Male,1961-02-04,2016-05-18,Finance,Finance Manager,54311,,Day
EMP-002792,2024-02-06,,Hamisi,Mukami,Male,1961-02-04,2016-05-18,Finance,Finance Manager,57523,,Day
EMP-002793,2022-02-26,,Margaret,Oyugi,Male,1977-03-21,2022-02-26,Warehouse,Loader,56884,,Night
EMP-002794,2019-06-05,,Phyllis,Nasimiyu,Female,1996-07-15,2019-06-05,Warehouse,Stock Keeper,49336,,Night
EMP-002795,2024-07-26,,Lucy,Mwangi,Female,1991-02-17,2024-07-26,Sales,Promoter,59564,,Night
EMP-002796,2016-01-01,,Metrine,Yegon,Female,1996-03-23,2016-01-01,Marketing,Digital Officer,71741,,Night
EMP-002797,2017-05-22,,Veronicah,Njeri,Female,1985-07-30,2017-05-22,IT,Developer,48245,,Day
EMP-002798,2020-12-06,,Josephine,Kyalo,Male,1964-01-24,2020-12-06,HR,Recruiter,73618,,Off
EMP-002799,2025-07-06,,Leonard,Kiptoo,Female,1986-01-01,2025-07-06,Finance,Finance Manager,108831,,Off
EMP-002800,2019-02-09,,Fancy,Chepkemoi,Female,2006-10-23,2019-02-09,HR,Recruiter,53727,,Off
EMP-002801,2019-08-25,2022-08-10,Julius,Wamalwa,Male,1968-08-14,2019-08-25,Finance,Auditor,81924,,Off
EMP-002801,2022-08-10,,Julius,Wamalwa,Male,1968-08-14,2019-08-25,IT,Support,100300,,Off
EMP-002802,2020-12-08,,Shadrack,Chebet,Male,1975-02-05,2020-12-08,Warehouse,Stock Keeper,51548,STOR-0100,Night
EMP-002803,2019-02-11,,John,Kilonzo,Male,1987-05-21,2019-02-11,HR,HR Manager,45532,,Off
EMP-002804,2016-12-21,2018-01-25,Ali,Omar,Female,2004-05-09,2016-12-21,IT,Systems Admin,67464,,Off
EMP-002804,2018-01-25,2022-07-01,Ali,Omar,Female,2004-05-09,2016-12-21,Marketing,Brand Officer,83972,,Off
EMP-002804,2022-07-01,,Ali,Omar,Female,2004-05-09,2016-12-21,Marketing,Brand Officer,104442,,Off
EMP-002805,2023-02-13,,Linda,Ojiambo,Male,1964-07-06,2023-02-13,Marketing,Digital Officer,44282,,Night
EMP-002806,2016-01-01,,Wambui,Mukami,Male,1982-12-16,2016-01-01,Finance,Finance Manager,113317,STOR-0022,Day
EMP-002807,2024-02-01,2024-12-21,Shadrack,Omondi,Male,1984-05-25,2024-02-01,Warehouse,Warehouse Manager,90156,,Night
EMP-002807,2024-12-21,,Shadrack,Omondi,Male,1984-05-25,2024-02-01,Warehouse,Warehouse Manager,108180,,Night
EMP-002808,2016-01-01,,Abraham,Otieno,Male,1989-11-30,2016-01-01,IT,Support,88173,STOR-0005,Off
EMP-002809,2018-10-07,,Ken,Ali,Female,1995-08-07,2018-10-07,Sales,Promoter,41054,STOR-0102,Day
EMP-002810,2024-07-06,2025-01-07,Asha,Akoth,Female,1993-10-07,2024-07-06,Finance,Cashier,43894,,Off
EMP-002810,2025-01-07,2025-09-04,Asha,Akoth,Female,1993-10-07,2024-07-06,Finance,Cashier,47230,,Off
EMP-002810,2025-09-04,,Asha,Akoth,Female,1993-10-07,2024-07-06,Finance,Cashier,56754,,Off
EMP-002811,2016-10-04,,Alice,Adhiambo,Male,1992-08-18,2016-10-04,HR,HR Manager,101687,STOR-0020-DUP,Off
EMP-002812,2016-07-27,,Solomon,Ibrahim,Male,1989-09-30,2016-07-27,IT,Developer,91273,,Day
EMP-002813,2016-01-01,2018-05-05,Nekesa,Kimathi,Male,1978-12-09,2016-01-01,Marketing,Brand Officer,119189,,Night
EMP-002813,2018-05-05,2022-07-25,Nekesa,Kimathi,Male,1978-12-09,2016-01-01,Marketing,Brand Officer,125734,,Night
EMP-002813,2022-07-25,,Nekesa,Kimathi,Male,1978-12-09,2016-01-01,Sales,Senior Sales,132577,,Night
EMP-002814,2016-06-08,2022-12-12,Elizabeth,Wachira,Male,1970-02-12,2016-06-08,IT,IT Manager,29307,,Night
EMP-002814,2022-12-12,2025-04-14,Elizabeth,Wachira,Male,1970-02-12,2016-06-08,Sales,Sales Associate,32669,,Night
EMP-002814,2025-04-14,,Elizabeth,Wachira,Male,1970-02-12,2016-06-08,Sales,Sales Associate,37495,,Night
EMP-002815,2018-12-19,,John,Mbatha,Male,1974-02-07,2018-12-19,Sales,Sales Associate,50518,,Night
EMP-002816,2025-11-14,,Mohamed,Wambua,Male,1969-09-11,2025-11-14,Supply Chain,Supply Chain Manager,111086,,Off
EMP-002817,2016-01-01,,Muthoni,Odiwuor,Female,1962-10-01,2016-01-01,Supply Chain,Logistics Officer,59773,,Day
EMP-002818,2025-10-07,,Francis,Achieng,Female,1993-03-19,2025-10-07,Sales,Sales Associate,57905,STOR-0024,Day
EMP-002819,2016-01-01,2023-08-28,Roselyne,Mwendia,Female,1968-09-06,2016-01-01,Supply Chain,Supply Chain Manager,111003,STOR-0042,Day
EMP-002819,2023-08-28,2025-03-09,Roselyne,Mwendia,Female,1968-09-06,2016-01-01,Supply Chain,Supply Chain Manager,133656,STOR-0042,Day
EMP-002819,2025-03-09,,Roselyne,Mwendia,Female,1968-09-06,2016-01-01,Supply Chain,Supply Chain Manager,158604,STOR-0042,Day
EMP-002820,2016-01-01,,Hesbon,Muthama,Female,1969-04-09,2016-01-01,IT,IT Manager,57302,,Day
EMP-002821,2018-09-24,,Andrew,Mogaka,Male,1987-10-23,2018-09-24,Finance,Cashier,97550,,Day
EMP-002822,2020-04-03,2021-11-12,Muli,Mutia,Male,1987-01-22,2020-04-03,HR,,116142,,Off
EMP-002822,2023-13-45,2023-13-45,Muli,Mutia,Male,2023-13-45,2023-13-45,HR,HR Manager,132306,,Off
EMP-002823,2016-01-01,2018-08-21,Mohamed,Omondi,Female,1962-01-14,2016-01-01,Supply Chain,Supply Chain Manager,37960,STOR-0023,Night
EMP-002823,2018-08-21,,Mohamed,Omondi,Female,1962-01-14,2016-01-01,Sales,Customer Care,41935,STOR-0023,Night
EMP-002824,2016-01-01,,Michael,John,Male,2007-03-05,2016-01-01,Marketing,Marketing Manager,46177,STOR-0134,Off
EMP-002825,2019-02-04,,Martin,Kinya,Male,1983-11-18,2019-02-04,Warehouse,Forklift Operator,107837,,Day
EMP-002826,2016-07-16,,Musyoka,Chepkwony,Male,1961-02-22,2016-07-16,Supply Chain,Logistics Officer,73300,,Night
EMP-002827,2016-01-01,,Kioko,Wairimu,Male,1993-08-31,2016-01-01,Supply Chain,Procurement Officer,29916,STOR-0128,Night
EMP-002828,2022-02-26,2023-04-18,Daniel,Mwaura,Male,2002-08-17,2022-02-26,IT,Developer,47193,,Day
EMP-002828,2023-04-18,2025-12-17,Daniel,Mwaura,Male,2002-08-17,2022-02-26,IT,Developer,58964,,Day
EMP-002828,2025-12-17,,Daniel,Mwaura,Male,2002-08-17,2022-02-26,IT,Developer,66938,,Day
EMP-002829,2016-01-01,,Otieno,Barasa,Male,1968-06-04,2016-01-01,Finance,Accountant,78865,,Night
EMP-002830,2022-02-14,2025-06-13,Rebecca,Gachanja,Male,1977-06-07,2022-02-14,IT,Developer,70140,,Night
EMP-002830,2025-06-13,2026-01-20,Rebecca,Gachanja,Male,1977-06-07,2022-02-14,Finance,Accountant,79979,,Night
EMP-002830,2026-01-20,,Rebecca,Gachanja,Male,1977-06-07,2022-02-14,Finance,Accountant,86595,,Night
EMP-002831,2021-05-16,,Evans,Wandera,Male,1967-08-12,2021-05-16,Marketing,Marketing Manager,117744,,Off
EMP-002832,2021-07-13,2022-10-29,Margaret,Mwaniki,Female,1972-12-05,2021-07-13,IT,Developer,91412,,Off
EMP-002832,2022-10-29,,Margaret,Mwaniki,Female,1972-12-05,2021-07-13,IT,Developer,110513,,Off
EMP-002833,2016-01-01,,Mitchelle,Kipruto,Female,2003-10-11,2016-01-01,Marketing,Digital Officer,69660,,Night
EMP-002834,2016-06-12,,Wanjiru,Juma,Female,1987-11-27,2016-06-12,Supply Chain,Logistics Officer,63829,STOR-0048,Night
EMP-002835,2024-03-13,2025-08-06,Peter,Mumba,Male,1970-07-20,2024-03-13,HR,HR Manager,110643,,Night
EMP-002835,2025-08-06,,Peter,Mumba,Male,1970-07-20,2024-03-13,HR,HR Manager,131525,,Night
EMP-002836,2016-01-01,2022-12-18,Joseph,Achieng,Female,1964-01-25,2016-01-01,Sales,Customer Care,110709,STOR-0029,Day
EMP-002836,2022-12-18,2025-03-09,Joseph,Achieng,Female,1964-01-25,2016-01-01,Marketing,Brand Officer,121132,STOR-0029,Day
EMP-002836,2025-03-09,,Joseph,Achieng,Female,1964-01-25,2016-01-01,Marketing,Brand Officer,129184,STOR-0029,Day
EMP-002837,2016-01-01,,Nicholus,Thuo,Female,1976-05-07,2016-01-01,HR,HR Manager,25674,,Off
EMP-002838,2023-09-20,2025-04-18,Erick,Auma,Female,1964-10-09,2023-09-20,Sales,Customer Care,38145,,Off
EMP-002838,2025-04-18,2026-01-05,Erick,Auma,Female,1964-10-09,2023-09-20,Sales,Customer Care,45243,,Off
EMP-002838,2026-01-05,,Erick,Auma,Female,1964-10-09,2023-09-20,Sales,Customer Care,53427,,Off
EMP-002839,2016-01-01,,Sharon,Omar,Male,1978-12-03,2016-01-01,Supply Chain,Logistics Officer,46146,,Day
EMP-002840,2016-01-01,,Kariuki,Terer,Male,1989-01-18,2016-01-01,Finance,Accountant,95261,,Night
EMP-002841,2021-10-19,2022-06-19,Hassan,Onyancha,Male,1972-12-19,2021-10-19,IT,Developer,29187,,Day
EMP-002841,2022-06-19,2022-12-16,Hassan,Onyancha,Male,1972-12-19,2021-10-19,IT,Developer,32241,,Day
EMP-002841,2022-12-16,,Hassan,Onyancha,Male,1972-12-19,2021-10-19,Supply Chain,Procurement Officer,39984,,Day
EMP-002842,2021-02-23,2024-01-25,David,Mutie,Male,1975-01-09,2021-02-23,Sales,Promoter,70485,,Night
EMP-002842,2024-01-25,2025-07-24,David,Mutie,Male,1975-01-09,2021-02-23,Sales,Promoter,76138,,Night
EMP-002842,2025-07-24,,David,Mutie,Male,1975-01-09,2021-02-23,Sales,Promoter,86528,,Night
EMP-002843,2016-01-01,,Maina,Mumo,Male,1989-12-03,2016-01-01,Sales,,89143,,Day
EMP-002844,2017-01-05,2023-03-12,George,Krop,Female,1985-05-04,2017-01-05,IT,IT Manager,34540,,Night
EMP-002844,2023-03-12,2024-12-23,George,Krop,Female,1985-05-04,2017-01-05,Finance,Finance Manager,42785,,Night
EMP-002844,2024-12-23,,George,Krop,Female,1985-05-04,2017-01-05,Finance,Finance Manager,48515,,Night
EMP-002845,2020-03-26,,Mohamed,Rutto,Male,2007-01-28,2020-03-26,Supply Chain,Logistics Officer,37531,STOR-0068,Night
EMP-002846,2024-05-24,,Njagi,Muindi,Female,1983-02-20,2024-05-24,Marketing,Marketing Manager,97168,,Day
EMP-002847,2016-01-01,,Njoroge,Jerotich,Male,2000-09-03,2016-01-01,Supply Chain,Supply Chain Manager,90237,STOR-0144,Off
EMP-002848,2017-08-18,,Evance,Korir,Male,2004-11-06,2017-08-18,IT,IT Manager,112508,,Day
EMP-002849,2018-04-27,,Odhiambo,Ndegwa,Female,1966-07-15,2018-04-27,Marketing,Brand Officer,103153,,Night
EMP-002850,2021-08-26,,Jacinta,Hassan,Female,2001-07-21,2021-08-26,Finance,Cashier,116471,,Off
EMP-002851,2016-01-01,,Emmanuel,Nganga,Male,2005-02-16,2016-01-01,HR,HR Officer,108575,,Night
EMP-002852,2023-01-13,2023-12-12,Halima,Wafula,Male,1990-12-07,2023-01-13,Sales,Sales Associate,75922,,Night
EMP-002852,2023-12-12,2024-08-06,Halima,Wafula,Male,1990-12-07,2023-01-13,Sales,Sales Associate,89413,,Night
EMP-002852,2024-08-06,,Halima,Wafula,Male,1990-12-07,2023-01-13,Sales,Sales Associate,100993,,Night
EMP-002853,2016-01-01,,Rahma,Joseph,Female,1981-02-11,2016-01-01,Finance,Finance Manager,83216,,Day
EMP-002854,2019-10-18,,Eunice,Meli,Male,1974-05-06,2019-10-18,Sales,Promoter,71886,,Day
EMP-002855,2025-12-13,,Mugo,Atieno,Male,1969-04-19,2025-12-13,IT,Systems Admin,108905,,Night
EMP-002856,2025-03-11,2025-12-24,Patrick,Kipngetich,Female,1977-10-13,2025-03-11,Supply Chain,Procurement Officer,94665,,Day
EMP-002856,2025-12-24,,Patrick,Kipngetich,Female,1977-10-13,2025-03-11,Supply Chain,Procurement Officer,104589,,Day
EMP-002857,2016-05-17,2018-11-12,Emmah,Mwaka,Male,1991-02-13,2016-05-17,Sales,Sales Associate,60901,,Off
EMP-002857,2018-11-12,,Emmah,Mwaka,Male,1991-02-13,2016-05-17,Finance,Cashier,75931,,Off
EMP-002858,2022-10-04,,Lydiah,Maina,Male,1989-02-10,2022-10-04,Finance,Cashier,66330,,Off
EMP-002859,2016-01-01,,Humphrey,Kaberia,Female,1962-02-01,2016-01-01,Supply Chain,Supply Chain Manager,26959,,Day
EMP-002860,2017-04-08,,Charles,Macharia,Male,1969-05-16,2017-04-08,Marketing,Marketing Manager,106341,,Off
EMP-002861,2016-01-01,,Juma,Karuri,Female,1964-09-26,2016-01-01,Sales,Customer Care,108890,,Day
EMP-002862,2016-01-01,,Janet,Masinde,Male,1987-08-25,2016-01-01,Supply Chain,Procurement Officer,104311,,Day
EMP-002863,2024-03-04,2024-10-28,Mwaura,Kazungu,Male,1995-07-17,2024-03-04,HR,Recruiter,45574,,Day
EMP-002863,2024-10-28,,Mwaura,Kazungu,Male,1995-07-17,2024-03-04,HR,Recruiter,51583,,Day
EMP-002864,2016-01-01,,Charles,Tonui,Female,1986-09-28,2016-01-01,Marketing,Marketing Manager,102377,,Night
EMP-002865,2025-01-13,2025-10-25,Wanjohi,Waweru,Male,2001-12-02,2025-01-13,Warehouse,Loader,71524,,Day
EMP-002865,2025-10-25,,Wanjohi,Waweru,Male,2001-12-02,2025-01-13,Warehouse,Warehouse Manager,87890,,Day
EMP-002866,2021-01-06,2023-05-12,Mwangi,Otieno,Female,1999-07-08,2021-01-06,Warehouse,Warehouse Manager,79786,,Off
EMP-002866,2023-05-12,,Mwangi,Otieno,Female,1999-07-08,2021-01-06,Warehouse,Loader,87444,,Off
EMP-002867,2017-08-20,,Masika,Otieno,Female,1995-06-30,2017-08-20,HR,HR Manager,104128,,Day
EMP-002868,2020-07-04,,Okoth,Mwai,Male,1996-04-30,2020-07-04,HR,HR Manager,49144,,Night
EMP-002869,2025-02-17,,Fredrick,Mulongo,Female,1980-10-07,2025-02-17,Marketing,Brand Officer,71386,STOR-0080,Day
EMP-002870,2017-01-10,2021-04-30,Ann,Wainaina,Male,1972-03-29,2017-01-10,Supply Chain,Supply Chain Manager,53468,,Day
EMP-002870,2021-04-30,2022-03-17,Ann,Wainaina,Male,1972-03-29,2017-01-10,Marketing,Brand Officer,58420,,Day
EMP-002870,2022-03-17,,Ann,Wainaina,Male,1972-03-29,2017-01-10,Marketing,Brand Officer,61704,,Day
EMP-002871,2019-06-13,2021-03-14,Mugo,Chebet,Male,2004-02-15,2019-06-13,Finance,Auditor,62740,,Night
EMP-002871,2021-03-14,,Mugo,Chebet,Male,2004-02-15,2019-06-13,Finance,Cashier,74054,,Night
EMP-002872,2016-01-01,2021-02-03,Rahma,Wanjala,Male,1969-08-25,2016-01-01,HR,Recruiter,81086,STOR-0110,Night
EMP-002872,2021-02-03,,Rahma,Wanjala,Male,1969-08-25,2016-01-01,HR,HR Officer,91116,STOR-0110,Night
EMP-002873,2016-01-01,,Josphine,Odhiambo,Female,1977-07-18,2016-01-01,Supply Chain,Logistics Officer,45987,,Off
EMP-002874,2016-01-01,,Anastacia,Ouma,Female,1968-07-03,2016-01-01,Sales,Sales Associate,45431,,Day
EMP-002875,2025-11-18,,John,Wangari,Female,2001-10-12,2025-11-18,Marketing,Brand Officer,28151,,Night
EMP-002876,2020-04-05,,Angeline,Wangui,Male,1997-12-23,2020-04-05,Warehouse,Loader,114647,,Off
EMP-002877,2016-01-01,,Nicholas,Hassan,Male,2002-03-18,2016-01-01,Supply Chain,Logistics Officer,92740,,Off
EMP-002878,2017-08-03,2025-01-07,Philip,Wakio,Female,2003-03-13,2017-08-03,Sales,Customer Care,44952,,Day
EMP-002878,2025-01-07,,Philip,Wakio,Female,2003-03-13,2017-08-03,Warehouse,Forklift Operator,54970,,Day
EMP-002879,2017-10-25,2019-10-24,John,Musyoka,Female,1979-08-19,2017-10-25,IT,Systems Admin,56888,,Day
EMP-002879,2019-10-24,2022-06-25,John,Musyoka,Female,1979-08-19,2017-10-25,IT,Systems Admin,65116,,Day
EMP-002879,2022-06-25,,John,Musyoka,Female,1979-08-19,2017-10-25,IT,Systems Admin,80980,,Day
EMP-002880,2022-10-07,,Brendah,Kiplangat,Female,2000-04-16,2022-10-07,Warehouse,Forklift Operator,95172,,Day
EMP-002881,2025-07-11,2026-01-22,Mohamed,Oketch,Male,1986-08-05,2025-07-11,IT,IT Manager,69672,STOR-0135,Day
EMP-002881,2023-13-45,2023-13-45,Mohamed,Oketch,Male,2023-13-45,2023-13-45,IT,IT Manager,75740,STOR-0135,Day
EMP-002882,2022-06-06,,Benard,Ondieki,Male,2001-09-21,2022-06-06,Marketing,Brand Officer,76500,,Night
EMP-002883,2021-02-26,2024-05-28,Amani,Ombati,Male,1975-08-13,2021-02-26,Warehouse,Forklift Operator,48996,STOR-0081,Night
EMP-002883,2024-05-28,,Amani,Ombati,Male,1975-08-13,2021-02-26,Warehouse,Forklift Operator,59957,STOR-0081,Night
EMP-002884,2022-06-25,,Samwel,Mueni,Female,1987-07-06,2022-06-25,HR,HR Officer,86507,STOR-0067,Off
EMP-002885,2023-03-06,2025-03-27,Michael,Hussein,Female,1990-02-15,2023-03-06,Finance,Cashier,117819,,Day
EMP-002885,2025-03-27,2025-10-21,Michael,Hussein,Female,1990-02-15,2023-03-06,Warehouse,Stock Keeper,142009,,Day
EMP-002885,2025-10-21,,Michael,Hussein,Female,1990-02-15,2023-03-06,Warehouse,Stock Keeper,171005,,Day
EMP-002886,2023-13-45,2023-13-45,Teresa,Kamau,Female,2023-13-45,2023-13-45,Finance,Auditor,94970,STOR-0029,Day
EMP-002887,2023-03-25,,Wangari,Wawira,Male,1972-08-01,2023-03-25,HR,Recruiter,118187,,Off
EMP-002888,2016-01-01,,Otieno,Kiprop,Female,1972-11-16,2016-01-01,IT,Systems Admin,58738,,Night
EMP-002889,2016-01-01,2019-07-08,Esther,Mohamed,Male,1971-09-08,2016-01-01,Finance,Auditor,111080,,Day
EMP-002889,2019-07-08,,Esther,Mohamed,Male,1971-09-08,2016-01-01,Finance,Auditor,135401,,Day
EMP-002890,2024-09-28,2025-04-22,Halima,Gakii,Female,1973-05-19,2024-09-28,Marketing,Digital Officer,112573,,Day
EMP-002890,2025-04-22,2025-11-15,Halima,Gakii,Female,1973-05-19,2024-09-28,Marketing,,135335,,Day
EMP-002890,2025-11-15,,Halima,Gakii,Female,1973-05-19,2024-09-28,IT,Support,159051,,Day
EMP-002891,2021-02-28,2025-01-28,Samuel,Abdullahi,Male,2004-07-01,2021-02-28,IT,Developer,116503,,Night
EMP-002891,2025-01-28,,Samuel,Abdullahi,Male,2004-07-01,2021-02-28,IT,Systems Admin,125386,,Night
EMP-002892,2019-08-18,,Ibrahim,Maalim,Male,1961-05-27,2019-08-18,Marketing,Marketing Manager,56852,,Off
EMP-002893,2016-01-01,,Mary,Kiptoo,Male,1962-01-03,2016-01-01,Marketing,Brand Officer,66504,,Night
EMP-002894,2016-01-01,,Mohamed,Otieno,Female,2004-06-15,2016-01-01,HR,HR Officer,53797,,Off
EMP-002895,2016-01-01,,Immaculate,Hassan,Male,1966-04-15,2016-01-01,Supply Chain,Procurement Officer,28547,,Day
EMP-002896,2018-03-13,,Samwel,Nzai,Female,2001-05-28,2018-03-13,Supply Chain,Supply Chain Manager,96190,,Day
EMP-002897,2022-01-26,,John,Eregae,Female,1967-11-02,2022-01-26,IT,Systems Admin,115615,,Night
EMP-002898,2016-07-01,,Adam,Kimeli,Male,1966-05-19,2016-07-01,Supply Chain,Supply Chain Manager,108901,,Off
EMP-002899,2016-01-01,2024-01-19,Collins,Mwenda,Female,1998-11-25,2016-01-01,Finance,Auditor,61691,,Day
EMP-002899,2024-01-19,,Collins,Mwenda,Female,1998-11-25,2016-01-01,Finance,Auditor,65176,,Day
EMP-002900,2021-02-19,2022-12-11,Abigael,Nyambura,Female,1993-03-10,2021-02-19,Warehouse,Stock Keeper,31542,,Day
EMP-002900,2022-12-11,2024-06-21,Abigael,Nyambura,Female,1993-03-10,2021-02-19,Warehouse,Stock Keeper,38928,,Day
EMP-002900,2024-06-21,,Abigael,Nyambura,Female,1993-03-10,2021-02-19,Warehouse,Stock Keeper,45675,,Day
EMP-002901,2025-06-26,,David,Kipsang,Male,2003-04-20,2025-06-26,IT,IT Manager,95895,STOR-0056,Off
EMP-002902,2019-05-21,2020-10-01,Kimathi,Mohamed,Male,1963-08-18,2019-05-21,Sales,Sales Associate,61942,,Day
EMP-002902,2020-10-01,2025-11-16,Kimathi,Mohamed,Male,1963-08-18,2019-05-21,Sales,Sales Associate,74906,,Day
EMP-002902,2025-11-16,,Kimathi,Mohamed,Male,1963-08-18,2019-05-21,Finance,Accountant,85865,,Day
EMP-002903,2020-04-17,2021-12-28,Samson,Kosgei,Male,1988-11-09,2020-04-17,Marketing,Digital Officer,38504,,Off
EMP-002903,2021-12-28,2022-06-27,Samson,Kosgei,Male,1988-11-09,2020-04-17,Marketing,Digital Officer,41332,,Off
EMP-002903,2022-06-27,,Samson,Kosgei,Male,1988-11-09,2020-04-17,Marketing,Digital Officer,44433,,Off
EMP-002904,2016-01-01,,Everline,Mohamed,Female,1989-08-31,2016-01-01,IT,IT Manager,38514,STOR-0133,Night
EMP-002905,2016-01-01,,Duncan,Awuor,Female,1980-02-13,2016-01-01,Supply Chain,Supply Chain Manager,96947,,Day
EMP-002906,2023-13-45,2023-13-45,Felix,Muhia,Male,2023-13-45,2023-13-45,Marketing,Marketing Manager,78057,STOR-0135,Off
EMP-002907,2025-12-04,,Caroline,Jeptoo,Male,1968-03-31,2025-12-04,HR,HR Manager,38985,,Night
EMP-002908,2016-01-01,,Kiprop,Kabui,Female,1975-11-17,2016-01-01,IT,Support,75512,,Off
EMP-002909,2016-03-14,,Ibrahim,Karuri,Male,1984-11-29,2016-03-14,Sales,Senior Sales,30463,,Day
EMP-002910,2021-04-09,,Samuel,Langat,Male,1985-02-17,2021-04-09,Finance,Accountant,102078,,Night
EMP-002911,2021-04-12,2023-01-21,Beryl,Muktar,Male,1963-07-20,2021-04-12,Warehouse,Loader,100825,,Off
EMP-002911,2023-01-21,,Beryl,Muktar,Male,1963-07-20,2021-04-12,Warehouse,,119690,,Off
EMP-002912,2016-01-01,2019-07-30,Simon,Muli,Female,2001-05-27,2016-01-01,Supply Chain,Logistics Officer,88173,,Day
EMP-002912,2019-07-30,2025-11-05,Simon,Muli,Female,2001-05-27,2016-01-01,Supply Chain,Supply Chain Manager,100169,,Day
EMP-002912,2025-11-05,,Simon,Muli,Female,2001-05-27,2016-01-01,Supply Chain,,109194,,Day
EMP-002913,2023-13-45,2023-13-45,Festus,Marwa,Female,2023-13-45,2023-13-45,Warehouse,Warehouse Manager,51528,,Off
EMP-002914,2024-03-16,2024-12-01,Ahmed,Muriungi,Male,1984-04-22,2024-03-16,Supply Chain,Supply Chain Manager,81360,,Off
EMP-002914,2024-12-01,2025-09-12,Ahmed,Muriungi,Male,1984-04-22,2024-03-16,Supply Chain,Supply Chain Manager,93427,,Off
EMP-002914,2025-09-12,,Ahmed,Muriungi,Male,1984-04-22,2024-03-16,Finance,Accountant,99298,,Off
EMP-002915,2020-03-28,2021-05-19,Beth,Nasimiyu,Male,1978-08-29,2020-03-28,IT,Developer,64298,,Day
EMP-002915,2021-05-19,2025-03-24,Beth,Nasimiyu,Male,1978-08-29,2020-03-28,IT,Developer,74996,,Day
EMP-002915,2025-03-24,,Beth,Nasimiyu,Male,1978-08-29,2020-03-28,IT,Developer,82780,,Day
EMP-002916,2016-01-01,,John,Obare,Female,1970-09-18,2016-01-01,Sales,Senior Sales,54328,,Off
EMP-002917,2025-08-15,,Agnes,Wambui,Female,1970-08-28,2025-08-15,Marketing,Marketing Manager,40842,STOR-0129,Night
EMP-002918,2022-04-01,2023-01-10,Valentine,Baya,Female,1993-02-26,2022-04-01,Supply Chain,Logistics Officer,33058,,Day
EMP-002918,2023-01-10,,Valentine,Baya,Female,1993-02-26,2022-04-01,Supply Chain,Logistics Officer,39984,,Day
EMP-002919,2016-01-01,,Dennis,Mwaura,Female,1979-07-20,2016-01-01,Marketing,Brand Officer,89075,,Off
EMP-002920,2025-12-22,,Kevin,Wangui,Female,1969-04-11,2025-12-22,HR,Recruiter,37312,,Off
EMP-002921,2025-02-13,,George,Mbugua,Male,1982-04-30,2025-02-13,Finance,Auditor,70857,,Night
EMP-002922,2019-01-20,,Noah,Yussuf,Female,1988-10-07,2019-01-20,IT,Support,93683,STOR-0050,Night
EMP-002923,2016-01-01,,Mary,Waithira,Male,1970-01-02,2016-01-01,Finance,Finance Manager,46165,STOR-0073,Day
EMP-002924,2021-04-25,,Sheila,Mwangangi,Female,1977-05-02,2021-04-25,HR,HR Officer,51252,STOR-0047,Day
EMP-002925,2018-04-20,2023-05-02,Elvis,Kipngetich,Male,1997-04-05,2018-04-20,Marketing,Marketing Manager,85116,,Off
EMP-002925,2023-05-02,,Elvis,Kipngetich,Male,1997-04-05,2018-04-20,Marketing,Marketing Manager,94655,,Off
EMP-002926,2016-01-01,2023-01-13,Musyoki,Kimathi,Male,1976-04-04,2016-01-01,Supply Chain,Logistics Officer,101905,,Night
EMP-002926,2023-01-13,,Musyoki,Kimathi,Male,1976-04-04,2016-01-01,Supply Chain,Logistics Officer,116278,,Night
EMP-002927,2022-12-27,2025-12-08,Daniel,Jeptoo,Male,1996-06-16,2022-12-27,Warehouse,Forklift Operator,26168,,Day
EMP-002927,2023-13-45,2023-13-45,Daniel,Jeptoo,Male,2023-13-45,2023-13-45,IT,Systems Admin,27537,,Day
EMP-002928,2024-06-20,,Agnes,Gitari,Female,1975-07-11,2024-06-20,HR,HR Officer,51647,,Night
EMP-002929,2021-08-03,,Margaret,Adan,Male,1960-10-17,2021-08-03,IT,Systems Admin,39129,,Night
EMP-002930,2018-07-08,,Kennedy,Mulei,Male,1985-04-05,2018-07-08,Marketing,Digital Officer,79154,STOR-0100,Night
EMP-002931,2016-01-01,,Daudi,Mutio,Male,1968-02-04,2016-01-01,Sales,Senior Sales,115790,,Off
EMP-002932,2016-01-01,,David,Njoki,Female,1970-01-30,2016-01-01,Finance,Auditor,95611,,Off
EMP-002933,2016-01-01,,Philip,Wambui,Female,1998-02-16,2016-01-01,Sales,Sales Associate,115335,STOR-0037,Day
EMP-002934,2016-01-01,2020-01-29,Velma,Khamis,Male,1977-02-06,2016-01-01,Marketing,Brand Officer,27289,,Off
EMP-002934,2020-01-29,2022-06-24,Velma,Khamis,Male,1977-02-06,2016-01-01,Marketing,Brand Officer,29048,,Off
EMP-002934,2022-06-24,,Velma,Khamis,Male,1977-02-06,2016-01-01,Marketing,Brand Officer,32780,,Off
EMP-002935,2025-02-13,,David,Abdi,Male,2007-12-12,2025-02-13,Marketing,Marketing Manager,32473,STOR-0051,Day
EMP-002936,2016-07-20,2024-04-08,Margaret,Kiptoo,Female,1962-05-23,2016-07-20,Marketing,Marketing Manager,26686,,Day
EMP-002936,2024-04-08,,Margaret,Kiptoo,Female,1962-05-23,2016-07-20,Sales,Promoter,30581,,Day
EMP-002937,2024-09-04,2025-10-14,Njeri,Nkatha,Male,2005-09-12,2024-09-04,Marketing,Marketing Manager,65595,STOR-0137,Day
EMP-002937,2025-10-14,,Njeri,Nkatha,Male,2005-09-12,2024-09-04,Marketing,Marketing Manager,76746,STOR-0137,Day
EMP-002938,2016-01-01,,Samuel,Omolo,Female,1971-05-13,2016-01-01,IT,Systems Admin,106919,,Off
EMP-002939,2018-12-08,,Peter,Wanyonyi,Male,1965-12-22,2018-12-08,Marketing,Brand Officer,79677,,Day
EMP-002940,2016-01-01,2019-01-15,Denis,Otieno,Female,1988-12-10,2016-01-01,Sales,Sales Associate,43393,STOR-0110,Off
EMP-002940,2019-01-15,2026-01-16,Denis,Otieno,Female,1988-12-10,2016-01-01,Sales,Sales Associate,48093,STOR-0110,Off
EMP-002940,2026-01-16,,Denis,Otieno,Female,1988-12-10,2016-01-01,Finance,Auditor,57182,STOR-0110,Off
EMP-002941,2021-12-08,,George,Odiwuor,Male,1996-06-28,2021-12-08,Sales,Sales Associate,29762,STOR-0141,Day
EMP-002942,2016-01-01,2022-03-26,Nancy,Ibrahim,Male,1988-08-08,2016-01-01,HR,HR Manager,104254,,Off
EMP-002942,2022-03-26,,Nancy,Ibrahim,Male,1988-08-08,2016-01-01,HR,HR Manager,127400,,Off
EMP-002943,2019-03-22,,Isaiah,Gatwiri,Male,1961-07-01,2019-03-22,HR,HR Officer,55511,,Night
EMP-002944,2016-01-01,,Antony,Atieno,Female,2004-04-26,2016-01-01,HR,Recruiter,80986,,Day
EMP-002945,2022-03-22,,Peter,Tonui,Female,1994-11-06,2022-03-22,IT,Systems Admin,78630,STOR-0111,Off
EMP-002946,2016-01-01,2024-03-21,Francis,Ngugi,Female,1989-06-05,2016-01-01,Marketing,Brand Officer,108870,,Night
EMP-002946,2024-03-21,,Francis,Ngugi,Female,1989-06-05,2016-01-01,Marketing,Brand Officer,131293,,Night
EMP-002947,2023-07-15,,Mutiso,Thuku,Female,1999-07-12,2023-07-15,IT,IT Manager,99694,,Day
EMP-002948,2016-01-01,,Muli,Nyawira,Female,1989-06-06,2016-01-01,Finance,,49544,,Off
EMP-002949,2024-05-19,2025-12-25,Angela,Macharia,Male,1966-11-09,2024-05-19,IT,Systems Admin,66679,,Day
EMP-002949,2025-12-25,,Angela,Macharia,Male,1966-11-09,2024-05-19,HR,Recruiter,70541,,Day
EMP-002950,2016-01-01,,Alfred,Anyona,Female,1975-01-06,2016-01-01,IT,Support,74831,,Off
EMP-002951,2016-01-01,,Simiyu,Odhiambo,Female,1987-04-18,2016-01-01,Sales,Customer Care,41357,,Day
EMP-002952,2020-08-18,,George,Oketch,Female,1998-08-29,2020-08-18,IT,Systems Admin,99928,,Day
EMP-002953,2022-06-26,,Mary,Ochieng,Female,2007-09-20,2022-06-26,Sales,Senior Sales,35522,,Night
EMP-002954,2016-01-01,2023-05-21,Cyrus,Rotich,Male,2004-04-12,2016-01-01,Supply Chain,Procurement Officer,25571,,Day
EMP-002954,2023-05-21,,Cyrus,Rotich,Male,2004-04-12,2016-01-01,HR,HR Officer,29306,,Day
EMP-002955,2021-11-15,,Charity,Njoroge,Female,1985-11-17,2021-11-15,Sales,Promoter,109221,,Day
EMP-002956,2023-13-45,2023-13-45,Sharon,Wafula,Male,2023-13-45,2023-13-45,Warehouse,Stock Keeper,108049,,Off
EMP-002957,2025-05-06,,Ibrahim,Cherotich,Male,1983-06-06,2025-05-06,IT,IT Manager,77625,,Off
EMP-002958,2016-01-01,,Peter,Barasa,Male,1997-06-14,2016-01-01,Warehouse,Forklift Operator,104262,,Day
EMP-002959,2022-03-02,,Mohamed,Ouma,Male,1961-05-06,2022-03-02,Sales,Senior Sales,108746,,Day
EMP-002960,2022-11-23,,Brenda,Nyambura,Male,1998-02-21,2022-11-23,HR,HR Manager,59021,,Off
EMP-002961,2025-12-21,,Collins,Nyagaka,Male,1976-12-14,2025-12-21,Finance,Accountant,116394,,Night
EMP-002962,2018-05-13,2019-03-28,Samwel,Moturi,Male,1999-01-13,2018-05-13,Marketing,Digital Officer,73166,STOR-0127,Night
EMP-002962,2019-03-28,2024-07-10,Samwel,Moturi,Male,1999-01-13,2018-05-13,HR,HR Manager,78359,STOR-0127,Night
EMP-002962,2024-07-10,,Samwel,Moturi,Male,1999-01-13,2018-05-13,HR,HR Manager,86070,STOR-0127,Night
EMP-002963,2018-06-08,,Maryann,Njenga,Female,1963-11-14,2018-06-08,Finance,Cashier,119968,,Night
EMP-002964,2021-09-07,,Kamau,Titus,Female,1961-03-05,2021-09-07,Marketing,Digital Officer,60083,,Night
EMP-002965,2021-11-18,,Jennifer,Mutethia,Male,1987-09-10,2021-11-18,HR,HR Officer,45974,STOR-0127,Day
EMP-002966,2019-09-11,,Laban,Karanja,Female,1987-03-08,2019-09-11,Warehouse,Loader,28840,STOR-0118,Night
EMP-002967,2016-01-01,,Eunice,Junior,Female,2008-05-31,2016-01-01,Finance,Finance Manager,45849,,Off
EMP-002968,2018-05-08,2019-09-13,Ruth,Okoth,Male,1994-11-13,2018-05-08,Supply Chain,Logistics Officer,81442,STOR-0087,Off
EMP-002968,2019-09-13,,Ruth,Okoth,Male,1994-11-13,2018-05-08,Supply Chain,Supply Chain Manager,-101585,STOR-0087,Off
EMP-002969,2016-01-01,2022-12-29,Muli,Kemei,Female,1962-03-18,2016-01-01,Sales,Promoter,94731,,Night
EMP-002969,2022-12-29,,Muli,Kemei,Female,1962-03-18,2016-01-01,Sales,Promoter,102167,,Night
EMP-002970,2016-05-06,,Zakaria,Chemtai,Female,1963-02-22,2016-05-06,Supply Chain,Logistics Officer,50709,,Off
EMP-002971,2025-03-28,,Juma,Atieno,Male,1992-02-11,2025-03-28,IT,Developer,60342,,Night
EMP-002972,2017-09-01,2025-09-06,Daniel,Ondieki,Male,1976-05-10,2017-09-01,Sales,Senior Sales,43049,,Night
EMP-002972,2025-09-06,,Daniel,Ondieki,Male,1976-05-10,2017-09-01,Warehouse,Warehouse Manager,49496,,Night
EMP-002973,2020-01-22,,Edwin,Mutuma,Female,1970-03-09,2020-01-22,Warehouse,Warehouse Manager,65848,,Day
EMP-002974,2024-10-09,,Alice,Wanjiku,Male,1994-09-25,2024-10-09,Supply Chain,Logistics Officer,115002,,Day
EMP-002975,2020-04-03,,Japheth,Ndunge,Female,2004-12-04,2020-04-03,Supply Chain,Logistics Officer,38181,,Day
EMP-002976,2018-03-13,,Baraka,Muthoka,Male,1991-01-19,2018-03-13,Finance,Finance Manager,85387,,Day
EMP-002977,2016-01-01,,Dorcas,Mutuku,Female,1985-02-12,2016-01-01,Sales,Sales Associate,93625,,Day
EMP-002978,2021-05-11,,Faith,Galgalo,Female,1963-04-28,2021-05-11,Sales,Customer Care,107827,,Day
EMP-002979,2017-06-04,,Maurine,Osoro,Male,1986-12-23,2017-06-04,Sales,Senior Sales,112236,STOR-0078,Night
EMP-002980,2017-12-15,,Robert,Nyoike,Female,2001-11-24,2017-12-15,Marketing,Marketing Manager,79772,,Day
EMP-002981,2023-08-07,,Samuel,Atieno,Male,2003-04-27,2023-08-07,Warehouse,Forklift Operator,57791,,Day
EMP-002982,2025-06-14,,Edinah,Kamau,Female,1961-08-13,2025-06-14,Marketing,Digital Officer,46860,,Night
EMP-002983,2023-01-17,2023-11-28,Kevin,Miriti,Male,1997-10-31,2023-01-17,Finance,Accountant,91999,STOR-0114,Night
EMP-002983,2023-11-28,,Kevin,Miriti,Male,1997-10-31,2023-01-17,Finance,,107972,STOR-0114,Night
EMP-002984,2016-01-01,,Kimutai,Ndungu,Male,1972-02-24,2016-01-01,HR,HR Manager,27644,,Day
EMP-002985,2016-01-01,,Stacy,Wanjiku,Female,1979-08-30,2016-01-01,HR,HR Manager,65732,,Off
EMP-002986,2016-01-01,,Franklin,Awuor,Male,1965-06-10,2016-01-01,Marketing,Brand Officer,82765,,Day
EMP-002987,2018-04-27,,Simon,Waswa,Male,1978-02-25,2018-04-27,Supply Chain,Logistics Officer,97883,,Day
EMP-002988,2016-01-01,,Jael,Ngaruiya,Female,1990-09-06,2016-01-01,Marketing,Marketing Manager,32495,,Off
EMP-002989,2019-06-02,2024-09-29,Esther,Abdi,Female,1969-01-13,2019-06-02,Supply Chain,Logistics Officer,43973,,Off
EMP-002989,2024-09-29,,Esther,Abdi,Female,1969-01-13,2019-06-02,Supply Chain,Logistics Officer,52349,,Off
EMP-002990,2025-06-25,,Abel,Cherotich,Male,1980-02-08,2025-06-25,Finance,Auditor,74623,,Off
EMP-002991,2020-05-19,,Simiyu,Kombe,Male,2006-11-30,2020-05-19,Sales,Customer Care,107406,,Day
EMP-002992,2019-04-14,,Paul,Wanyonyi,Male,2003-02-08,2019-04-14,IT,Developer,54494,STOR-0022,Day
EMP-002993,2025-08-04,,Salma,Korir,Male,2007-01-09,2025-08-04,Marketing,Digital Officer,39051,,Night
EMP-002994,2016-01-01,,Mutuku,Cherono,Female,2007-01-18,2016-01-01,Finance,Accountant,84233,,Day
EMP-002995,2016-01-01,2020-08-28,Brian,Yatich,Female,1964-06-25,2016-01-01,Sales,Sales Associate,90984,,Off
EMP-002995,2020-08-28,,Brian,Yatich,Female,1964-06-25,2016-01-01,IT,Systems Admin,105717,,Off
EMP-002996,2016-01-01,,Margaret,Mohammed,Female,1971-02-12,2016-01-01,Warehouse,Forklift Operator,82035,,Day
EMP-002997,2016-01-01,2023-04-15,Doreen,Chebet,Female,1971-05-14,2016-01-01,Marketing,Brand Officer,88874,,Off
EMP-002997,2023-04-15,,Doreen,Chebet,Female,1971-05-14,2016-01-01,Marketing,Brand Officer,93491,,Off
EMP-002998,2016-01-01,2018-01-31,Salome,Kimani,Male,1992-01-21,2016-01-01,Finance,Accountant,26356,,Day
EMP-002998,2018-01-31,2021-07-18,Salome,Kimani,Male,1992-01-21,2016-01-01,Supply Chain,Logistics Officer,29394,,Day
EMP-002998,2021-07-18,,Salome,Kimani,Male,1992-01-21,2016-01-01,Supply Chain,Logistics Officer,33907,,Day
EMP-002999,2016-01-01,,Wanyonyi,Waithera,Female,1992-03-25,2016-01-01,Finance,Cashier,32246,,Night
EMP-003000,2022-01-08,,Mohamed,Kariuki,Female,1967-12-22,2022-01-08,Marketing,Marketing Manager,60677,,Off
EMP-002616-DUP,2021-09-23,2024-12-11,Priscah,Korir,Female,1993-11-29,2016-01-01,HR,Recruiter,90835,,Day
EMP-000194-DUP,2025-04-13,2025-11-25,Stephen,Kipkurui,Female,1993-11-05,2023-08-11,Store Operations,,41421,STOR-0049,Night
EMP-002490-DUP,2023-02-14,2025-01-12,Samuel,Mwangi,Male,1974-03-25,2023-02-14,Sales,Sales Associate,105683,,Day
EMP-001759-DUP,2016-01-01,,Stacy,Atieno,Female,1994-05-07,2016-01-01,IT,IT Manager,35874,,Off
EMP-001430-DUP,2017-05-16,,Winnie,Kirui,Male,1965-04-04,2017-05-16,Finance,Accountant,98941,,Off
EMP-000115-DUP,2016-11-07,2024-09-26,Sabina,Simiyu,Male,1967-12-23,2016-11-07,Store Operations,Cashier,39335,STOR-0029,Day
EMP-000657-DUP,2024-05-26,2024-12-03,Ali,Muthoni,Female,1983-04-04,2022-08-15,Store Operations,Store Manager,107764,,Day
EMP-000307-DUP,2025-02-22,2025-12-30,Valary,Abdi,Female,1975-12-14,2025-02-22,Store Operations,Cashier,47628,,Day
EMP-001310-DUP,2024-11-21,2025-08-18,Kelvin,Hassan,Male,1993-01-25,2024-11-21,Supply Chain,Supply Chain Manager,49452,,Day
EMP-001783-DUP,2021-01-26,,Stephen,Murimi,Male,1986-03-08,2016-01-01,IT,Systems Admin,157080,,Night
EMP-000184-DUP,2022-04-27,,Kioko,Cherotich,Male,1991-11-19,2020-07-11,Store Operations,Supervisor,89511,STOR-0046,Day
EMP-000106-DUP,2023-06-23,,Lydia,Kirui,Female,2006-03-09,2016-01-01,Store Operations,Cashier,55974,STOR-0027,Day
EMP-000498-DUP,2019-12-23,2021-12-12,Lilian,Mangale,Female,2003-12-30,2019-12-23,Store Operations,Cashier,39825,STOR-0125,Day
EMP-000908-DUP,2019-07-02,,Winnie,Omar,Male,2008-07-21,2016-01-01,Marketing,Digital Officer,35423,,Night
EMP-000837-DUP,2025-07-08,2026-01-04,Sharon,Kwamboka,Female,1965-04-03,2016-01-01,Finance,Cashier,126934,,Day
EMP-002715-DUP,2023-13-45,2023-13-45,Juma,Wambui,Female,2023-13-45,2023-13-45,Supply Chain,Supply Chain Manager,94593,STOR-0075,Off
EMP-000095-DUP,2023-08-04,,Fatuma,Waithira,Male,1978-06-04,2023-08-04,Store Operations,Cashier,42102,STOR-0024,Night
EMP-001848-DUP,2016-01-01,,Dennis,Wambui,Male,1992-11-18,2016-01-01,Supply Chain,Logistics Officer,51438,,Night
EMP-002984-DUP,2016-01-01,,Kimutai,Ndungu,Male,1972-02-24,2016-01-01,HR,HR Manager,27644,,Day
EMP-002194-DUP,2022-08-08,,Millicent,Makokha,Female,1993-12-01,2022-08-08,Supply Chain,Procurement Officer,105775,STOR-0073,Off
EMP-000094-DUP,2022-09-20,,Mercy,Thuku,Male,1963-08-07,2016-01-01,Store Operations,Cashier,53261,STOR-0024,Night
EMP-001482-DUP,2025-07-15,,Diana,Njuki,Male,1985-09-18,2021-09-01,Warehouse,Stock Keeper,93271,,Off
EMP-000686-DUP,2025-10-14,,Hosea,Mutua,Male,2002-10-10,2025-10-14,Store Operations,Store Manager,95776,,Day
EMP-000310-DUP,2016-01-01,,Jackson,Juma,Male,1985-09-06,2016-01-01,Store Operations,Cashier,49454,STOR-0078,Day
EMP-000920-DUP,2019-05-08,2024-09-20,Emmanuel,Mitei,Female,1964-01-17,2016-01-01,HR,Recruiter,78370,,Day
EMP-002152-DUP,2025-05-13,,Melvin,Awuor,Male,2001-11-11,2025-05-13,IT,Systems Admin,34781,,Off
EMP-001620-DUP,2022-06-25,,Mohamed,Birgen,Female,1971-07-31,2022-06-25,Supply Chain,Procurement Officer,90514,STOR-0086,Night
EMP-002558-DUP,2023-05-02,,Willy,Njeru,Female,1963-11-06,2023-05-02,IT,Developer,108432,,Night
EMP-001443-DUP,2016-01-01,2017-01-23,Duncan,Muchemi,Female,1977-06-02,2016-01-01,Finance,Accountant,70557,,Off
EMP-000157-DUP,2025-06-20,2026-01-09,Asha,Osman,Female,1979-03-04,2024-01-19,Store Operations,Cashier,45579,STOR-0040,Day
EMP-000334-DUP,2019-03-18,,John,Ngatia,Male,1970-06-12,2017-08-12,Store Operations,Cashier,41429,STOR-0084,Night
EMP-002594-DUP,2016-01-01,,Ernest,Kariuki,Female,2003-06-16,2016-01-01,Sales,Senior Sales,32691,,Off
EMP-000198-DUP,2025-09-22,,Kiarie,Mungai,Female,1996-09-23,2025-09-22,Store Operations,Cashier,40053,STOR-0050,Day
EMP-000112-DUP,2016-01-01,,Edward,Mugo,Male,2006-11-03,2016-01-01,Store Operations,Supervisor,78443,STOR-0028,Day
EMP-002201-DUP,2021-06-18,,Juma,Wachira,Male,1993-02-06,2021-06-18,IT,IT Manager,102141,STOR-0146,Off
EMP-001218-DUP,2025-05-09,,Abigael,Maina,Female,2007-04-14,2025-05-09,Warehouse,Warehouse Manager,107729,,Day
EMP-001324-DUP,2024-10-26,,Francis,Ouma,Male,1987-11-09,2024-10-26,Finance,Finance Manager,98615,,Night
EMP-001701-DUP,2022-04-25,2025-02-13,Douglas,Ondari,Male,1999-03-14,2016-01-01,Finance,Accountant,118901,,Night
EMP-000908-DUP,2017-03-06,2019-07-02,Winnie,Omar,Male,2008-07-21,2016-01-01,Marketing,Digital Officer,33659,,Night
EMP-002635-DUP,2016-01-01,,Miriam,Simiyu,Male,1974-11-09,2016-01-01,Marketing,Brand Officer,57244,,Day
EMP-000093-DUP,2022-12-07,2023-08-22,Doreen,Charo,Female,1977-09-08,2022-12-07,Store Operations,Cashier,36245,STOR-0024,Day
EMP-000523-DUP,2016-01-01,,Mathew,Njenga,Female,1974-06-26,2016-01-01,Store Operations,Cashier,37428,STOR-0131,Day
EMP-000663-DUP,2016-03-06,,Thomas,Nyongesa,Female,1994-06-09,2016-03-06,Store Operations,Store Manager,100312,,Day
