county,year_month,gdp_growth_pct,inflation_pct,unemployment_pct,consumer_confidence,retail_sales_index,fuel_price_kes,usd_kes_rate
Nairobi,2016-01,3.07,5.63,6.22,50.5,83.1,91.81,103.47
Mombasa,2016-01,2.31,5.86,5.4,51.4,80.4,98.28,101.63
Kisumu,2016-01,3.86,4.11,5.01,47.5,86.1,97.29,98.9
Nakuru,2016-01,3.52,4.68,5.9,46.7,85.8,100.1,100.95
Kiambu,2016-01,2.65,5.53,5.07,49.7,91.8,93.02,98.81
Uasin Gishu,2016-01,3.56,4.67,5.56,54.8,99.3,94.48,99.5
Meru,2016-01,3.11,4.09,7.25,50.1,82.4,96.17,98.11
Machakos,2016-01,3.4,6.5,6.03,50.4,86.2,90.64,99.27
Kakamega,2016-01,4.05,4.21,7.16,53.4,98.8,101.27,98.61
Bungoma,2016-01,3.57,4.38,4.66,47.5,80.9,92.5,98.13
Kisii,2016-01,4.04,4.06,6.44,49.3,85.6,95.82,102.16
Nyamira,2016-01,2.57,5.95,5.15,54.1,95.4,89.04,100.69
Nyandarua,2016-01,3.09,5.26,6.45,52.1,95.4,89.58,100.17
Nyeri,2016-01,3.62,5.02,6.11,51.2,86.6,97.03,97.07
Kirinyaga,2016-01,3.25,4.96,6.6,51.4,97.7,92.85,99.69
Murang'a,2016-01,2.92,5.11,6.95,50.5,95.4,96.01,98.96
Laikipia,2016-01,3.88,5.01,5.46,46.1,80.6,98.25,98.76
Nandi,2016-01,3.09,5.31,7.12,47.2,88.2,97.49,100.18
Kericho,2016-01,3.74,4.09,5.85,47.3,98.6,97.47,99.67
Bomet,2016-01,4.07,5.92,7.01,46.1,97.9,99.31,100.03
Kilifi,2016-01,4.08,5.51,5.8,45.7,84.6,93.88,100.15
Kwale,2016-01,4.06,5.25,6.06,49.9,88.3,89.2,98.18
Lamu,2016-01,3.58,5.06,7.2,48.2,90.4,98.92,99.98
Taita Taveta,2016-01,3.0,5.79,6.59,46.9,89.9,95.93,99.78
Garissa,2016-01,2.95,4.13,6.43,50.7,81.0,91.1,98.77
Wajir,2016-01,4.01,4.68,5.04,50.2,99.7,91.01,100.35
Mandera,2016-01,3.09,4.86,5.12,52.4,87.4,95.68,100.47
Marsabit,2016-01,4.22,5.4,5.1,53.0,86.4,91.81,98.5
Isiolo,2016-01,3.03,5.03,6.52,45.1,90.2,89.78,100.78
Kitui,2016-01,4.26,4.44,6.58,49.3,98.7,93.45,99.4
Makueni,2016-01,3.43,4.39,6.9,54.3,85.2,94.28,100.04
Embu,2016-01,4.02,5.67,6.54,46.9,81.9,105.43,98.85
Tharaka Nithi,2016-01,4.25,5.29,6.77,48.3,94.5,96.55,98.74
Busia,2016-01,3.65,4.6,6.02,46.2,83.2,96.71,100.23
Siaya,2016-01,3.74,4.97,5.68,51.7,80.1,89.88,98.65
Homa Bay,2016-01,3.75,4.78,7.22,47.4,94.2,95.91,99.3
Migori,2016-01,2.64,5.94,6.24,52.7,93.2,99.4,97.61
Vihiga,2016-01,2.85,4.79,5.55,47.6,99.5,92.58,100.93
Baringo,2016-01,3.46,5.15,6.65,49.9,91.5,96.47,101.07
Elgeyo Marakwet,2016-01,2.75,4.74,6.2,45.5,92.9,92.77,98.88
Samburu,2016-01,4.56,5.77,7.42,48.1,80.3,99.49,103.09
Trans Nzoia,2016-01,4.13,5.65,7.41,53.0,85.9,95.79,102.05
Turkana,2016-01,3.47,4.98,5.87,50.6,98.7,91.68,98.23
West Pokot,2016-01,2.75,4.25,6.59,55.5,82.8,99.69,100.11
Narok,2016-01,4.53,4.83,5.54,52.2,87.2,92.77,100.58
Kajiado,2016-01,3.8,4.67,6.69,54.4,90.2,91.1,101.0
Tana River,2016-01,3.94,4.86,6.15,53.1,97.8,90.2,99.91
Nairobi,2016-02,3.76,5.33,6.72,50.7,86.8,90.67,99.21
Mombasa,2016-02,3.02,5.17,5.93,52.0,84.0,96.81,103.35
Kisumu,2016-02,3.85,4.26,5.47,47.5,89.8,95.61,100.07
Nakuru,2016-02,3.68,4.97,5.96,46.4,89.6,92.64,99.99
Kiambu,2016-02,2.54,4.85,6.08,50.3,95.7,96.1,100.03
Uasin Gishu,2016-02,3.84,4.6,6.67,54.8,103.4,102.14,100.21
Meru,2016-02,2.92,3.72,6.47,50.5,86.1,93.38,98.27
Machakos,2016-02,2.78,5.22,6.36,51.5,90.0,98.55,100.39
Kakamega,2016-02,4.14,4.53,6.51,53.2,102.8,104.22,101.21
Bungoma,2016-02,3.18,5.6,4.74,46.5,84.5,89.8,101.79
Kisii,2016-02,4.15,4.08,6.94,49.3,89.3,94.18,99.67
Nyamira,2016-02,2.91,5.14,5.17,54.8,99.4,90.19,100.81
Nyandarua,2016-02,2.99,5.41,5.96,52.0,99.4,89.71,101.53
Nyeri,2016-02,3.56,4.0,6.78,52.1,90.4,93.59,97.9
Kirinyaga,2016-02,3.53,4.46,6.74,51.8,101.8,93.13,97.69
Murang'a,2016-02,2.47,5.36,6.65,50.3,99.4,92.93,101.36
Laikipia,2016-02,2.86,4.86,4.45,46.2,84.2,95.11,100.47
Nandi,2016-02,2.97,4.86,7.32,47.6,92.0,96.52,101.65
Kericho,2016-02,2.78,4.54,6.3,47.0,102.6,91.37,99.2
Bomet,2016-02,3.87,5.52,6.79,46.5,101.9,94.28,100.53
Kilifi,2016-02,3.75,6.1,5.76,45.2,88.3,95.98,99.78
Kwale,2016-02,3.62,5.41,5.21,49.8,92.1,91.66,100.83
Lamu,2016-02,3.95,5.09,6.72,48.2,94.2,101.33,99.79
Taita Taveta,2016-02,2.55,5.35,5.99,47.3,93.8,92.65,100.43
Garissa,2016-02,3.96,4.39,6.11,50.5,84.6,95.97,97.08
Wajir,2016-02,4.0,4.89,4.55,50.0,103.8,96.55,100.91
Mandera,2016-02,3.51,5.67,6.61,51.8,91.1,97.57,100.77
Marsabit,2016-02,3.45,4.72,5.6,53.6,90.2,90.0,100.51
Isiolo,2016-02,2.85,5.34,6.52,44.9,94.1,96.08,99.63
Kitui,2016-02,3.54,4.09,6.16,49.6,102.8,93.21,101.54
Makueni,2016-02,2.97,4.73,7.53,54.0,88.9,98.54,103.22
Embu,2016-02,3.51,4.59,5.17,47.8,85.5,104.16,101.38
Tharaka Nithi,2016-02,3.88,5.33,5.12,48.3,98.5,107.01,100.59
Busia,2016-02,3.93,5.74,6.52,45.3,86.9,100.36,99.21
Siaya,2016-02,3.8,4.97,5.88,51.7,83.7,97.09,99.63
Homa Bay,2016-02,3.15,5.26,6.33,47.1,98.2,96.36,97.86
Migori,2016-02,3.94,5.33,6.09,53.3,97.1,93.35,97.92
Vihiga,2016-02,3.42,4.82,4.89,47.6,103.5,90.75,99.9
Baringo,2016-02,4.56,5.11,5.84,50.0,95.4,94.89,99.99
Elgeyo Marakwet,2016-02,2.12,5.34,5.45,45.0,96.8,94.56,103.17
Samburu,2016-02,4.39,5.62,6.28,48.2,83.9,107.7,100.49
Trans Nzoia,2016-02,3.44,5.74,7.03,53.0,89.6,94.12,99.54
Turkana,2016-02,3.63,4.7,5.07,50.8,102.8,95.52,100.56
West Pokot,2016-02,3.47,4.96,4.9,55.0,86.5,99.16,102.27
Narok,2016-02,3.05,5.25,6.21,51.8,90.9,89.41,99.23
Kajiado,2016-02,3.37,6.2,7.2,53.2,94.1,99.53,101.48
Tana River,2016-02,3.35,5.03,6.65,53.0,101.8,90.41,101.47
Nairobi,2016-03,3.28,5.58,6.82,50.6,89.9,94.29,100.26
Mombasa,2016-03,3.53,5.16,6.51,52.0,87.1,102.88,100.34
Kisumu,2016-03,3.97,4.04,5.83,47.7,93.0,96.09,100.02
Nakuru,2016-03,3.85,4.39,5.52,46.9,92.8,90.39,101.71
Kiambu,2016-03,2.95,6.16,4.36,49.3,99.0,96.95,101.12
Uasin Gishu,2016-03,3.57,4.26,5.33,55.1,106.8,99.37,102.45
Meru,2016-03,3.35,4.42,6.19,49.9,89.2,96.18,101.26
Machakos,2016-03,2.35,5.12,5.89,51.6,93.2,97.11,100.52
Kakamega,2016-03,3.56,4.64,6.67,53.1,106.3,98.01,101.09
Bungoma,2016-03,3.21,5.84,4.33,46.3,87.6,97.74,101.51
Kisii,2016-03,3.49,5.03,7.49,48.6,92.5,99.87,98.04
Nyamira,2016-03,2.63,5.24,5.16,54.7,102.8,94.94,99.71
Nyandarua,2016-03,3.08,5.21,6.11,52.2,102.8,87.92,99.42
Nyeri,2016-03,2.82,4.0,7.25,52.1,93.6,89.19,104.75
Kirinyaga,2016-03,3.51,4.8,6.03,51.6,105.2,98.22,99.94
Murang'a,2016-03,3.17,6.37,6.47,49.6,102.8,99.79,99.75
Laikipia,2016-03,3.51,5.6,4.74,45.6,87.3,103.2,101.86
Nandi,2016-03,3.09,5.27,7.3,47.3,95.2,100.82,98.44
Kericho,2016-03,2.94,4.23,5.54,47.3,106.1,101.34,101.07
Bomet,2016-03,3.1,5.75,6.91,46.3,105.3,98.47,102.42
Kilifi,2016-03,4.14,5.82,5.6,45.5,91.4,90.69,101.44
Kwale,2016-03,3.9,5.69,4.38,49.6,95.4,90.38,102.38
Lamu,2016-03,3.11,5.02,6.9,48.3,97.5,98.52,102.21
Taita Taveta,2016-03,3.16,5.8,6.69,46.9,97.1,93.11,100.34
Garissa,2016-03,3.38,4.07,6.85,50.8,87.8,91.5,100.52
Wajir,2016-03,3.74,5.17,5.39,49.8,107.2,96.92,98.57
Mandera,2016-03,3.78,5.78,5.52,51.7,94.4,100.92,100.02
Marsabit,2016-03,4.2,5.98,5.0,52.6,93.4,91.93,102.98
Isiolo,2016-03,3.68,4.94,6.15,45.3,97.4,92.82,98.78
Kitui,2016-03,3.28,4.08,6.0,49.7,106.2,92.67,101.15
Makueni,2016-03,3.96,3.99,7.34,54.6,92.1,97.36,100.73
Embu,2016-03,4.09,4.64,6.25,47.8,88.6,100.87,101.54
Tharaka Nithi,2016-03,4.02,6.2,5.36,47.6,101.8,98.78,99.87
Busia,2016-03,3.67,5.2,6.88,45.7,90.1,104.65,99.94
Siaya,2016-03,3.28,4.41,4.93,52.2,86.8,94.91,101.1
Homa Bay,2016-03,2.95,5.93,7.2,46.5,101.5,91.93,100.22
Migori,2016-03,3.44,5.53,6.63,53.1,100.4,103.11,100.53
Vihiga,2016-03,2.78,4.24,5.16,48.1,107.0,95.23,103.49
Baringo,2016-03,3.69,5.3,6.58,49.8,98.7,99.89,104.59
Elgeyo Marakwet,2016-03,2.99,5.17,6.08,45.2,100.1,95.22,103.57
Samburu,2016-03,4.18,5.59,7.13,48.3,87.0,104.01,102.03
Trans Nzoia,2016-03,3.63,6.18,7.51,52.6,92.8,99.4,101.77
Turkana,2016-03,3.79,4.77,5.94,50.8,106.2,95.91,101.35
West Pokot,2016-03,3.42,4.37,6.87,55.5,89.6,97.16,100.87
Narok,2016-03,3.34,5.69,6.72,51.5,94.2,100.83,100.34
Kajiado,2016-03,3.9,5.6,7.52,53.7,97.3,96.13,101.22
Tana River,2016-03,4.04,5.32,6.18,52.8,105.3,95.36,102.41
Nairobi,2016-04,2.97,5.78,6.11,50.4,92.1,97.25,98.92
Mombasa,2016-04,2.84,5.74,6.98,51.6,89.3,101.6,100.37
Kisumu,2016-04,4.59,3.97,4.26,47.7,95.2,98.67,100.45
Nakuru,2016-04,3.03,4.96,6.35,46.5,95.0,94.07,99.28
Kiambu,2016-04,3.81,5.72,5.35,49.6,101.3,98.1,99.59
Uasin Gishu,2016-04,3.0,4.2,5.11,55.2,109.1,100.91,100.84
Meru,2016-04,3.45,3.86,7.09,50.4,91.4,96.81,102.88
Machakos,2016-04,3.18,5.85,5.8,51.0,95.4,98.64,102.16
Kakamega,2016-04,4.08,4.58,7.29,53.2,108.6,100.78,103.36
Bungoma,2016-04,3.33,6.4,5.16,45.9,89.8,91.06,101.39
Kisii,2016-04,3.12,4.98,6.33,48.7,94.8,96.19,98.37
Nyamira,2016-04,2.96,4.52,4.36,55.3,105.1,96.37,102.38
Nyandarua,2016-04,3.18,5.13,6.39,52.3,105.1,92.83,99.46
Nyeri,2016-04,3.96,4.74,6.62,51.5,95.8,92.82,101.51
Kirinyaga,2016-04,2.5,4.63,6.12,51.7,107.5,93.82,100.78
Murang'a,2016-04,3.84,5.6,6.24,50.2,105.0,98.76,103.3
Laikipia,2016-04,3.9,4.92,4.73,46.2,89.5,100.56,101.79
Nandi,2016-04,3.68,5.28,7.34,47.3,97.5,98.05,103.18
Kericho,2016-04,3.31,5.16,5.23,46.6,108.4,105.39,101.5
Bomet,2016-04,3.38,5.41,6.45,46.6,107.6,98.77,101.98
Kilifi,2016-04,3.58,5.63,6.71,45.7,93.6,101.55,101.85
Kwale,2016-04,3.84,5.63,5.32,49.7,97.6,91.25,100.81
Lamu,2016-04,2.46,4.91,7.21,48.4,99.7,97.68,103.56
Taita Taveta,2016-04,2.88,5.18,7.04,47.4,99.3,98.25,103.73
Garissa,2016-04,3.11,4.7,6.2,50.3,89.9,94.37,102.53
Wajir,2016-04,4.17,3.96,6.03,50.8,109.6,98.66,100.26
Mandera,2016-04,3.84,5.62,5.61,51.9,96.6,96.77,100.19
Marsabit,2016-04,3.63,5.53,5.45,53.0,95.6,92.85,102.36
Isiolo,2016-04,1.91,5.61,5.49,44.8,99.6,93.28,99.52
Kitui,2016-04,3.13,4.95,6.15,49.0,108.5,94.51,101.13
Makueni,2016-04,3.54,4.42,6.21,54.3,94.3,101.69,100.46
Embu,2016-04,3.2,4.92,6.81,47.6,90.8,103.62,100.68
Tharaka Nithi,2016-04,3.77,5.09,6.72,48.5,104.1,102.22,101.85
Busia,2016-04,4.3,5.55,6.15,45.5,92.2,100.5,101.09
Siaya,2016-04,3.6,4.51,5.23,52.1,89.0,95.91,101.08
Homa Bay,2016-04,3.59,4.52,6.76,47.7,103.8,95.51,102.7
Migori,2016-04,2.17,6.24,6.23,52.6,102.7,101.11,99.64
Vihiga,2016-04,3.34,4.37,5.22,48.0,109.3,101.77,100.91
Baringo,2016-04,3.98,5.57,6.84,49.6,101.0,97.48,101.75
Elgeyo Marakwet,2016-04,4.16,5.34,5.66,45.0,102.4,97.02,102.86
Samburu,2016-04,4.42,5.99,6.26,48.0,89.2,106.28,99.48
Trans Nzoia,2016-04,3.55,5.45,6.9,53.2,95.0,96.94,101.68
Turkana,2016-04,4.02,5.36,5.57,50.4,108.5,98.33,102.65
West Pokot,2016-04,4.05,3.87,6.53,55.9,91.8,99.39,100.75
Narok,2016-04,4.43,5.33,6.46,51.8,96.4,94.52,101.22
Kajiado,2016-04,3.38,4.93,7.53,54.3,99.6,94.57,99.71
Tana River,2016-04,2.94,4.99,5.74,53.0,107.5,100.41,102.71
Nairobi,2016-05,3.11,6.63,6.95,49.8,93.2,93.39,97.85
Mombasa,2016-05,3.98,5.04,5.38,52.1,90.3,105.57,105.26
Kisumu,2016-05,4.39,4.78,5.66,47.1,96.2,100.61,102.74
Nakuru,2016-05,3.55,4.72,6.19,46.7,96.0,94.2,101.18
Kiambu,2016-05,2.79,5.43,4.91,49.9,102.3,89.95,101.87
Uasin Gishu,2016-05,4.17,4.85,4.34,54.7,110.0,97.92,103.01
Meru,2016-05,2.92,4.28,6.64,50.1,92.4,94.85,101.76
Machakos,2016-05,2.51,5.42,5.68,51.4,96.4,93.22,102.26
Kakamega,2016-05,3.55,4.73,7.05,53.1,109.5,105.84,101.79
Bungoma,2016-05,3.43,5.73,5.45,46.5,90.8,96.2,101.66
Kisii,2016-05,3.11,4.38,5.96,49.2,95.8,103.48,99.73
Nyamira,2016-05,2.87,5.21,5.6,54.8,106.0,93.9,103.47
Nyandarua,2016-05,2.74,5.63,6.0,51.9,106.0,99.98,99.82
Nyeri,2016-05,3.49,4.65,6.93,51.6,96.8,92.88,101.41
Kirinyaga,2016-05,3.34,4.67,6.94,51.7,108.4,104.15,100.76
Murang'a,2016-05,2.58,5.32,7.81,50.5,106.0,95.33,104.06
Laikipia,2016-05,4.2,4.67,5.34,46.4,90.6,104.05,101.03
Nandi,2016-05,3.24,4.79,6.31,47.8,98.5,98.41,99.76
Kericho,2016-05,3.25,4.03,5.7,47.5,109.3,96.21,102.1
Bomet,2016-05,3.97,4.81,6.79,47.1,108.5,101.88,99.79
Kilifi,2016-05,4.48,5.81,5.28,45.6,94.7,96.9,102.44
Kwale,2016-05,3.86,5.8,4.55,49.6,98.6,95.53,99.48
Lamu,2016-05,3.08,4.39,6.52,48.8,100.7,103.54,103.24
Taita Taveta,2016-05,3.61,5.33,6.77,47.4,100.3,99.45,101.81
Garissa,2016-05,4.22,4.43,6.32,50.6,91.0,94.66,101.8
Wajir,2016-05,3.85,4.88,5.77,50.1,110.5,92.86,99.6
Mandera,2016-05,2.94,5.63,4.92,51.9,97.6,92.66,102.18
Marsabit,2016-05,4.64,5.06,5.6,53.4,96.6,94.91,101.45
Isiolo,2016-05,3.42,5.04,6.49,45.2,100.6,96.03,100.6
Kitui,2016-05,4.05,4.42,6.0,49.4,109.4,95.78,100.25
Makueni,2016-05,3.36,4.39,7.39,54.4,95.3,100.82,101.56
Embu,2016-05,4.15,5.65,6.34,47.0,91.8,101.8,99.63
Tharaka Nithi,2016-05,3.48,5.1,5.37,48.5,105.0,101.21,101.68
Busia,2016-05,4.11,5.43,6.53,45.6,93.3,101.98,98.64
Siaya,2016-05,3.24,4.17,4.6,52.4,90.0,96.21,103.9
Homa Bay,2016-05,4.04,5.23,7.05,47.2,104.8,95.62,101.09
Migori,2016-05,3.09,5.28,6.11,53.4,103.6,98.99,101.84
Vihiga,2016-05,3.1,4.97,6.13,47.6,110.2,99.58,99.37
Baringo,2016-05,2.88,5.59,5.91,49.7,101.9,97.05,99.84
Elgeyo Marakwet,2016-05,2.48,5.58,5.94,44.9,103.4,92.84,97.71
Samburu,2016-05,3.73,5.89,6.09,48.1,90.2,102.63,101.58
Trans Nzoia,2016-05,3.67,5.8,6.44,53.0,96.0,100.24,101.36
Turkana,2016-05,3.85,4.34,5.12,51.2,109.4,97.11,101.34
West Pokot,2016-05,4.26,3.82,5.42,55.9,92.8,102.4,101.29
Narok,2016-05,3.62,5.81,6.09,51.5,97.4,101.21,102.62
Kajiado,2016-05,3.62,6.37,6.43,53.1,100.6,100.04,102.05
Tana River,2016-05,4.33,5.87,6.42,52.4,108.5,93.92,102.29
Nairobi,2016-06,3.11,6.54,6.53,49.9,93.1,93.96,102.28
Mombasa,2016-06,2.53,5.21,6.8,52.0,90.3,101.23,100.43
Kisumu,2016-06,4.06,5.03,5.72,46.9,96.1,101.74,100.86
Nakuru,2016-06,2.87,5.28,6.06,46.3,95.9,96.41,103.99
Kiambu,2016-06,3.69,5.65,6.48,49.7,102.0,92.03,103.39
Uasin Gishu,2016-06,3.64,4.59,5.89,54.9,109.7,103.11,102.81
Meru,2016-06,3.74,4.22,5.95,50.1,92.4,95.32,99.05
Machakos,2016-06,3.87,5.23,5.41,51.6,96.3,97.87,102.46
Kakamega,2016-06,3.88,4.85,6.65,53.0,109.2,101.95,102.42
Bungoma,2016-06,3.51,6.33,5.42,46.0,90.8,98.96,102.99
Kisii,2016-06,3.87,4.72,6.01,48.9,95.7,100.13,101.02
Nyamira,2016-06,2.94,5.73,5.77,54.4,105.7,95.55,102.46
Nyandarua,2016-06,3.69,5.61,7.71,51.9,105.7,95.94,99.36
Nyeri,2016-06,3.67,4.55,7.37,51.7,96.7,96.16,101.79
Kirinyaga,2016-06,2.83,4.65,6.03,51.8,108.1,96.48,102.88
Murang'a,2016-06,3.8,5.51,5.92,50.3,105.7,99.77,103.79
Laikipia,2016-06,3.29,4.84,5.06,46.3,90.5,97.51,102.97
Nandi,2016-06,3.27,5.19,6.37,47.5,98.3,99.74,103.08
Kericho,2016-06,3.09,5.03,5.38,46.7,109.0,102.26,103.4
Bomet,2016-06,3.07,4.9,5.84,47.1,108.2,102.68,101.17
Kilifi,2016-06,4.84,5.42,5.73,45.9,94.6,102.4,105.01
Kwale,2016-06,4.65,6.07,5.53,49.4,98.5,97.5,103.17
Lamu,2016-06,2.91,4.43,6.88,48.8,100.5,100.02,101.32
Taita Taveta,2016-06,3.65,6.15,6.97,46.7,100.1,100.94,100.29
Garissa,2016-06,3.22,3.98,5.29,51.0,91.0,96.04,101.82
Wajir,2016-06,4.52,4.85,4.78,50.1,110.1,101.48,103.83
Mandera,2016-06,3.91,5.34,5.0,52.1,97.4,98.71,103.63
Marsabit,2016-06,4.4,5.69,4.94,52.9,96.5,92.01,102.21
Isiolo,2016-06,2.34,5.29,6.28,45.1,100.4,94.37,99.61
Kitui,2016-06,3.86,4.28,5.8,49.6,109.1,86.26,101.96
Makueni,2016-06,4.06,5.06,6.62,53.8,95.2,98.29,102.7
Embu,2016-06,3.43,5.22,6.44,47.4,91.8,106.15,101.85
Tharaka Nithi,2016-06,3.83,4.87,5.26,48.7,104.8,101.79,102.55
Busia,2016-06,4.26,5.14,7.03,45.9,93.2,101.67,101.97
Siaya,2016-06,3.32,3.26,5.64,53.2,90.0,97.32,101.58
Homa Bay,2016-06,3.58,5.53,5.52,46.9,104.5,94.29,103.19
Migori,2016-06,2.83,5.52,5.62,53.2,103.4,100.58,101.95
Vihiga,2016-06,2.46,5.27,5.16,47.3,109.8,95.0,102.3
Baringo,2016-06,4.36,4.82,6.62,50.3,101.7,99.71,103.04
Elgeyo Marakwet,2016-06,3.27,5.22,5.15,45.2,103.1,95.53,100.39
Samburu,2016-06,2.78,5.91,7.28,48.1,90.2,95.69,100.49
Trans Nzoia,2016-06,3.68,6.58,6.94,52.4,95.9,95.17,101.73
Turkana,2016-06,4.41,4.46,4.94,51.1,109.1,99.01,100.57
West Pokot,2016-06,3.63,5.02,6.39,55.0,92.8,97.93,101.56
Narok,2016-06,3.26,5.75,6.36,51.5,97.3,95.89,106.79
Kajiado,2016-06,3.94,5.21,6.52,54.1,100.4,101.96,102.17
Tana River,2016-06,3.23,5.62,6.07,52.6,108.1,102.5,103.62
Nairobi,2016-07,3.21,6.25,6.5,50.1,92.4,98.32,103.13
Mombasa,2016-07,2.73,5.34,6.72,52.0,89.7,102.89,101.79
Kisumu,2016-07,3.46,4.72,6.39,47.2,95.3,96.24,102.44
Nakuru,2016-07,4.01,4.65,6.45,46.8,95.1,94.68,103.04
Kiambu,2016-07,3.39,5.87,5.99,49.6,101.1,102.43,103.27
Uasin Gishu,2016-07,3.75,4.57,4.95,55.0,108.6,103.3,101.96
Meru,2016-07,3.38,4.9,5.87,49.6,91.7,102.57,104.38
Machakos,2016-07,3.0,4.82,5.21,51.9,95.5,103.29,102.37
Kakamega,2016-07,3.16,4.31,7.36,53.5,108.0,104.79,102.04
Bungoma,2016-07,3.46,5.53,4.72,46.7,90.2,102.3,101.92
Kisii,2016-07,3.89,5.26,7.16,48.5,94.9,98.33,103.01
Nyamira,2016-07,3.14,5.14,5.31,54.9,104.7,92.65,104.18
Nyandarua,2016-07,2.83,5.6,6.56,52.0,104.7,94.16,103.28
Nyeri,2016-07,3.18,4.75,6.05,51.6,95.9,95.21,105.31
Kirinyaga,2016-07,2.92,4.46,6.72,52.0,107.0,99.46,102.93
Murang'a,2016-07,3.33,5.61,7.08,50.3,104.7,100.37,102.04
Laikipia,2016-07,3.8,5.66,4.98,45.7,89.9,97.64,104.06
Nandi,2016-07,3.28,4.16,7.24,48.3,97.5,100.15,102.26
Kericho,2016-07,3.37,4.41,5.93,47.2,107.8,100.97,103.17
Bomet,2016-07,3.54,5.9,6.92,46.3,107.1,96.79,104.03
Kilifi,2016-07,3.6,5.97,5.82,45.5,93.8,103.99,102.06
Kwale,2016-07,3.69,5.58,4.86,49.8,97.6,98.82,99.98
Lamu,2016-07,2.71,4.33,7.36,48.9,99.6,106.36,102.24
Taita Taveta,2016-07,3.31,5.8,7.51,47.0,99.2,94.43,102.76
Garissa,2016-07,3.68,4.47,6.31,50.6,90.3,99.99,98.35
Wajir,2016-07,4.19,4.34,4.37,50.6,109.0,98.15,104.46
Mandera,2016-07,3.63,5.81,6.28,51.8,96.6,104.47,104.86
Marsabit,2016-07,3.94,5.1,4.38,53.4,95.7,95.33,101.14
Isiolo,2016-07,3.92,5.09,6.42,45.2,99.5,98.12,102.47
Kitui,2016-07,4.33,4.24,6.48,49.6,108.0,93.35,100.42
Makueni,2016-07,3.11,4.38,6.63,54.4,94.4,98.72,100.29
Embu,2016-07,3.79,4.5,6.44,48.0,91.1,103.42,100.21
Tharaka Nithi,2016-07,3.79,4.93,5.84,48.7,103.8,107.19,99.59
Busia,2016-07,3.94,5.4,6.62,45.7,92.5,103.83,101.27
Siaya,2016-07,3.49,3.91,5.74,52.7,89.3,95.87,105.25
Homa Bay,2016-07,3.53,5.04,5.55,47.4,103.5,91.16,100.02
Migori,2016-07,3.44,5.61,5.51,53.2,102.4,102.57,101.68
Vihiga,2016-07,3.16,5.45,5.98,47.2,108.7,97.33,101.06
Baringo,2016-07,3.04,4.94,6.48,50.2,100.8,96.16,102.2
Elgeyo Marakwet,2016-07,3.24,5.28,5.24,45.2,102.2,96.48,103.06
Samburu,2016-07,3.51,6.31,6.78,47.8,89.6,103.54,103.46
Trans Nzoia,2016-07,3.53,6.14,7.07,52.8,95.1,96.21,102.94
Turkana,2016-07,3.4,4.77,5.32,50.9,108.0,100.54,102.21
West Pokot,2016-07,2.83,4.15,6.28,55.7,92.0,99.86,100.86
Narok,2016-07,4.39,5.05,6.88,52.1,96.4,98.42,101.43
Kajiado,2016-07,4.53,5.03,7.19,54.3,99.5,102.22,101.39
Tana River,2016-07,4.37,5.15,6.55,53.0,107.0,98.36,102.2
Nairobi,2016-08,3.71,6.06,5.59,50.3,91.6,100.37,100.31
Mombasa,2016-08,3.48,6.05,5.66,51.4,88.9,103.37,101.14
Kisumu,2016-08,3.76,4.43,5.75,47.5,94.5,104.08,104.89
Nakuru,2016-08,3.22,4.6,5.38,46.9,94.2,96.15,104.25
Kiambu,2016-08,4.11,4.98,5.1,50.3,100.1,95.29,103.22
Uasin Gishu,2016-08,3.3,4.66,4.89,54.9,107.3,102.94,103.62
Meru,2016-08,3.32,4.2,6.31,50.2,90.9,99.59,102.24
Machakos,2016-08,2.94,6.31,5.8,50.8,94.6,99.21,103.85
Kakamega,2016-08,3.42,4.98,7.12,52.9,106.8,103.53,103.47
Bungoma,2016-08,2.98,5.24,4.58,46.9,89.4,98.58,105.4
Kisii,2016-08,4.29,4.91,6.91,48.8,94.0,94.92,101.99
Nyamira,2016-08,2.84,5.25,5.07,54.8,103.6,95.47,99.83
Nyandarua,2016-08,3.32,5.09,6.53,52.4,103.6,101.86,101.42
Nyeri,2016-08,2.36,4.29,7.28,52.0,95.0,101.41,100.96
Kirinyaga,2016-08,3.52,4.55,6.41,51.9,105.8,107.56,100.55
Murang'a,2016-08,3.23,5.55,7.06,50.3,103.6,100.13,103.26
Laikipia,2016-08,3.38,5.01,4.88,46.2,89.1,103.13,102.25
Nandi,2016-08,3.48,5.02,7.38,47.7,96.5,102.3,100.14
Kericho,2016-08,3.75,3.98,5.25,47.6,106.6,101.19,104.86
Bomet,2016-08,2.79,6.87,7.14,45.5,105.9,100.96,102.72
Kilifi,2016-08,3.93,5.86,5.96,45.6,93.0,100.84,102.93
Kwale,2016-08,3.75,5.53,4.92,49.9,96.7,100.52,103.69
Lamu,2016-08,1.96,5.02,6.98,48.4,98.6,101.87,102.22
Taita Taveta,2016-08,3.82,6.15,6.54,46.8,98.2,99.13,101.34
Garissa,2016-08,2.74,4.03,6.65,51.0,89.5,100.55,103.57
Wajir,2016-08,4.21,4.81,4.97,50.2,107.7,98.62,104.0
Mandera,2016-08,3.99,5.91,5.83,51.7,95.7,102.28,104.41
Marsabit,2016-08,3.63,4.72,5.1,53.8,94.8,94.53,101.79
Isiolo,2016-08,2.99,4.85,6.2,45.5,98.5,91.48,103.12
Kitui,2016-08,3.66,4.17,6.71,49.7,106.8,99.09,100.39
Makueni,2016-08,3.05,4.09,6.38,54.7,93.5,103.99,102.51
Embu,2016-08,3.72,4.3,6.38,48.2,90.3,100.15,102.89
Tharaka Nithi,2016-08,4.02,5.77,5.02,48.0,102.7,94.81,103.08
Busia,2016-08,4.62,5.96,6.39,45.2,91.7,102.41,104.01
Siaya,2016-08,3.23,4.42,5.46,52.3,88.6,99.69,106.94
Homa Bay,2016-08,3.72,5.12,6.29,47.3,102.4,91.97,101.76
Migori,2016-08,3.17,5.2,6.38,53.5,101.3,98.12,104.48
Vihiga,2016-08,3.11,4.8,5.37,47.8,107.5,99.3,104.04
Baringo,2016-08,3.56,4.96,6.44,50.2,99.8,95.79,101.57
Elgeyo Marakwet,2016-08,3.02,5.72,5.69,44.8,101.1,97.25,104.08
Samburu,2016-08,3.9,5.9,6.78,48.2,88.8,104.98,101.93
Trans Nzoia,2016-08,2.46,5.71,7.64,53.1,94.3,101.53,104.25
Turkana,2016-08,4.36,4.76,5.44,50.9,106.8,100.01,102.33
West Pokot,2016-08,3.83,4.85,6.16,55.2,91.3,98.73,102.8
Narok,2016-08,4.13,4.83,5.25,52.3,95.5,96.18,100.97
Kajiado,2016-08,3.62,5.45,6.51,53.9,98.5,104.27,103.29
Tana River,2016-08,3.93,5.51,5.83,52.7,105.9,101.4,102.69
Nairobi,2016-09,3.66,5.31,5.69,50.9,91.3,99.61,103.76
Mombasa,2016-09,2.71,5.26,6.76,52.1,88.7,101.73,105.66
Kisumu,2016-09,3.49,4.81,5.2,47.2,94.2,102.66,102.38
Nakuru,2016-09,3.38,4.7,5.72,46.8,93.9,101.49,102.43
Kiambu,2016-09,3.38,5.08,4.12,50.3,99.7,95.49,106.82
Uasin Gishu,2016-09,3.93,4.48,5.0,55.1,106.8,103.75,104.02
Meru,2016-09,2.85,4.82,6.73,49.7,90.7,102.71,103.86
Machakos,2016-09,3.06,5.94,5.81,51.1,94.3,99.74,102.34
Kakamega,2016-09,3.6,5.14,6.32,52.8,106.3,100.15,103.45
Bungoma,2016-09,3.63,5.76,5.3,46.6,89.2,98.18,105.43
Kisii,2016-09,2.76,4.32,6.61,49.3,93.7,96.1,102.94
Nyamira,2016-09,3.82,5.51,5.26,54.7,103.1,93.81,102.28
Nyandarua,2016-09,2.87,5.4,7.05,52.2,103.1,98.01,101.53
Nyeri,2016-09,3.47,4.6,7.3,51.8,94.7,100.98,101.68
Kirinyaga,2016-09,3.0,4.24,6.34,52.2,105.3,101.72,104.68
Murang'a,2016-09,3.1,5.23,6.6,50.6,103.1,98.03,106.33
Laikipia,2016-09,2.89,4.98,6.06,46.3,88.9,101.98,102.91
Nandi,2016-09,3.18,4.96,7.5,47.7,96.2,96.52,105.5
Kericho,2016-09,2.67,4.24,5.36,47.4,106.1,105.45,100.8
Bomet,2016-09,3.83,6.42,5.93,45.9,105.4,101.56,102.21
Kilifi,2016-09,3.99,5.66,5.32,45.8,92.7,101.33,105.91
Kwale,2016-09,3.75,5.88,4.37,49.6,96.3,94.95,103.91
Lamu,2016-09,3.73,4.9,6.73,48.5,98.3,102.63,101.32
Taita Taveta,2016-09,3.62,6.13,6.7,46.8,97.8,97.2,103.6
Garissa,2016-09,3.12,4.25,7.27,50.8,89.3,97.65,102.66
Wajir,2016-09,3.66,4.9,5.2,50.2,107.2,96.07,105.18
Mandera,2016-09,4.25,5.2,4.54,52.3,95.4,104.95,102.17
Marsabit,2016-09,3.96,4.29,5.63,54.1,94.5,93.83,104.3
Isiolo,2016-09,3.06,4.78,6.15,45.5,98.1,99.92,103.36
Kitui,2016-09,3.89,5.29,5.6,48.8,106.3,101.83,103.36
Makueni,2016-09,2.99,3.87,6.75,54.9,93.3,104.96,103.01
Embu,2016-09,4.43,4.53,6.05,48.0,90.1,100.81,103.75
Tharaka Nithi,2016-09,4.27,5.06,4.38,48.6,102.2,105.17,103.86
Busia,2016-09,4.06,5.96,5.75,45.3,91.4,106.63,104.99
Siaya,2016-09,2.91,4.36,4.95,52.3,88.4,96.96,103.72
Homa Bay,2016-09,3.37,5.06,6.32,47.4,102.0,94.71,101.57
Migori,2016-09,3.61,4.95,6.63,53.7,100.9,102.67,100.61
Vihiga,2016-09,2.84,5.29,5.04,47.4,107.0,98.14,103.89
Baringo,2016-09,4.22,5.13,6.29,50.1,99.4,104.79,105.81
Elgeyo Marakwet,2016-09,3.6,5.41,5.16,45.1,100.7,94.88,103.98
Samburu,2016-09,4.12,6.31,7.15,47.9,88.6,100.37,104.78
Trans Nzoia,2016-09,3.04,5.61,7.05,53.2,94.0,105.44,107.86
Turkana,2016-09,4.11,4.65,5.61,51.0,106.2,105.22,102.72
West Pokot,2016-09,4.3,4.47,6.48,55.5,91.0,102.78,103.83
Narok,2016-09,4.23,5.16,6.11,52.1,95.2,95.24,103.86
Kajiado,2016-09,4.13,5.7,7.57,53.8,98.1,100.6,104.2
Tana River,2016-09,3.37,5.1,6.75,53.1,105.4,101.53,102.76
Nairobi,2016-10,3.36,5.14,6.29,51.1,92.1,100.53,104.46
Mombasa,2016-10,3.27,5.63,6.21,51.8,89.6,104.02,104.65
Kisumu,2016-10,4.02,4.76,5.1,47.2,95.0,95.09,105.25
Nakuru,2016-10,3.26,4.34,6.57,47.1,94.7,98.79,105.19
Kiambu,2016-10,3.72,5.75,4.72,49.8,100.4,100.4,103.99
Uasin Gishu,2016-10,3.47,4.55,4.24,55.1,107.5,105.61,102.06
Meru,2016-10,2.78,3.77,6.92,50.6,91.5,99.36,105.9
Machakos,2016-10,2.83,4.99,4.96,51.9,95.1,105.21,103.37
Kakamega,2016-10,3.34,4.58,7.19,53.3,107.0,108.6,105.77
Bungoma,2016-10,3.47,5.17,4.97,47.0,90.0,100.33,102.15
Kisii,2016-10,3.02,4.79,6.63,49.0,94.5,101.83,102.46
Nyamira,2016-10,3.06,5.14,5.59,55.0,103.9,101.39,100.83
Nyandarua,2016-10,2.65,4.93,6.09,52.6,103.8,96.79,101.43
Nyeri,2016-10,3.0,4.01,6.83,52.2,95.5,97.14,102.52
Kirinyaga,2016-10,3.4,4.52,6.32,52.0,106.0,106.04,105.61
Murang'a,2016-10,2.61,5.7,6.93,50.3,103.8,97.79,104.83
Laikipia,2016-10,4.15,4.46,4.59,46.7,89.8,105.72,104.01
Nandi,2016-10,3.55,5.17,7.01,47.6,97.0,99.88,105.17
Kericho,2016-10,3.71,4.25,5.56,47.4,106.8,99.79,104.37
Bomet,2016-10,3.88,5.59,7.17,46.6,106.1,100.69,104.45
Kilifi,2016-10,3.41,5.65,5.55,45.8,93.5,101.25,103.05
Kwale,2016-10,3.78,5.93,4.8,49.6,97.1,93.7,106.22
Lamu,2016-10,3.69,4.25,7.23,49.1,99.0,101.82,104.0
Taita Taveta,2016-10,3.5,5.68,6.53,47.2,98.6,97.24,102.23
Garissa,2016-10,2.97,4.25,5.86,50.8,90.2,101.13,105.83
Wajir,2016-10,3.69,4.7,5.54,50.4,107.9,100.14,103.71
Mandera,2016-10,3.98,5.63,4.86,52.0,96.2,105.23,104.93
Marsabit,2016-10,3.34,5.09,5.52,53.5,95.3,97.54,105.21
Isiolo,2016-10,4.0,4.85,5.66,45.5,98.9,99.48,104.68
Kitui,2016-10,3.57,5.08,5.71,49.0,107.0,99.75,102.69
Makueni,2016-10,4.04,5.2,6.47,53.8,94.1,101.25,104.89
Embu,2016-10,3.68,5.09,6.07,47.6,90.9,99.51,103.58
Tharaka Nithi,2016-10,3.64,5.04,6.4,48.7,103.0,101.5,104.82
Busia,2016-10,3.79,5.36,6.68,45.8,92.2,106.31,104.46
Siaya,2016-10,4.01,4.1,4.9,52.6,89.3,94.65,102.36
Homa Bay,2016-10,4.74,5.83,5.63,46.8,102.7,94.71,104.32
Migori,2016-10,3.56,5.64,6.17,53.2,101.7,101.61,104.09
Vihiga,2016-10,3.14,3.92,5.42,48.5,107.7,97.68,103.86
Baringo,2016-10,5.1,5.38,6.43,49.9,100.1,103.99,104.32
Elgeyo Marakwet,2016-10,3.38,5.62,6.59,45.0,101.4,94.68,104.31
Samburu,2016-10,3.58,5.97,6.37,48.1,89.5,104.33,103.16
Trans Nzoia,2016-10,3.83,6.14,6.3,52.8,94.8,100.32,102.54
Turkana,2016-10,3.36,4.64,5.18,51.1,107.0,110.54,104.25
West Pokot,2016-10,3.03,4.15,6.74,55.8,91.8,107.75,101.22
Narok,2016-10,3.14,6.16,6.59,51.3,96.0,96.63,104.4
Kajiado,2016-10,2.77,5.52,6.9,53.9,98.9,104.09,102.08
Tana River,2016-10,3.85,4.89,6.53,53.3,106.1,96.99,102.99
Nairobi,2016-11,2.99,6.01,6.89,50.4,94.3,97.86,104.06
Mombasa,2016-11,2.5,5.49,6.18,51.9,91.7,114.56,102.33
Kisumu,2016-11,4.43,4.96,5.5,47.1,97.1,107.52,104.56
Nakuru,2016-11,3.6,4.67,6.84,46.9,96.9,103.95,103.06
Kiambu,2016-11,2.94,5.4,5.0,50.1,102.6,97.27,105.86
Uasin Gishu,2016-11,3.44,4.48,5.16,55.2,109.8,107.63,100.63
Meru,2016-11,3.08,4.47,6.97,50.1,93.6,100.48,101.19
Machakos,2016-11,3.3,5.43,4.92,51.5,97.2,100.33,103.72
Kakamega,2016-11,3.32,3.64,7.39,54.1,109.3,109.77,104.98
Bungoma,2016-11,3.16,5.62,5.17,46.7,92.1,102.05,105.0
Kisii,2016-11,3.11,4.69,6.89,49.1,96.7,106.79,105.06
Nyamira,2016-11,3.47,5.54,5.85,54.7,106.1,100.22,102.71
Nyandarua,2016-11,3.58,5.81,6.19,51.9,106.0,96.3,104.44
Nyeri,2016-11,3.56,4.49,6.88,51.9,97.6,102.74,105.61
Kirinyaga,2016-11,3.4,5.12,5.94,51.5,108.3,102.92,106.71
Murang'a,2016-11,3.05,5.03,6.2,50.8,106.0,98.67,102.82
Laikipia,2016-11,3.39,4.35,5.06,46.8,91.9,106.07,102.64
Nandi,2016-11,3.94,5.24,7.33,47.5,99.1,102.58,105.28
Kericho,2016-11,2.81,4.7,5.67,47.1,109.1,106.74,102.24
Bomet,2016-11,3.29,5.86,6.13,46.4,108.4,103.78,101.95
Kilifi,2016-11,4.16,5.17,5.91,46.2,95.6,103.15,102.95
Kwale,2016-11,4.07,5.71,4.74,49.8,99.3,96.2,101.06
Lamu,2016-11,3.28,4.14,6.93,49.2,101.2,103.24,105.02
Taita Taveta,2016-11,3.26,5.65,7.29,47.2,100.8,101.01,104.47
Garissa,2016-11,3.49,3.67,6.6,51.3,92.3,101.62,102.47
Wajir,2016-11,3.83,4.59,5.22,50.5,110.1,100.42,106.15
Mandera,2016-11,4.12,4.92,5.79,52.6,98.3,107.31,104.58
Marsabit,2016-11,4.09,5.89,5.69,52.9,97.4,99.61,105.57
Isiolo,2016-11,3.12,5.18,6.18,45.3,101.1,103.96,102.77
Kitui,2016-11,4.27,4.7,5.68,49.4,109.2,99.48,100.85
Makueni,2016-11,3.61,4.76,6.55,54.2,96.2,103.97,106.93
Embu,2016-11,3.63,4.69,6.8,47.9,93.1,111.86,104.01
Tharaka Nithi,2016-11,4.32,5.77,5.31,48.1,105.2,104.52,105.85
Busia,2016-11,4.58,5.7,5.84,45.5,94.4,111.95,103.2
Siaya,2016-11,3.49,4.38,5.98,52.4,91.4,101.17,104.62
Homa Bay,2016-11,3.75,5.35,6.58,47.2,104.9,91.78,103.56
Migori,2016-11,3.44,4.96,6.49,53.8,103.9,102.07,106.63
Vihiga,2016-11,3.74,4.63,5.45,48.0,109.9,100.71,103.32
Baringo,2016-11,3.99,4.93,6.02,50.3,102.3,103.79,104.94
Elgeyo Marakwet,2016-11,2.89,5.74,5.25,44.9,103.6,99.53,105.23
Samburu,2016-11,3.94,5.93,6.57,48.2,91.6,105.69,103.69
Trans Nzoia,2016-11,3.15,5.7,6.15,53.2,96.9,99.38,103.57
Turkana,2016-11,3.77,4.64,5.31,51.1,109.2,105.4,105.31
West Pokot,2016-11,3.33,3.9,5.71,56.0,94.0,100.72,103.47
Narok,2016-11,3.59,4.89,6.17,52.4,98.2,100.48,104.89
Kajiado,2016-11,3.6,5.36,6.27,54.1,101.1,101.92,102.73
Tana River,2016-11,4.04,4.55,6.22,53.6,108.3,101.28,104.28
Nairobi,2016-12,4.47,5.89,5.96,50.5,97.6,98.97,101.74
Mombasa,2016-12,3.04,5.28,6.66,52.1,94.9,105.75,104.22
Kisumu,2016-12,3.6,5.26,5.2,46.9,100.5,108.45,105.62
Nakuru,2016-12,3.64,4.84,6.42,46.8,100.2,95.58,103.98
Kiambu,2016-12,3.81,5.46,4.7,50.0,106.1,98.01,106.96
Uasin Gishu,2016-12,4.12,4.48,5.61,55.2,113.4,104.68,101.84
Meru,2016-12,2.95,5.01,6.23,49.7,96.9,101.92,103.95
Machakos,2016-12,3.81,6.33,6.63,50.8,100.6,102.42,104.84
Kakamega,2016-12,2.96,5.11,6.36,52.9,112.9,107.3,102.75
Bungoma,2016-12,3.38,5.37,4.87,46.9,95.4,99.34,103.58
Kisii,2016-12,3.74,4.22,6.77,49.5,100.0,106.78,103.63
Nyamira,2016-12,2.87,5.42,5.74,54.8,109.6,100.27,103.6
Nyandarua,2016-12,3.22,5.09,6.75,52.5,109.6,99.67,103.94
Nyeri,2016-12,3.04,4.06,6.99,52.3,101.0,102.02,103.44
Kirinyaga,2016-12,3.51,3.91,6.17,52.5,111.8,102.33,103.04
Murang'a,2016-12,2.76,5.1,6.67,50.8,109.6,102.08,101.04
Laikipia,2016-12,2.69,4.67,5.28,46.6,95.1,95.82,103.65
Nandi,2016-12,3.12,5.6,6.62,47.3,102.5,106.4,104.61
Kericho,2016-12,2.39,4.66,5.69,47.2,112.7,107.31,110.29
Bomet,2016-12,2.82,6.31,6.46,46.1,111.9,103.96,104.33
Kilifi,2016-12,3.66,5.43,5.8,46.0,99.0,97.42,105.53
Kwale,2016-12,3.67,5.15,4.79,50.3,102.7,103.69,103.6
Lamu,2016-12,3.28,4.48,7.26,48.9,104.6,106.79,107.17
Taita Taveta,2016-12,3.31,6.05,6.97,47.0,104.2,104.6,103.32
Garissa,2016-12,3.6,4.21,6.19,50.9,95.5,100.76,104.78
Wajir,2016-12,3.88,4.7,6.08,50.4,113.8,103.08,105.7
Mandera,2016-12,3.51,5.09,5.95,52.5,101.7,106.65,106.61
Marsabit,2016-12,3.41,4.99,4.36,53.6,100.8,98.39,105.89
Isiolo,2016-12,2.87,5.43,6.26,45.1,104.5,100.94,102.68
Kitui,2016-12,3.7,3.31,6.29,50.5,112.8,94.18,106.21
Makueni,2016-12,3.67,4.6,7.61,54.4,99.6,101.45,107.02
Embu,2016-12,4.21,5.02,6.63,47.7,96.3,103.35,103.16
Tharaka Nithi,2016-12,3.68,5.03,5.15,48.7,108.7,110.34,104.01
Busia,2016-12,4.05,5.25,5.37,45.9,97.7,107.5,101.53
Siaya,2016-12,3.6,3.69,6.2,53.0,94.6,102.04,104.56
Homa Bay,2016-12,4.07,5.0,6.58,47.5,108.4,100.67,104.8
Migori,2016-12,3.85,5.71,6.44,53.2,107.4,98.42,102.96
Vihiga,2016-12,3.06,4.85,4.97,47.8,113.5,108.87,106.67
Baringo,2016-12,4.15,5.27,6.48,50.1,105.8,99.77,104.52
Elgeyo Marakwet,2016-12,3.32,4.89,5.73,45.6,107.1,99.01,101.54
Samburu,2016-12,3.61,5.59,7.77,48.5,94.8,108.65,102.4
Trans Nzoia,2016-12,3.64,5.15,7.47,53.7,100.3,100.14,104.26
Turkana,2016-12,4.4,4.22,4.64,51.5,112.8,102.91,105.96
West Pokot,2016-12,2.98,3.25,6.0,56.6,97.3,104.54,106.2
Narok,2016-12,3.71,5.25,6.97,52.1,101.5,95.03,103.82
Kajiado,2016-12,3.9,5.7,6.48,53.8,104.5,102.82,100.67
Tana River,2016-12,3.55,5.45,5.91,52.9,111.9,101.26,105.07
Nairobi,2017-01,3.26,5.82,5.98,50.6,101.6,99.34,105.72
Mombasa,2017-01,3.14,5.38,6.31,52.1,98.9,110.24,101.73
Kisumu,2017-01,4.32,4.43,5.58,47.6,104.6,107.24,102.74
Nakuru,2017-01,3.17,4.58,5.83,47.0,104.3,107.27,103.51
Kiambu,2017-01,3.25,5.57,4.8,50.0,110.3,97.68,105.28
Uasin Gishu,2017-01,3.49,4.47,4.87,55.2,117.8,101.94,105.28
Meru,2017-01,4.03,4.39,6.48,50.2,100.9,105.43,102.9
Machakos,2017-01,3.74,5.77,6.33,51.3,104.7,101.4,107.53
Kakamega,2017-01,3.88,4.75,7.06,53.2,117.3,106.6,106.6
Bungoma,2017-01,3.67,4.92,4.62,47.3,99.4,101.1,105.26
Kisii,2017-01,3.39,5.15,5.68,48.7,104.1,104.26,102.07
Nyamira,2017-01,3.46,5.48,5.36,54.8,113.9,97.8,106.72
Nyandarua,2017-01,3.44,5.77,6.35,52.0,113.9,100.88,103.74
Nyeri,2017-01,3.72,5.07,7.26,51.5,105.1,96.85,105.34
Kirinyaga,2017-01,2.81,4.98,6.68,51.7,116.2,97.51,103.06
Murang'a,2017-01,3.03,5.25,5.92,50.7,113.9,104.5,105.18
Laikipia,2017-01,3.46,4.61,5.58,46.7,99.1,109.73,104.07
Nandi,2017-01,3.09,5.24,6.64,47.6,106.7,105.54,105.91
Kericho,2017-01,2.48,4.88,5.62,47.0,117.1,105.25,104.67
Bomet,2017-01,3.64,4.93,7.35,47.2,116.3,103.92,105.46
Kilifi,2017-01,4.21,5.26,5.87,46.2,103.1,101.87,106.07
Kwale,2017-01,2.99,5.57,4.71,49.9,106.8,101.92,105.51
Lamu,2017-01,2.86,4.49,6.83,48.9,108.9,102.74,106.06
Taita Taveta,2017-01,3.24,4.62,6.74,48.1,108.4,98.29,102.35
Garissa,2017-01,2.81,4.33,6.88,50.9,99.5,102.13,103.89
Wajir,2017-01,4.11,4.43,4.94,50.6,118.2,97.36,102.17
Mandera,2017-01,3.54,5.51,5.43,52.2,105.9,103.48,103.38
Marsabit,2017-01,3.9,4.56,5.57,54.0,104.9,97.26,103.67
Isiolo,2017-01,2.47,4.97,6.84,45.5,108.7,102.21,106.27
Kitui,2017-01,3.87,4.07,6.22,49.9,117.2,97.43,106.8
Makueni,2017-01,2.88,4.77,7.3,54.3,103.7,110.49,104.19
Embu,2017-01,4.12,6.03,5.75,46.9,100.4,102.77,101.98
Tharaka Nithi,2017-01,4.21,4.49,5.49,49.2,113.0,108.68,105.08
Busia,2017-01,4.08,5.57,6.92,45.7,101.7,104.53,103.78
Siaya,2017-01,3.32,4.58,5.65,52.3,98.6,101.36,106.58
Homa Bay,2017-01,3.1,6.0,7.07,46.7,112.7,102.98,107.47
Migori,2017-01,2.68,5.21,5.93,53.6,111.6,106.25,103.22
Vihiga,2017-01,3.42,5.37,5.88,47.4,118.0,103.18,103.32
Baringo,2017-01,3.57,5.74,6.98,49.7,110.0,103.21,104.17
Elgeyo Marakwet,2017-01,2.4,4.96,6.52,45.6,111.4,96.33,105.08
Samburu,2017-01,4.36,5.25,6.92,48.8,98.8,110.5,104.82
Trans Nzoia,2017-01,4.6,5.11,7.46,53.7,104.4,101.73,105.96
Turkana,2017-01,4.05,4.44,5.45,51.3,117.2,99.79,105.7
West Pokot,2017-01,3.71,4.64,6.76,55.5,101.3,104.69,105.02
Narok,2017-01,3.54,5.13,6.99,52.2,105.7,105.64,104.44
Kajiado,2017-01,3.85,5.16,7.32,54.3,108.7,105.41,107.71
Tana River,2017-01,3.47,5.12,6.52,53.2,116.3,103.72,104.48
Nairobi,2017-02,3.05,6.11,6.82,50.4,105.7,97.91,107.23
Mombasa,2017-02,3.55,5.67,6.24,51.9,103.0,110.46,103.91
Kisumu,2017-02,3.87,3.71,5.8,48.2,108.8,99.66,107.46
Nakuru,2017-02,3.32,4.61,5.91,47.0,108.5,101.9,107.33
Kiambu,2017-02,2.48,6.0,5.57,49.7,114.7,95.94,103.59
Uasin Gishu,2017-02,4.3,4.13,4.55,55.5,122.3,110.6,105.71
Meru,2017-02,2.95,4.48,5.86,50.1,105.0,107.35,106.79
Machakos,2017-02,3.27,5.83,6.4,51.3,108.9,104.3,103.43
Kakamega,2017-02,3.75,5.36,6.43,52.8,121.8,106.96,105.82
Bungoma,2017-02,3.6,5.31,5.74,47.0,103.5,109.31,105.49
Kisii,2017-02,3.05,4.05,6.79,49.6,108.3,107.84,105.91
Nyamira,2017-02,3.16,5.28,4.6,55.0,118.4,103.59,106.57
Nyandarua,2017-02,2.41,6.17,6.7,51.7,118.3,104.04,103.19
Nyeri,2017-02,2.83,4.36,6.98,52.1,109.3,105.12,106.26
Kirinyaga,2017-02,3.24,4.34,7.07,52.2,120.7,100.93,107.64
Murang'a,2017-02,3.03,6.01,6.86,50.1,118.3,103.63,104.42
Laikipia,2017-02,3.41,5.09,5.09,46.3,103.2,103.68,104.95
Nandi,2017-02,3.37,4.19,7.04,48.5,111.0,103.72,103.47
Kericho,2017-02,2.58,3.64,4.9,48.0,121.6,105.05,108.13
Bomet,2017-02,3.44,5.7,6.81,46.6,120.8,104.89,105.08
Kilifi,2017-02,3.35,6.25,6.54,45.4,107.2,98.32,103.66
Kwale,2017-02,3.73,5.22,5.27,50.3,111.1,99.14,108.45
Lamu,2017-02,3.62,4.86,7.4,48.7,113.2,109.45,104.35
Taita Taveta,2017-02,3.06,5.82,7.36,47.2,112.7,102.53,102.83
Garissa,2017-02,2.99,4.26,6.18,50.9,103.6,107.8,103.12
Wajir,2017-02,4.13,5.21,6.43,50.0,122.7,100.31,105.94
Mandera,2017-02,3.92,5.53,5.43,52.2,110.1,106.73,101.4
Marsabit,2017-02,3.93,5.14,5.07,53.6,109.1,107.11,104.19
Isiolo,2017-02,2.9,5.97,5.94,44.7,113.0,99.71,104.98
Kitui,2017-02,4.0,4.59,5.74,49.5,121.7,98.88,104.29
Makueni,2017-02,3.33,4.58,7.06,54.4,107.8,100.37,106.8
Embu,2017-02,3.94,5.67,6.28,47.2,104.4,111.38,105.9
Tharaka Nithi,2017-02,4.46,5.45,5.63,48.5,117.4,114.89,106.53
Busia,2017-02,4.14,4.97,5.64,46.2,105.9,108.96,105.42
Siaya,2017-02,3.38,4.3,6.0,52.5,102.6,102.79,103.49
Homa Bay,2017-02,3.53,5.02,6.11,47.5,117.1,100.23,104.48
Migori,2017-02,2.84,5.38,6.02,53.5,116.0,95.99,108.28
Vihiga,2017-02,3.55,4.67,5.54,48.0,122.5,99.52,107.74
Baringo,2017-02,4.67,5.3,7.1,50.1,114.4,104.55,103.19
Elgeyo Marakwet,2017-02,3.05,5.44,5.33,45.2,115.8,100.22,105.06
Samburu,2017-02,3.93,5.78,6.3,48.4,102.9,106.23,103.27
Trans Nzoia,2017-02,3.84,4.94,7.5,53.9,108.6,107.11,104.75
Turkana,2017-02,2.83,4.59,5.31,51.2,121.7,103.03,104.43
West Pokot,2017-02,4.2,4.65,5.77,55.5,105.4,99.49,104.71
Narok,2017-02,3.81,5.62,6.13,51.9,109.9,103.57,108.1
Kajiado,2017-02,4.16,5.51,6.64,54.0,113.0,103.05,106.97
Tana River,2017-02,3.57,5.29,6.43,53.0,120.8,100.97,103.14
Nairobi,2017-03,3.53,5.73,6.71,50.7,109.2,99.76,107.43
Mombasa,2017-03,2.73,6.31,5.33,51.4,106.4,110.8,106.31
Kisumu,2017-03,3.54,4.74,6.0,47.4,112.3,98.4,106.35
Nakuru,2017-03,2.46,4.31,7.04,47.3,112.1,101.72,103.84
Kiambu,2017-03,3.4,6.32,4.48,49.4,118.3,97.11,107.85
Uasin Gishu,2017-03,4.37,4.47,4.51,55.3,126.1,114.17,107.99
Meru,2017-03,3.6,4.07,6.34,50.5,108.5,104.27,106.1
Machakos,2017-03,3.64,6.04,4.98,51.1,112.5,109.13,106.07
Kakamega,2017-03,3.84,5.12,6.38,53.0,125.6,108.64,104.8
Bungoma,2017-03,2.99,5.85,6.43,46.6,106.9,97.53,105.55
Kisii,2017-03,3.67,4.72,6.6,49.1,111.8,101.33,105.95
Nyamira,2017-03,2.86,4.64,5.75,55.5,122.1,104.66,105.68
Nyandarua,2017-03,3.12,5.97,6.53,51.9,122.1,103.25,105.15
Nyeri,2017-03,3.91,4.55,6.82,51.9,112.9,96.63,106.03
Kirinyaga,2017-03,3.0,4.5,6.05,52.1,124.5,101.32,108.79
Murang'a,2017-03,3.68,6.14,5.91,50.0,122.1,104.95,103.66
Laikipia,2017-03,3.27,4.55,5.67,46.8,106.6,104.98,107.2
Nandi,2017-03,3.58,5.97,6.08,47.1,114.5,111.13,107.32
Kericho,2017-03,2.86,4.76,5.75,47.2,125.4,107.2,104.36
Bomet,2017-03,3.37,6.45,6.61,46.1,124.6,107.54,104.41
Kilifi,2017-03,3.52,6.1,4.96,45.6,110.7,102.83,105.65
Kwale,2017-03,3.89,5.54,5.21,50.0,114.7,104.1,106.7
Lamu,2017-03,2.75,4.66,7.48,48.9,116.8,109.51,103.54
Taita Taveta,2017-03,3.53,5.0,6.95,47.9,116.4,108.5,104.18
Garissa,2017-03,2.97,4.6,5.45,50.7,107.1,100.69,106.49
Wajir,2017-03,3.68,4.52,5.66,50.6,126.5,103.49,106.0
Mandera,2017-03,3.56,5.6,5.41,52.1,113.7,107.5,104.85
Marsabit,2017-03,3.58,4.7,5.16,53.9,112.7,99.23,103.93
Isiolo,2017-03,3.17,5.27,6.75,45.3,116.7,100.77,106.21
Kitui,2017-03,3.89,4.69,5.97,49.5,125.5,101.62,106.15
Makueni,2017-03,3.37,3.58,6.93,55.3,111.4,113.04,105.06
Embu,2017-03,3.55,5.27,6.22,47.5,107.9,112.35,103.71
Tharaka Nithi,2017-03,4.22,5.48,5.61,48.5,121.1,109.79,107.14
Busia,2017-03,4.26,5.03,6.69,46.2,109.3,108.59,105.71
Siaya,2017-03,3.66,4.19,5.8,52.6,106.1,101.16,103.92
Homa Bay,2017-03,3.41,5.41,6.92,47.3,120.8,103.98,104.32
Migori,2017-03,4.34,5.54,6.94,53.4,119.7,105.03,106.4
Vihiga,2017-03,3.45,5.31,6.06,47.5,126.3,106.35,105.13
Baringo,2017-03,3.69,5.38,7.06,50.1,118.0,104.06,107.2
Elgeyo Marakwet,2017-03,3.8,5.02,5.14,45.6,119.4,101.15,106.06
Samburu,2017-03,3.75,6.3,7.04,48.0,106.3,109.2,103.45
Trans Nzoia,2017-03,2.92,5.89,5.86,53.2,112.1,106.69,105.36
Turkana,2017-03,5.17,5.66,5.25,50.4,125.5,106.44,107.09
West Pokot,2017-03,4.27,3.73,5.34,56.3,108.9,103.12,106.47
Narok,2017-03,4.1,5.85,5.79,51.7,113.5,95.79,106.89
Kajiado,2017-03,3.5,4.72,6.81,54.7,116.6,107.19,105.42
Tana River,2017-03,3.64,5.21,6.22,53.1,124.5,99.14,104.53
Nairobi,2017-04,3.61,5.89,6.55,50.6,111.6,99.07,105.73
Mombasa,2017-04,2.21,5.69,6.92,51.9,108.7,105.78,105.12
Kisumu,2017-04,3.99,5.08,5.14,47.1,114.7,103.67,103.05
Nakuru,2017-04,3.5,5.52,6.36,46.4,114.4,104.1,106.48
Kiambu,2017-04,3.48,5.17,5.81,50.4,120.7,101.64,106.03
Uasin Gishu,2017-04,3.24,5.03,5.46,54.8,128.6,106.93,107.5
Meru,2017-04,3.13,4.08,5.99,50.5,110.8,100.14,106.71
Machakos,2017-04,2.33,5.2,4.48,51.8,114.8,105.44,105.77
Kakamega,2017-04,3.44,4.12,6.35,53.8,128.0,110.84,105.17
Bungoma,2017-04,3.75,5.36,5.27,47.0,109.2,107.66,106.88
Kisii,2017-04,3.25,4.77,6.54,49.1,114.2,105.95,105.51
Nyamira,2017-04,3.1,5.61,4.65,54.8,124.5,99.44,103.92
Nyandarua,2017-04,2.39,5.06,6.49,52.6,124.5,98.56,106.77
Nyeri,2017-04,3.4,3.64,7.05,52.7,115.2,103.57,104.51
Kirinyaga,2017-04,3.5,4.41,6.51,52.2,126.9,101.43,103.31
Murang'a,2017-04,2.99,5.33,6.32,50.7,124.5,101.89,105.4
Laikipia,2017-04,3.66,4.9,5.14,46.5,108.9,104.85,107.76
Nandi,2017-04,2.87,5.25,7.41,47.7,116.9,109.5,105.7
Kericho,2017-04,3.04,4.77,4.87,47.2,127.8,105.67,105.4
Bomet,2017-04,4.15,5.78,6.12,46.6,127.0,104.96,105.08
Kilifi,2017-04,3.55,6.06,4.95,45.6,113.1,109.6,107.24
Kwale,2017-04,4.28,5.43,4.94,50.1,117.0,98.42,105.21
Lamu,2017-04,3.34,5.3,6.33,48.4,119.2,106.43,105.77
Taita Taveta,2017-04,2.83,6.03,6.56,47.1,118.7,102.92,105.32
Garissa,2017-04,2.99,4.29,6.11,51.0,109.4,102.17,104.91
Wajir,2017-04,4.06,5.28,5.36,50.0,129.0,105.91,103.91
Mandera,2017-04,3.76,5.02,4.74,52.6,116.0,104.6,107.79
Marsabit,2017-04,4.04,5.19,4.41,53.6,115.0,101.78,106.45
Isiolo,2017-04,3.14,4.45,5.91,46.0,119.0,102.57,106.8
Kitui,2017-04,2.79,4.45,6.45,49.7,127.9,104.42,107.04
Makueni,2017-04,3.6,4.1,5.9,54.9,113.7,105.92,107.5
Embu,2017-04,4.4,5.41,6.27,47.5,110.2,110.61,105.17
Tharaka Nithi,2017-04,3.87,5.92,5.21,48.1,123.5,114.32,105.52
Busia,2017-04,4.44,4.92,6.58,46.3,111.7,107.28,103.88
Siaya,2017-04,3.72,4.66,4.78,52.3,108.4,97.61,105.86
Homa Bay,2017-04,3.54,5.56,6.78,47.2,123.2,102.69,108.78
Migori,2017-04,3.44,5.29,5.49,53.6,122.1,105.4,105.5
Vihiga,2017-04,3.5,5.01,4.94,47.8,128.7,104.95,107.01
Baringo,2017-04,4.53,5.6,6.97,49.9,120.4,105.61,106.58
Elgeyo Marakwet,2017-04,3.72,4.86,5.39,45.7,121.8,99.95,106.57
Samburu,2017-04,4.46,5.52,5.63,48.7,108.6,108.55,107.37
Trans Nzoia,2017-04,3.67,5.96,6.79,53.1,114.5,100.51,106.77
Turkana,2017-04,3.54,5.62,5.62,50.4,127.9,105.72,105.08
West Pokot,2017-04,3.56,4.3,6.79,55.8,111.2,106.24,104.9
Narok,2017-04,4.66,5.44,6.78,52.0,115.8,101.61,106.54
Kajiado,2017-04,3.96,4.78,7.74,54.7,119.0,109.39,105.4
Tana River,2017-04,3.38,5.42,6.45,53.0,127.0,104.95,106.29
Nairobi,2017-05,3.6,6.34,6.75,50.3,112.4,99.61,108.44
Mombasa,2017-05,3.74,6.89,5.64,51.0,109.6,111.63,103.28
Kisumu,2017-05,4.08,4.36,6.33,47.7,115.5,104.12,103.87
Nakuru,2017-05,3.27,3.92,6.6,47.7,115.3,98.67,106.44
Kiambu,2017-05,2.65,5.37,6.22,50.2,121.6,102.75,105.1
Uasin Gishu,2017-05,3.62,4.52,5.37,55.3,129.3,105.18,107.29
Meru,2017-05,2.25,4.14,6.12,50.5,111.7,108.05,106.43
Machakos,2017-05,2.5,5.3,5.62,51.8,115.7,106.16,105.53
Kakamega,2017-05,3.38,4.81,6.68,53.3,128.8,109.88,109.65
Bungoma,2017-05,3.05,4.97,5.57,47.4,110.1,102.42,105.92
Kisii,2017-05,3.1,4.57,7.46,49.3,115.1,109.03,107.69
Nyamira,2017-05,2.6,5.06,3.73,55.2,125.3,100.76,107.84
Nyandarua,2017-05,3.24,5.46,6.4,52.3,125.3,99.87,106.71
Nyeri,2017-05,3.69,3.78,6.88,52.6,116.1,104.63,105.78
Kirinyaga,2017-05,3.62,5.89,6.41,51.1,127.7,107.1,105.29
Murang'a,2017-05,3.22,5.56,6.62,50.6,125.3,103.08,106.71
Laikipia,2017-05,4.13,5.1,5.53,46.4,109.8,106.85,107.52
Nandi,2017-05,3.45,4.67,6.97,48.2,117.8,105.78,105.45
Kericho,2017-05,3.33,4.48,4.98,47.4,128.6,112.44,107.26
Bomet,2017-05,3.38,5.02,6.53,47.2,127.8,105.26,106.57
Kilifi,2017-05,3.69,4.87,5.44,46.6,113.9,104.55,107.35
Kwale,2017-05,3.57,6.29,4.06,49.5,117.9,107.35,106.06
Lamu,2017-05,3.49,4.81,7.46,48.8,120.0,107.07,104.75
Taita Taveta,2017-05,3.96,5.75,7.04,47.3,119.6,107.91,104.85
Garissa,2017-05,3.55,4.06,6.15,51.2,110.3,104.2,104.15
Wajir,2017-05,3.62,5.16,5.73,50.2,129.8,103.43,106.76
Mandera,2017-05,3.58,6.0,5.38,51.9,116.9,108.22,108.12
Marsabit,2017-05,3.35,5.72,4.42,53.2,115.9,107.95,105.84
Isiolo,2017-05,2.97,4.43,6.13,46.0,119.9,100.35,105.49
Kitui,2017-05,3.62,4.9,6.49,49.3,128.7,103.5,104.76
Makueni,2017-05,3.02,5.14,6.48,54.1,114.6,112.77,106.04
Embu,2017-05,3.84,5.56,6.7,47.4,111.1,109.84,105.82
Tharaka Nithi,2017-05,3.9,5.39,6.12,48.6,124.3,110.18,107.33
Busia,2017-05,4.57,5.64,6.44,45.7,112.6,105.63,102.45
Siaya,2017-05,3.79,4.22,4.95,52.7,109.3,103.54,106.31
Homa Bay,2017-05,4.03,5.38,5.93,47.3,124.1,106.54,106.07
Migori,2017-05,3.56,5.24,5.97,53.7,122.9,107.14,106.42
Vihiga,2017-05,3.31,4.72,4.61,48.1,129.5,103.83,107.59
Baringo,2017-05,3.8,5.15,7.08,50.3,121.2,103.99,104.09
Elgeyo Marakwet,2017-05,3.16,5.2,5.08,45.5,122.7,102.44,107.14
Samburu,2017-05,3.96,5.89,7.74,48.4,109.5,109.45,106.82
Trans Nzoia,2017-05,3.25,5.45,6.63,53.6,115.3,103.61,106.94
Turkana,2017-05,4.82,4.46,5.13,51.4,128.7,107.97,106.99
West Pokot,2017-05,3.7,4.91,5.02,55.4,112.1,99.22,105.66
Narok,2017-05,4.34,4.8,4.89,52.6,116.7,105.85,106.77
Kajiado,2017-05,3.4,5.14,6.25,54.4,119.9,106.55,105.46
Tana River,2017-05,4.02,4.14,5.98,54.0,127.8,101.2,106.02
Nairobi,2017-06,3.19,6.08,5.53,50.5,112.1,103.6,107.64
Mombasa,2017-06,3.83,5.44,6.36,52.2,109.3,106.19,103.21
Kisumu,2017-06,4.2,4.58,5.95,47.6,115.1,103.03,107.58
Nakuru,2017-06,4.21,4.88,6.36,46.9,114.8,105.59,104.44
Kiambu,2017-06,4.03,5.25,5.65,50.4,121.0,97.68,105.03
Uasin Gishu,2017-06,4.21,4.38,5.86,55.4,128.7,109.75,104.04
Meru,2017-06,3.69,4.16,6.72,50.5,111.4,106.93,104.49
Machakos,2017-06,3.13,6.58,5.76,50.8,115.2,106.93,108.41
Kakamega,2017-06,3.66,4.62,6.39,53.5,128.1,111.55,108.35
Bungoma,2017-06,3.29,6.29,5.13,46.3,109.8,102.49,108.3
Kisii,2017-06,3.3,4.98,6.51,49.0,114.6,107.15,107.54
Nyamira,2017-06,3.29,4.73,4.59,55.5,124.7,106.68,106.6
Nyandarua,2017-06,2.82,5.0,5.87,52.7,124.7,96.58,106.65
Nyeri,2017-06,3.15,4.04,6.69,52.4,115.6,103.63,109.94
Kirinyaga,2017-06,2.73,5.23,6.95,51.6,127.0,104.28,107.1
Murang'a,2017-06,2.96,5.46,7.28,50.7,124.7,108.65,107.56
Laikipia,2017-06,3.38,4.33,4.95,47.0,109.5,111.88,104.51
Nandi,2017-06,2.92,5.11,6.32,47.8,117.3,107.08,106.16
Kericho,2017-06,2.71,3.98,5.93,47.8,127.9,106.06,104.4
Bomet,2017-06,3.41,5.93,6.51,46.5,127.2,105.9,106.87
Kilifi,2017-06,3.14,5.87,5.83,45.8,113.5,104.94,108.31
Kwale,2017-06,3.4,6.07,5.09,49.7,117.4,103.11,106.77
Lamu,2017-06,3.11,5.27,6.35,48.4,119.5,106.64,108.35
Taita Taveta,2017-06,3.15,6.16,7.77,47.0,119.1,103.7,107.82
Garissa,2017-06,2.85,4.6,6.32,50.8,109.9,106.11,105.83
Wajir,2017-06,3.27,4.83,4.26,50.5,129.1,103.37,108.21
Mandera,2017-06,3.78,6.24,5.99,51.7,116.4,106.26,106.84
Marsabit,2017-06,3.64,4.47,4.71,54.2,115.4,102.08,103.75
Isiolo,2017-06,3.09,5.09,5.52,45.5,119.4,105.38,107.87
Kitui,2017-06,3.76,4.39,6.68,49.8,128.1,105.32,107.26
Makueni,2017-06,3.04,4.53,7.45,54.6,114.1,106.71,109.95
Embu,2017-06,3.64,5.14,5.72,47.7,110.8,111.54,104.19
Tharaka Nithi,2017-06,3.71,4.82,5.75,49.1,123.7,113.85,107.77
Busia,2017-06,2.97,6.31,6.43,45.2,112.2,108.56,107.04
Siaya,2017-06,3.71,3.99,5.3,52.9,109.0,101.69,106.19
Homa Bay,2017-06,3.3,4.78,6.38,47.8,123.5,106.03,107.57
Migori,2017-06,3.68,5.57,6.03,53.5,122.3,110.1,104.76
Vihiga,2017-06,2.76,4.44,6.07,48.3,128.8,108.66,107.53
Baringo,2017-06,4.35,4.9,6.76,50.5,120.7,106.45,108.07
Elgeyo Marakwet,2017-06,3.18,5.24,5.83,45.5,122.1,106.3,105.8
Samburu,2017-06,3.94,5.35,5.58,48.8,109.2,111.78,107.71
Trans Nzoia,2017-06,3.56,5.01,6.75,53.9,114.9,99.1,108.85
Turkana,2017-06,3.44,5.25,5.81,50.8,128.0,106.16,105.1
West Pokot,2017-06,3.74,4.06,6.28,56.1,111.7,105.63,104.13
Narok,2017-06,3.01,5.52,6.11,52.0,116.2,103.18,107.84
Kajiado,2017-06,4.31,5.43,6.56,54.2,119.3,108.42,104.76
Tana River,2017-06,3.92,5.5,6.74,53.0,127.1,99.47,105.66
Nairobi,2017-07,3.05,5.81,6.7,50.8,110.9,108.65,106.46
Mombasa,2017-07,2.89,6.09,6.35,51.7,108.2,116.1,107.63
Kisumu,2017-07,3.4,4.05,4.59,48.0,113.8,109.83,108.98
Nakuru,2017-07,4.2,5.05,6.81,46.8,113.6,104.52,105.47
Kiambu,2017-07,3.83,5.67,5.45,50.1,119.6,104.23,107.68
Uasin Gishu,2017-07,4.15,5.04,5.4,54.9,127.1,113.22,107.97
Meru,2017-07,3.15,4.7,5.67,50.1,110.2,110.71,105.41
Machakos,2017-07,3.18,5.36,5.79,51.8,114.0,107.7,104.81
Kakamega,2017-07,3.74,4.31,7.38,53.7,126.5,111.55,107.79
Bungoma,2017-07,3.24,5.48,4.95,47.0,108.6,108.42,109.72
Kisii,2017-07,3.1,5.11,5.57,48.9,113.4,104.44,105.76
Nyamira,2017-07,2.63,4.89,5.36,55.4,123.2,103.94,107.77
Nyandarua,2017-07,3.31,5.66,6.74,52.2,123.2,103.13,105.42
Nyeri,2017-07,3.81,4.19,6.26,52.3,114.4,102.7,105.83
Kirinyaga,2017-07,3.17,4.9,6.63,51.9,125.5,104.63,106.47
Murang'a,2017-07,3.58,5.58,7.56,50.6,123.2,111.08,108.92
Laikipia,2017-07,3.0,5.23,5.02,46.3,108.4,107.31,107.45
Nandi,2017-07,3.72,5.26,6.38,47.7,116.0,112.38,106.24
Kericho,2017-07,3.35,4.25,5.47,47.7,126.3,112.98,105.64
Bomet,2017-07,4.44,4.91,6.31,47.4,125.6,109.1,108.08
Kilifi,2017-07,3.8,5.66,5.84,46.0,112.3,106.18,109.29
Kwale,2017-07,4.18,5.97,4.53,49.8,116.1,104.58,106.75
Lamu,2017-07,2.75,4.93,6.62,48.7,118.1,111.6,105.59
Taita Taveta,2017-07,4.08,5.44,7.03,47.6,117.7,107.98,106.34
Garissa,2017-07,3.66,3.81,6.95,51.4,108.8,105.43,106.31
Wajir,2017-07,3.82,4.95,5.0,50.4,127.5,102.77,106.87
Mandera,2017-07,3.23,6.19,5.19,51.8,115.1,111.42,107.51
Marsabit,2017-07,3.27,5.1,5.57,53.7,114.2,103.9,108.99
Isiolo,2017-07,3.48,5.56,6.13,45.2,118.0,101.63,106.28
Kitui,2017-07,3.75,4.74,5.3,49.5,126.5,103.95,107.44
Makueni,2017-07,3.26,4.94,7.06,54.3,112.9,113.13,106.88
Embu,2017-07,4.22,5.79,6.72,47.2,109.6,108.3,106.82
Tharaka Nithi,2017-07,3.79,5.45,6.02,48.6,122.3,109.05,107.3
Busia,2017-07,3.11,6.07,6.03,45.4,111.0,111.75,106.74
Siaya,2017-07,4.09,3.12,5.19,53.6,107.8,103.89,106.52
Homa Bay,2017-07,4.27,5.0,6.69,47.7,122.0,106.04,109.09
Migori,2017-07,3.09,5.15,6.85,53.8,120.9,109.56,104.88
Vihiga,2017-07,2.91,4.99,5.95,47.9,127.2,104.49,102.83
Baringo,2017-07,4.13,4.77,5.58,50.7,119.3,99.03,108.42
Elgeyo Marakwet,2017-07,3.28,5.31,6.26,45.4,120.7,106.28,109.62
Samburu,2017-07,3.41,5.76,6.02,48.5,108.1,111.2,106.83
Trans Nzoia,2017-07,3.71,5.81,7.24,53.3,113.6,108.56,110.43
Turkana,2017-07,3.75,4.38,5.46,51.5,126.5,107.15,109.42
West Pokot,2017-07,3.49,4.17,5.99,56.0,110.5,109.94,106.96
Narok,2017-07,3.65,6.1,5.97,51.6,114.9,105.64,108.18
Kajiado,2017-07,3.19,5.73,6.21,54.0,118.0,110.08,105.76
Tana River,2017-07,4.11,5.73,6.83,52.8,125.5,106.73,106.85
Nairobi,2017-08,3.18,6.36,6.11,50.4,109.6,101.75,108.6
Mombasa,2017-08,2.77,5.25,5.48,52.4,107.0,111.55,107.48
Kisumu,2017-08,3.96,4.97,5.63,47.3,112.5,107.97,107.3
Nakuru,2017-08,3.67,5.22,6.29,46.7,112.2,105.56,106.11
Kiambu,2017-08,2.91,5.77,5.69,50.0,118.1,105.5,107.41
Uasin Gishu,2017-08,4.2,4.33,5.61,55.5,125.4,111.27,106.69
Meru,2017-08,3.57,4.57,6.55,50.2,108.9,108.5,107.54
Machakos,2017-08,4.02,6.18,5.88,51.2,112.6,108.84,109.11
Kakamega,2017-08,3.79,4.55,6.79,53.6,124.9,112.01,102.84
Bungoma,2017-08,3.71,5.53,5.97,47.0,107.4,106.61,105.82
Kisii,2017-08,3.4,4.26,6.89,49.6,112.0,109.6,109.04
Nyamira,2017-08,2.86,5.54,4.47,54.9,121.6,107.39,108.38
Nyandarua,2017-08,3.24,5.55,6.62,52.3,121.6,108.85,107.17
Nyeri,2017-08,3.45,4.0,6.29,52.5,113.0,104.23,109.26
Kirinyaga,2017-08,3.24,4.67,6.26,52.1,123.9,106.42,108.04
Murang'a,2017-08,2.55,5.9,6.19,50.4,121.6,110.4,105.7
Laikipia,2017-08,3.82,5.2,5.24,46.4,107.2,106.68,107.97
Nandi,2017-08,2.87,4.96,7.33,48.0,114.6,113.25,107.62
Kericho,2017-08,2.87,4.63,5.59,47.4,124.7,104.42,108.77
Bomet,2017-08,3.66,6.12,6.06,46.4,124.0,99.16,108.02
Kilifi,2017-08,3.96,5.0,5.15,46.6,111.0,115.84,107.14
Kwale,2017-08,4.14,5.36,3.97,50.3,114.7,105.01,107.2
Lamu,2017-08,2.99,4.74,7.02,48.9,116.7,109.88,105.7
Taita Taveta,2017-08,3.59,5.02,5.9,48.0,116.2,108.53,108.36
Garissa,2017-08,3.29,3.75,5.87,51.5,107.6,105.3,105.21
Wajir,2017-08,3.64,4.89,6.0,50.5,125.8,104.46,108.73
Mandera,2017-08,2.94,5.73,5.07,52.2,113.7,110.55,107.23
Marsabit,2017-08,4.19,4.75,5.49,54.0,112.8,104.33,107.36
Isiolo,2017-08,3.0,4.85,6.35,45.8,116.5,105.38,107.96
Kitui,2017-08,3.71,4.85,6.84,49.5,124.8,101.52,108.9
Makueni,2017-08,2.9,4.66,7.16,54.5,111.6,104.17,107.74
Embu,2017-08,3.66,4.83,6.73,48.0,108.4,110.31,106.39
Tharaka Nithi,2017-08,3.96,5.53,5.61,48.5,120.7,115.77,108.4
Busia,2017-08,3.05,5.28,6.0,46.1,109.7,113.72,103.66
Siaya,2017-08,4.66,4.47,5.28,52.5,106.7,108.45,111.12
Homa Bay,2017-08,3.93,5.73,6.37,47.1,120.4,105.25,106.89
Migori,2017-08,3.03,5.17,5.62,53.8,119.4,108.76,105.07
Vihiga,2017-08,3.2,4.82,5.6,48.1,125.5,105.66,112.22
Baringo,2017-08,4.47,4.76,6.71,50.7,117.8,106.4,106.08
Elgeyo Marakwet,2017-08,2.69,5.58,5.22,45.3,119.1,107.97,109.09
Samburu,2017-08,4.52,5.43,7.07,48.8,106.9,114.48,106.89
Trans Nzoia,2017-08,3.15,6.44,7.04,52.8,112.3,109.06,106.37
Turkana,2017-08,3.39,4.53,5.28,51.4,124.8,107.07,107.59
West Pokot,2017-08,2.93,3.95,6.57,56.2,109.3,110.29,107.01
Narok,2017-08,3.5,5.02,6.21,52.5,113.6,108.17,108.99
Kajiado,2017-08,3.64,5.08,6.87,54.5,116.5,105.84,106.82
Tana River,2017-08,4.36,5.62,6.48,52.9,123.9,102.86,107.92
Nairobi,2017-09,3.83,5.62,7.14,51.0,109.0,109.44,110.5
Mombasa,2017-09,3.21,5.87,6.91,51.9,106.4,115.04,107.25
Kisumu,2017-09,3.69,4.68,4.72,47.6,111.8,108.82,109.64
Nakuru,2017-09,2.59,5.33,6.78,46.6,111.6,106.28,108.82
Kiambu,2017-09,3.49,6.0,5.89,49.8,117.4,100.26,108.88
Uasin Gishu,2017-09,3.56,4.56,4.77,55.3,124.5,117.33,109.56
Meru,2017-09,3.04,3.87,6.18,50.8,108.4,110.26,108.36
Machakos,2017-09,3.57,6.02,6.0,51.3,112.0,110.18,105.92
Kakamega,2017-09,3.5,4.97,6.91,53.3,124.0,114.46,107.52
Bungoma,2017-09,3.22,5.68,5.33,46.9,106.9,105.29,107.65
Kisii,2017-09,3.05,5.13,6.51,49.0,111.4,113.79,110.29
Nyamira,2017-09,3.14,5.13,4.11,55.3,120.8,101.57,105.94
Nyandarua,2017-09,3.59,5.6,6.61,52.3,120.8,98.08,106.2
Nyeri,2017-09,3.75,4.55,6.65,52.1,112.4,106.33,110.45
Kirinyaga,2017-09,3.26,4.8,6.56,52.0,123.0,115.9,104.85
Murang'a,2017-09,3.43,5.34,6.8,50.8,120.8,106.97,107.93
Laikipia,2017-09,3.84,6.18,5.45,45.6,106.6,107.82,107.36
Nandi,2017-09,3.17,4.35,6.65,48.5,113.9,113.75,106.09
Kericho,2017-09,3.68,4.57,5.21,47.5,123.8,111.66,110.4
Bomet,2017-09,3.96,5.65,6.49,46.8,123.1,109.62,107.23
Kilifi,2017-09,3.0,6.5,5.71,45.4,110.4,109.47,107.91
Kwale,2017-09,3.56,5.55,4.21,50.2,114.0,113.05,106.15
Lamu,2017-09,2.74,4.61,7.53,49.0,116.0,111.07,106.15
Taita Taveta,2017-09,3.9,6.1,7.19,47.1,115.5,109.16,111.59
Garissa,2017-09,4.19,4.03,7.03,51.3,107.0,107.94,108.75
Wajir,2017-09,3.26,4.56,4.88,50.7,124.9,108.9,109.61
Mandera,2017-09,2.88,5.46,6.04,52.4,113.1,109.76,109.09
Marsabit,2017-09,3.81,5.24,5.04,53.7,112.2,102.22,106.32
Isiolo,2017-09,3.36,5.2,6.29,45.5,115.8,104.99,107.54
Kitui,2017-09,4.1,4.39,5.71,49.9,124.0,107.61,107.69
Makueni,2017-09,3.39,5.07,6.84,54.2,111.0,111.47,106.23
Embu,2017-09,3.76,5.38,5.28,47.6,107.8,113.57,108.15
Tharaka Nithi,2017-09,3.95,5.68,5.85,48.4,119.9,117.41,106.51
Busia,2017-09,3.97,5.53,5.75,45.9,109.1,115.85,111.49
Siaya,2017-09,3.63,4.47,5.25,52.6,106.1,103.47,105.27
Homa Bay,2017-09,3.3,4.8,7.16,47.9,119.7,106.03,107.48
Migori,2017-09,3.71,5.0,5.92,54.0,118.6,109.89,109.54
Vihiga,2017-09,3.33,4.94,5.57,48.0,124.6,109.13,108.3
Baringo,2017-09,3.51,5.28,6.05,50.3,117.1,109.17,107.28
Elgeyo Marakwet,2017-09,4.24,5.39,4.86,45.4,118.4,105.37,108.78
Samburu,2017-09,4.64,5.54,6.04,48.8,106.3,115.73,105.93
Trans Nzoia,2017-09,3.29,5.69,6.89,53.5,111.7,109.92,106.97
Turkana,2017-09,3.77,4.75,5.41,51.3,123.9,111.25,108.65
West Pokot,2017-09,3.94,4.56,6.46,55.7,108.7,104.44,108.08
Narok,2017-09,4.1,5.73,6.05,51.9,112.9,104.96,107.14
Kajiado,2017-09,4.06,5.96,6.53,53.9,115.8,111.74,108.19
Tana River,2017-09,3.78,5.2,6.78,53.3,123.1,108.36,111.41
Nairobi,2017-10,3.07,5.98,6.2,50.7,109.7,103.65,108.38
Mombasa,2017-10,3.15,6.81,6.11,51.2,107.1,111.01,108.81
Kisumu,2017-10,3.04,4.56,5.37,47.7,112.5,112.33,109.86
Nakuru,2017-10,3.27,4.66,5.84,47.2,112.3,104.98,108.86
Kiambu,2017-10,2.98,5.34,4.9,50.4,118.0,106.81,111.1
Uasin Gishu,2017-10,3.12,3.78,5.07,56.0,125.1,112.83,108.73
Meru,2017-10,3.16,4.33,6.55,50.5,109.1,112.77,105.47
Machakos,2017-10,2.92,5.79,5.06,51.5,112.7,115.09,107.45
Kakamega,2017-10,3.56,4.77,6.64,53.5,124.6,108.11,107.76
Bungoma,2017-10,4.04,5.59,4.75,47.0,107.6,110.73,107.9
Kisii,2017-10,3.22,4.75,7.04,49.3,112.1,117.27,109.64
Nyamira,2017-10,3.64,5.33,4.64,55.1,121.4,106.87,108.56
Nyandarua,2017-10,2.61,5.49,6.61,52.4,121.4,106.52,109.16
Nyeri,2017-10,3.51,4.23,6.47,52.4,113.0,101.74,111.08
Kirinyaga,2017-10,3.35,4.68,5.99,52.2,123.6,118.23,106.79
Murang'a,2017-10,2.98,5.56,6.82,50.7,121.4,112.51,111.11
Laikipia,2017-10,3.76,4.51,4.92,47.0,107.3,111.99,111.5
Nandi,2017-10,2.79,5.55,6.91,47.6,114.5,114.77,108.25
Kericho,2017-10,2.93,4.68,5.91,47.4,124.4,115.7,108.38
Bomet,2017-10,3.43,5.02,7.02,47.4,123.7,111.37,106.95
Kilifi,2017-10,3.63,5.5,4.89,46.2,111.1,106.52,106.7
Kwale,2017-10,3.69,5.33,4.2,50.4,114.7,112.99,110.28
Lamu,2017-10,2.84,4.9,7.09,48.8,116.6,115.3,107.17
Taita Taveta,2017-10,3.84,5.59,6.26,47.6,116.2,109.88,110.34
Garissa,2017-10,4.35,3.83,6.57,51.5,107.7,106.26,109.58
Wajir,2017-10,3.35,4.13,4.9,51.1,125.5,107.36,107.44
Mandera,2017-10,3.97,5.88,5.78,52.1,113.7,115.88,109.02
Marsabit,2017-10,3.18,5.65,4.88,53.4,112.8,109.3,110.76
Isiolo,2017-10,3.26,4.6,5.9,46.0,116.5,110.93,108.15
Kitui,2017-10,3.71,4.83,6.73,49.5,124.5,106.91,108.09
Makueni,2017-10,3.25,4.78,7.13,54.5,111.7,110.53,110.02
Embu,2017-10,3.8,4.8,5.68,48.1,108.5,110.74,107.99
Tharaka Nithi,2017-10,4.43,4.94,5.77,49.1,120.5,111.7,108.01
Busia,2017-10,3.32,5.41,6.19,46.0,109.8,115.31,108.73
Siaya,2017-10,3.16,4.7,5.31,52.4,106.8,106.9,108.39
Homa Bay,2017-10,3.38,5.45,6.54,47.4,120.3,101.83,107.59
Migori,2017-10,3.26,5.55,6.9,53.6,119.2,108.07,107.65
Vihiga,2017-10,2.92,4.52,5.36,48.3,125.2,110.94,106.82
Baringo,2017-10,4.1,4.58,6.31,50.9,117.7,108.64,110.91
Elgeyo Marakwet,2017-10,3.12,4.53,4.56,46.1,119.0,106.57,109.32
Samburu,2017-10,4.13,5.85,7.41,48.5,107.0,112.36,109.74
Trans Nzoia,2017-10,2.81,5.44,6.02,53.7,112.3,107.73,108.33
Turkana,2017-10,3.93,4.78,4.88,51.3,124.5,111.09,106.15
West Pokot,2017-10,4.15,4.29,5.99,56.0,109.4,114.65,106.54
Narok,2017-10,3.46,5.0,6.36,52.5,113.6,108.93,109.51
Kajiado,2017-10,4.87,4.65,7.04,54.9,116.5,108.04,107.52
Tana River,2017-10,3.59,4.93,7.25,53.5,123.7,110.61,108.43
Nairobi,2017-11,3.95,5.17,5.8,51.4,112.0,100.43,107.75
Mombasa,2017-11,3.16,5.68,6.28,52.1,109.4,110.87,110.0
Kisumu,2017-11,3.96,4.89,4.42,47.5,114.8,111.58,107.02
Nakuru,2017-11,3.31,4.93,6.27,47.0,114.6,106.51,108.81
Kiambu,2017-11,2.88,5.97,5.3,49.9,120.3,109.22,108.01
Uasin Gishu,2017-11,3.43,4.22,5.57,55.7,127.5,111.36,109.77
Meru,2017-11,3.19,3.62,6.08,51.1,111.3,106.81,108.85
Machakos,2017-11,2.59,6.08,5.47,51.3,114.9,110.07,109.78
Kakamega,2017-11,3.97,4.54,6.55,53.7,127.0,109.03,107.77
Bungoma,2017-11,3.39,5.77,5.0,46.9,109.8,110.72,107.88
Kisii,2017-11,3.4,5.16,6.83,49.0,114.4,110.65,107.9
Nyamira,2017-11,2.92,5.2,4.88,55.3,123.8,109.65,108.47
Nyandarua,2017-11,2.5,6.27,6.57,51.8,123.7,101.92,108.14
Nyeri,2017-11,3.44,5.12,6.17,51.7,115.3,108.96,110.9
Kirinyaga,2017-11,3.1,4.66,5.94,52.2,126.0,109.51,108.75
Murang'a,2017-11,3.42,5.83,6.15,50.5,123.7,104.44,108.77
Laikipia,2017-11,3.68,5.04,4.89,46.6,109.6,112.14,111.07
Nandi,2017-11,3.5,4.92,6.57,48.1,116.8,112.45,111.26
Kericho,2017-11,3.19,4.37,5.34,47.7,126.8,116.78,111.74
Bomet,2017-11,3.85,5.68,6.63,46.9,126.1,103.64,109.92
Kilifi,2017-11,3.9,5.86,5.28,46.0,113.3,108.52,108.18
Kwale,2017-11,4.26,5.48,6.06,50.3,117.0,108.91,106.89
Lamu,2017-11,3.1,4.53,5.79,49.2,118.9,117.23,109.85
Taita Taveta,2017-11,3.61,5.88,6.23,47.4,118.5,106.96,110.06
Garissa,2017-11,2.9,3.3,6.11,51.9,110.0,107.76,109.0
Wajir,2017-11,4.24,4.89,5.42,50.5,127.8,111.41,106.52
Mandera,2017-11,3.91,5.72,4.86,52.3,116.0,107.21,107.68
Marsabit,2017-11,3.41,5.41,4.87,53.6,115.1,104.7,107.88
Isiolo,2017-11,3.52,5.21,6.27,45.5,118.8,107.33,110.74
Kitui,2017-11,3.38,5.06,6.49,49.4,126.9,106.29,112.55
Makueni,2017-11,2.96,4.29,6.23,54.9,113.9,114.86,111.33
Embu,2017-11,4.52,5.63,5.96,47.5,110.8,113.28,106.29
Tharaka Nithi,2017-11,4.75,5.46,5.43,48.7,122.9,118.36,107.34
Busia,2017-11,4.09,5.43,6.6,46.0,112.1,114.19,106.62
Siaya,2017-11,3.67,4.69,5.19,52.4,109.1,109.33,107.23
Homa Bay,2017-11,3.57,5.11,6.68,47.7,122.6,107.87,109.84
Migori,2017-11,3.8,5.73,6.44,53.5,121.6,108.09,108.8
Vihiga,2017-11,2.92,4.71,5.34,48.2,127.6,106.39,105.86
Baringo,2017-11,3.66,5.34,5.92,50.3,120.0,110.37,111.65
Elgeyo Marakwet,2017-11,3.64,6.07,5.76,44.9,121.3,110.67,107.71
Samburu,2017-11,3.72,4.69,7.42,49.5,109.3,119.3,107.97
Trans Nzoia,2017-11,3.36,5.5,7.12,53.7,114.6,112.63,106.19
Turkana,2017-11,4.05,4.65,5.4,51.4,126.9,113.74,108.52
West Pokot,2017-11,3.56,4.32,6.72,56.0,111.7,111.84,109.13
Narok,2017-11,3.41,5.29,6.84,52.3,115.9,108.45,109.79
Kajiado,2017-11,4.55,5.97,6.78,53.9,118.8,108.88,104.97
Tana River,2017-11,3.77,5.16,6.6,53.4,126.0,108.32,108.32
Nairobi,2017-12,2.7,5.4,6.7,51.2,115.6,112.81,109.05
Mombasa,2017-12,3.23,6.02,5.8,51.8,113.0,116.9,108.09
Kisumu,2017-12,4.22,4.66,5.51,47.7,118.5,109.0,110.26
Nakuru,2017-12,4.3,4.32,6.05,47.5,118.3,110.46,110.38
Kiambu,2017-12,3.27,4.38,6.08,51.2,124.1,108.85,106.59
Uasin Gishu,2017-12,3.4,5.16,5.85,54.9,131.4,117.0,108.94
Meru,2017-12,3.38,4.36,6.93,50.5,114.9,108.42,107.99
Machakos,2017-12,3.48,5.69,6.21,51.6,118.6,109.29,109.12
Kakamega,2017-12,3.22,4.56,6.2,53.7,130.9,113.59,107.05
Bungoma,2017-12,3.91,6.02,4.31,46.7,113.4,113.35,112.95
Kisii,2017-12,3.45,4.43,8.07,49.6,118.0,107.57,109.23
Nyamira,2017-12,3.25,6.08,5.33,54.6,127.6,106.59,107.77
Nyandarua,2017-12,2.91,5.16,6.44,52.7,127.6,105.15,106.96
Nyeri,2017-12,3.9,4.24,6.09,52.4,119.0,106.23,109.3
Kirinyaga,2017-12,2.65,4.91,5.94,52.0,129.9,115.96,109.99
Murang'a,2017-12,3.0,5.1,6.47,51.1,127.6,112.88,109.16
Laikipia,2017-12,3.47,4.96,4.75,46.7,113.2,111.43,106.07
Nandi,2017-12,3.74,5.19,6.43,47.9,120.6,119.35,109.33
Kericho,2017-12,2.85,4.72,5.78,47.4,130.7,115.36,108.56
Bomet,2017-12,3.85,5.55,6.89,47.0,130.0,105.78,108.55
Kilifi,2017-12,4.53,5.38,5.33,46.4,117.0,109.03,107.38
Kwale,2017-12,2.97,5.54,5.08,50.2,120.7,108.16,108.98
Lamu,2017-12,3.18,5.21,6.79,48.6,122.7,111.41,108.78
Taita Taveta,2017-12,3.63,6.38,6.61,47.0,122.3,109.41,109.71
Garissa,2017-12,2.93,4.32,5.49,51.1,113.6,103.58,109.75
Wajir,2017-12,3.79,4.72,5.28,50.7,131.8,105.59,109.13
Mandera,2017-12,3.22,6.03,4.8,52.0,119.7,111.84,107.64
Marsabit,2017-12,3.9,4.98,4.92,53.9,118.8,110.52,109.24
Isiolo,2017-12,3.29,4.81,5.65,45.9,122.5,108.69,108.72
Kitui,2017-12,3.93,4.5,6.48,49.8,130.8,102.61,112.03
Makueni,2017-12,3.31,4.72,6.43,54.6,117.6,113.62,107.25
Embu,2017-12,4.04,5.0,6.07,48.0,114.4,117.17,107.35
Tharaka Nithi,2017-12,3.66,5.45,6.73,48.7,126.7,114.66,110.09
Busia,2017-12,3.88,6.28,5.41,45.4,115.7,115.37,106.76
Siaya,2017-12,2.64,4.39,5.27,52.7,112.7,106.85,109.04
Homa Bay,2017-12,4.83,5.26,6.56,47.6,126.5,106.52,109.64
Migori,2017-12,3.27,5.29,7.21,53.8,125.4,115.31,109.41
Vihiga,2017-12,2.21,4.7,6.88,48.3,131.5,109.34,110.85
Baringo,2017-12,4.51,5.35,6.17,50.3,123.8,103.72,110.23
Elgeyo Marakwet,2017-12,2.91,5.48,4.94,45.4,125.2,107.08,109.25
Samburu,2017-12,4.09,5.34,7.43,49.0,112.9,113.59,106.69
Trans Nzoia,2017-12,3.42,5.82,7.01,53.4,118.3,114.04,108.85
Turkana,2017-12,3.84,4.32,5.75,51.7,130.8,113.61,108.57
West Pokot,2017-12,2.85,4.99,5.62,55.5,115.3,109.51,109.74
Narok,2017-12,3.44,4.84,5.33,52.7,119.6,111.2,108.38
Kajiado,2017-12,5.02,5.16,6.27,54.6,122.5,109.42,109.56
Tana River,2017-12,3.65,5.54,5.91,53.1,129.9,105.34,106.5
Nairobi,2018-01,2.52,5.57,6.31,51.1,120.1,106.47,111.47
Mombasa,2018-01,3.59,5.51,5.31,52.3,117.4,114.8,108.7
Kisumu,2018-01,3.61,4.32,5.04,48.0,123.1,110.89,108.65
Nakuru,2018-01,3.55,4.87,5.77,47.1,122.8,114.28,108.13
Kiambu,2018-01,2.85,5.67,4.99,50.2,128.8,108.23,105.99
Uasin Gishu,2018-01,4.2,4.8,4.38,55.2,136.3,110.45,112.11
Meru,2018-01,3.05,4.08,5.24,50.7,119.4,110.7,109.26
Machakos,2018-01,3.36,5.15,4.76,52.1,123.2,113.35,111.11
Kakamega,2018-01,2.96,4.99,6.96,53.4,135.8,119.02,109.49
Bungoma,2018-01,2.63,5.67,5.71,47.0,117.9,107.37,109.02
Kisii,2018-01,3.36,3.53,7.49,50.3,122.6,109.52,110.36
Nyamira,2018-01,3.15,6.05,5.35,54.6,132.4,108.08,108.26
Nyandarua,2018-01,3.36,4.81,6.74,53.0,132.4,104.24,111.48
Nyeri,2018-01,3.46,4.7,6.77,52.1,123.6,102.18,108.31
Kirinyaga,2018-01,3.62,4.85,7.05,52.1,134.7,112.73,108.15
Murang'a,2018-01,2.84,5.44,5.36,50.9,132.4,116.76,110.26
Laikipia,2018-01,4.05,4.31,5.67,47.2,117.6,119.86,107.62
Nandi,2018-01,3.66,5.07,6.04,48.0,125.2,115.83,110.85
Kericho,2018-01,3.03,4.85,4.75,47.3,135.6,110.4,109.8
Bomet,2018-01,3.68,5.37,7.01,47.2,134.8,113.79,110.89
Kilifi,2018-01,3.8,5.93,5.41,46.0,121.6,117.23,108.38
Kwale,2018-01,4.7,5.65,4.33,50.2,125.3,113.13,109.79
Lamu,2018-01,3.5,5.29,7.05,48.6,127.4,112.05,111.06
Taita Taveta,2018-01,3.4,6.09,5.85,47.2,126.9,111.15,108.64
Garissa,2018-01,3.99,4.57,6.34,51.0,118.0,111.05,108.1
Wajir,2018-01,4.6,5.44,5.49,50.1,136.7,113.99,108.75
Mandera,2018-01,3.39,5.49,5.69,52.5,124.3,111.94,110.41
Marsabit,2018-01,3.8,4.72,5.44,54.2,123.4,111.26,109.86
Isiolo,2018-01,3.54,4.72,6.59,46.0,127.2,105.55,107.93
Kitui,2018-01,3.43,4.16,6.11,50.1,135.7,107.53,110.86
Makueni,2018-01,3.25,3.81,7.42,55.3,122.2,110.89,109.51
Embu,2018-01,4.04,5.23,6.61,47.8,118.9,117.21,108.31
Tharaka Nithi,2018-01,4.81,5.35,5.6,48.8,131.5,118.66,109.97
Busia,2018-01,4.09,6.5,6.15,45.2,120.2,114.83,109.77
Siaya,2018-01,4.07,3.67,4.22,53.3,117.1,106.65,107.15
Homa Bay,2018-01,3.42,5.57,5.86,47.4,131.2,104.89,109.7
Migori,2018-01,3.71,4.78,6.71,54.3,130.1,114.94,111.03
Vihiga,2018-01,3.62,5.73,5.35,47.5,136.5,111.06,108.98
Baringo,2018-01,3.93,5.88,5.92,49.9,128.5,109.14,111.67
Elgeyo Marakwet,2018-01,3.64,5.27,5.99,45.6,129.9,109.59,111.85
Samburu,2018-01,4.01,6.2,8.15,48.3,117.3,117.88,109.67
Trans Nzoia,2018-01,3.76,5.66,8.12,53.6,122.9,111.19,109.19
Turkana,2018-01,3.56,5.21,5.77,51.0,135.7,112.27,110.46
West Pokot,2018-01,3.01,4.49,6.46,55.9,119.8,117.11,108.44
Narok,2018-01,3.41,5.09,5.73,52.5,124.2,113.75,111.92
Kajiado,2018-01,3.98,6.04,6.8,53.9,127.2,111.53,109.1
Tana River,2018-01,3.71,4.68,6.54,53.8,134.8,110.06,110.72
Nairobi,2018-02,3.45,5.72,6.03,51.0,124.7,109.28,111.11
Mombasa,2018-02,2.64,5.68,6.32,52.2,121.9,115.04,109.12
Kisumu,2018-02,3.97,4.15,5.54,48.1,127.7,110.06,111.59
Nakuru,2018-02,4.41,4.38,6.49,47.5,127.5,108.98,111.56
Kiambu,2018-02,2.99,5.71,4.96,50.2,133.6,107.34,108.45
Uasin Gishu,2018-02,3.98,4.2,5.41,55.7,141.3,114.55,109.83
Meru,2018-02,3.41,4.11,6.47,50.7,124.0,117.04,108.83
Machakos,2018-02,3.54,6.32,5.11,51.2,127.9,108.34,110.45
Kakamega,2018-02,3.37,5.31,6.96,53.1,140.8,114.04,108.28
Bungoma,2018-02,4.08,5.51,5.2,47.2,122.4,113.62,109.27
Kisii,2018-02,3.41,4.69,7.0,49.4,127.3,114.7,109.67
Nyamira,2018-02,3.21,5.4,4.41,55.2,137.3,110.26,112.84
Nyandarua,2018-02,2.69,5.26,5.98,52.7,137.3,110.41,110.67
Nyeri,2018-02,3.34,4.08,6.77,52.6,128.3,103.44,110.22
Kirinyaga,2018-02,3.7,4.28,5.69,52.6,139.7,116.96,109.08
Murang'a,2018-02,3.62,5.34,6.44,51.0,137.3,113.75,108.67
Laikipia,2018-02,3.62,4.79,4.39,46.9,122.1,114.88,109.61
Nandi,2018-02,3.29,4.59,7.61,48.4,129.9,117.69,111.45
Kericho,2018-02,3.15,3.69,6.56,48.3,140.6,115.4,108.88
Bomet,2018-02,3.84,6.12,6.6,46.6,139.8,116.73,111.62
Kilifi,2018-02,3.42,5.43,6.11,46.4,126.2,103.63,109.78
Kwale,2018-02,3.29,5.45,4.86,50.4,130.1,108.65,109.17
Lamu,2018-02,2.72,5.72,7.82,48.3,132.1,111.04,112.37
Taita Taveta,2018-02,3.25,5.87,6.89,47.4,131.7,108.53,111.48
Garissa,2018-02,3.38,4.13,5.57,51.3,122.6,107.61,107.54
Wajir,2018-02,3.95,4.17,5.16,51.2,141.7,114.03,111.8
Mandera,2018-02,3.7,5.45,6.42,52.5,129.0,115.39,109.51
Marsabit,2018-02,3.1,5.28,5.6,53.7,128.1,107.47,110.44
Isiolo,2018-02,2.94,5.13,5.11,45.7,132.0,109.1,111.45
Kitui,2018-02,3.43,4.56,6.0,49.8,140.7,109.96,109.68
Makueni,2018-02,3.01,4.98,7.31,54.4,126.8,112.29,110.75
Embu,2018-02,4.07,5.41,5.21,47.7,123.4,119.49,109.15
Tharaka Nithi,2018-02,3.8,6.33,5.83,48.0,136.4,115.31,106.69
Busia,2018-02,4.48,4.97,5.78,46.5,124.8,115.49,112.12
Siaya,2018-02,3.96,4.21,5.36,52.9,121.6,107.31,110.21
Homa Bay,2018-02,3.62,5.76,6.79,47.3,136.1,111.35,109.46
Migori,2018-02,3.66,5.42,5.76,53.8,135.0,111.97,110.13
Vihiga,2018-02,3.5,4.78,4.93,48.2,141.4,111.6,110.17
Baringo,2018-02,4.01,5.64,7.1,50.1,133.3,110.64,109.08
Elgeyo Marakwet,2018-02,2.82,5.7,6.29,45.3,134.7,108.33,109.64
Samburu,2018-02,4.57,5.99,7.05,48.5,121.8,113.21,111.02
Trans Nzoia,2018-02,3.1,5.36,6.75,53.9,127.5,109.59,109.67
Turkana,2018-02,3.32,5.15,5.9,51.1,140.7,108.62,111.47
West Pokot,2018-02,3.29,4.76,6.2,55.7,124.4,112.77,109.72
Narok,2018-02,4.4,4.95,6.7,52.7,128.9,113.74,111.07
Kajiado,2018-02,4.78,5.35,7.21,54.5,132.0,112.2,111.85
Tana River,2018-02,3.84,5.15,7.06,53.5,139.7,109.41,107.88
Nairobi,2018-03,3.21,6.03,7.16,50.8,128.5,110.09,112.38
Mombasa,2018-03,2.56,5.47,6.06,52.3,125.7,117.56,110.53
Kisumu,2018-03,4.15,4.43,5.43,47.9,131.6,113.31,109.01
Nakuru,2018-03,3.43,4.67,6.14,47.3,131.4,111.96,110.51
Kiambu,2018-03,3.33,6.03,4.81,50.0,137.6,106.5,114.57
Uasin Gishu,2018-03,3.24,4.0,5.5,55.9,145.4,110.05,110.05
Meru,2018-03,4.21,3.8,5.38,51.0,127.8,108.65,111.75
Machakos,2018-03,3.53,5.51,5.86,51.9,131.8,117.57,113.08
Kakamega,2018-03,3.49,3.64,6.53,54.5,144.9,115.87,110.01
Bungoma,2018-03,3.57,6.19,5.81,46.7,126.2,110.94,112.05
Kisii,2018-03,3.57,4.72,7.11,49.4,131.1,113.84,113.49
Nyamira,2018-03,2.61,5.34,5.09,55.2,141.4,111.51,112.3
Nyandarua,2018-03,3.04,5.0,6.83,52.9,141.4,111.21,107.49
Nyeri,2018-03,3.4,3.81,6.39,52.8,132.2,106.13,111.61
Kirinyaga,2018-03,3.4,4.27,6.9,52.6,143.8,108.62,110.9
Murang'a,2018-03,2.84,5.26,6.77,51.0,141.4,114.7,112.41
Laikipia,2018-03,3.53,5.07,4.83,46.7,125.9,115.11,111.06
Nandi,2018-03,3.32,4.36,6.98,48.6,133.8,116.85,109.38
Kericho,2018-03,2.76,4.98,5.83,47.3,144.7,115.59,108.69
Bomet,2018-03,3.35,6.18,6.68,46.6,143.9,111.94,111.16
Kilifi,2018-03,3.52,6.3,6.31,45.7,130.0,111.07,109.46
Kwale,2018-03,2.81,5.05,4.34,50.7,134.0,110.83,109.91
Lamu,2018-03,2.62,4.69,7.14,49.1,136.1,116.81,107.55
Taita Taveta,2018-03,3.36,5.27,7.38,47.9,135.6,113.56,109.05
Garissa,2018-03,3.02,4.14,5.09,51.4,126.3,111.99,109.99
Wajir,2018-03,4.34,4.21,4.98,51.2,145.8,106.1,108.89
Mandera,2018-03,3.24,5.88,5.13,52.2,132.9,114.9,109.83
Marsabit,2018-03,3.17,5.05,5.48,54.0,132.0,106.44,111.61
Isiolo,2018-03,2.74,5.02,6.62,45.8,136.0,108.47,110.46
Kitui,2018-03,3.56,4.6,5.19,49.8,144.8,104.09,111.32
Makueni,2018-03,3.8,4.08,6.73,55.2,130.7,115.68,111.44
Embu,2018-03,3.05,4.8,5.89,48.2,127.2,119.28,114.15
Tharaka Nithi,2018-03,3.85,4.71,5.88,49.4,140.4,121.13,110.56
Busia,2018-03,3.57,5.9,6.62,45.8,128.6,114.11,110.97
Siaya,2018-03,4.05,4.75,5.17,52.5,125.4,108.73,112.24
Homa Bay,2018-03,3.11,5.55,5.62,47.4,140.1,113.77,110.01
Migori,2018-03,3.88,5.66,5.69,53.6,139.0,118.16,112.73
Vihiga,2018-03,3.49,4.55,5.38,48.4,145.6,112.57,109.34
Baringo,2018-03,4.61,5.33,5.24,50.4,137.3,114.14,109.88
Elgeyo Marakwet,2018-03,3.21,5.27,5.97,45.7,138.7,113.33,110.82
Samburu,2018-03,3.85,5.77,6.84,48.7,125.6,115.08,111.27
Trans Nzoia,2018-03,3.66,6.43,7.55,53.0,131.4,109.99,111.63
Turkana,2018-03,3.51,5.05,5.08,51.2,144.8,112.09,110.82
West Pokot,2018-03,2.54,3.72,6.14,56.6,128.2,113.63,109.85
Narok,2018-03,3.29,5.12,6.59,52.6,132.8,112.88,110.38
Kajiado,2018-03,4.32,5.72,6.36,54.2,135.9,112.37,108.3
Tana River,2018-03,3.8,5.75,6.75,53.0,143.8,115.79,109.95
Nairobi,2018-04,3.96,5.71,7.2,51.1,131.0,110.39,111.86
Mombasa,2018-04,3.69,5.58,6.31,52.3,128.1,122.47,110.6
Kisumu,2018-04,3.35,5.46,5.13,47.1,134.1,114.62,112.53
Nakuru,2018-04,3.23,4.33,6.35,47.6,133.8,107.18,110.37
Kiambu,2018-04,3.6,5.42,4.63,50.5,140.1,114.15,110.96
Uasin Gishu,2018-04,4.22,4.44,4.69,55.6,148.0,117.79,110.48
Meru,2018-04,2.88,5.01,6.06,50.1,130.3,108.33,112.79
Machakos,2018-04,2.88,5.48,4.63,51.9,134.2,119.32,108.87
Kakamega,2018-04,3.61,4.93,7.15,53.5,147.4,117.67,108.25
Bungoma,2018-04,3.32,5.82,4.78,47.0,128.6,112.76,111.82
Kisii,2018-04,3.82,4.21,7.76,49.9,133.6,116.63,110.8
Nyamira,2018-04,3.62,6.5,4.43,54.3,143.9,110.21,107.23
Nyandarua,2018-04,3.13,5.72,6.39,52.4,143.9,107.68,107.73
Nyeri,2018-04,3.55,5.03,6.43,51.9,134.6,110.86,108.45
Kirinyaga,2018-04,3.54,4.63,6.08,52.3,146.3,111.34,110.21
Murang'a,2018-04,3.32,4.88,6.32,51.4,143.9,113.71,109.15
Laikipia,2018-04,4.29,4.61,4.72,47.1,128.4,112.33,113.5
Nandi,2018-04,3.58,4.71,7.37,48.4,136.3,117.06,111.19
Kericho,2018-04,3.14,4.09,5.75,48.0,147.2,115.35,113.53
Bomet,2018-04,3.17,6.28,6.55,46.5,146.4,115.19,112.05
Kilifi,2018-04,3.6,6.05,4.28,45.9,132.5,111.01,109.41
Kwale,2018-04,3.36,5.56,5.21,50.3,136.5,113.23,111.16
Lamu,2018-04,2.9,4.95,6.95,48.9,138.6,118.74,111.97
Taita Taveta,2018-04,3.42,5.46,6.6,47.8,138.1,110.26,110.33
Garissa,2018-04,3.44,4.61,6.19,51.0,128.8,111.73,111.01
Wajir,2018-04,3.75,4.28,4.41,51.1,148.4,109.24,111.51
Mandera,2018-04,3.44,5.39,5.71,52.6,135.4,116.79,109.18
Marsabit,2018-04,4.08,5.58,4.62,53.6,134.4,108.29,112.59
Isiolo,2018-04,3.03,4.32,5.66,46.4,138.5,110.42,109.06
Kitui,2018-04,3.52,4.56,7.11,49.9,147.4,109.4,112.41
Makueni,2018-04,3.96,5.02,6.99,54.4,133.1,109.61,111.49
Embu,2018-04,4.28,5.12,6.93,48.0,129.7,120.45,111.65
Tharaka Nithi,2018-04,4.38,5.41,4.43,48.8,142.9,116.37,112.6
Busia,2018-04,3.61,5.43,5.76,46.2,131.1,123.24,113.32
Siaya,2018-04,3.3,4.34,4.86,52.8,127.8,112.35,111.56
Homa Bay,2018-04,3.92,5.51,7.77,47.5,142.7,108.19,108.23
Migori,2018-04,3.21,4.83,5.55,54.3,141.5,111.58,109.42
Vihiga,2018-04,2.76,5.06,5.28,48.1,148.1,112.29,112.14
Baringo,2018-04,3.63,5.17,6.77,50.6,139.8,108.0,107.22
Elgeyo Marakwet,2018-04,3.38,5.62,6.59,45.4,141.3,111.15,112.03
Samburu,2018-04,3.91,5.91,7.66,48.6,128.0,111.81,111.42
Trans Nzoia,2018-04,4.33,5.93,7.75,53.5,133.9,110.86,110.75
Turkana,2018-04,3.91,3.89,4.75,52.1,147.4,112.57,112.03
West Pokot,2018-04,3.96,4.55,6.64,55.9,130.6,113.59,112.6
Narok,2018-04,3.93,5.48,6.26,52.3,135.2,113.89,110.17
Kajiado,2018-04,4.24,5.11,6.18,54.7,138.4,115.98,110.67
Tana River,2018-04,3.66,5.66,6.1,53.1,146.4,111.68,112.9
Nairobi,2018-05,4.04,6.42,6.32,50.5,131.7,114.85,109.78
Mombasa,2018-05,2.74,4.72,7.04,53.0,128.9,116.71,111.01
Kisumu,2018-05,3.51,4.89,5.18,47.6,134.8,110.93,111.86
Nakuru,2018-05,2.9,4.4,5.17,47.6,134.6,108.99,111.47
Kiambu,2018-05,2.72,4.93,5.4,50.9,140.9,108.43,114.19
Uasin Gishu,2018-05,4.39,4.2,5.41,55.8,148.6,119.93,110.3
Meru,2018-05,2.75,4.42,6.28,50.6,131.0,113.24,111.86
Machakos,2018-05,2.78,5.26,5.57,52.1,135.0,115.96,109.44
Kakamega,2018-05,3.96,3.86,6.65,54.4,148.1,117.77,110.25
Bungoma,2018-05,3.42,6.49,4.75,46.5,129.4,120.18,111.86
Kisii,2018-05,3.47,4.89,7.92,49.3,134.4,112.05,109.52
Nyamira,2018-05,2.89,5.57,4.29,55.1,144.6,111.65,113.74
Nyandarua,2018-05,3.11,5.46,6.1,52.6,144.6,113.04,109.96
Nyeri,2018-05,4.14,5.23,6.85,51.7,135.4,110.2,112.75
Kirinyaga,2018-05,3.8,4.47,6.2,52.5,147.0,110.36,111.81
Murang'a,2018-05,3.43,4.87,6.29,51.4,144.6,110.5,109.85
Laikipia,2018-05,3.79,4.66,4.9,47.0,129.1,111.08,111.48
Nandi,2018-05,3.34,4.79,6.72,48.4,137.1,117.7,109.98
Kericho,2018-05,2.68,5.11,5.26,47.2,147.9,117.39,112.72
Bomet,2018-05,5.09,5.17,6.83,47.4,147.1,112.87,110.39
Kilifi,2018-05,3.57,5.25,5.62,46.6,133.2,109.45,112.62
Kwale,2018-05,3.89,5.82,4.78,50.1,137.2,110.72,111.63
Lamu,2018-05,2.7,4.67,6.46,49.2,139.3,113.96,108.04
Taita Taveta,2018-05,3.95,5.55,7.51,47.8,138.9,115.82,109.27
Garissa,2018-05,2.9,5.35,7.09,50.4,129.6,112.29,111.59
Wajir,2018-05,3.7,4.83,4.93,50.7,149.1,105.92,109.22
Mandera,2018-05,3.73,5.04,5.44,52.9,136.2,112.7,110.03
Marsabit,2018-05,4.02,5.23,5.18,53.9,135.2,114.1,111.92
Isiolo,2018-05,3.67,5.03,6.14,45.8,139.2,107.96,110.56
Kitui,2018-05,4.08,5.07,6.86,49.5,148.0,105.59,112.82
Makueni,2018-05,2.65,4.81,6.67,54.6,133.9,118.31,109.2
Embu,2018-05,4.33,4.57,5.73,48.5,130.4,115.58,108.57
Tharaka Nithi,2018-05,3.98,6.0,7.01,48.4,143.6,118.86,112.88
Busia,2018-05,4.03,5.72,6.11,46.0,131.9,119.17,112.01
Siaya,2018-05,3.42,4.25,5.17,52.9,128.6,113.69,109.6
Homa Bay,2018-05,3.57,6.14,6.89,47.0,143.4,116.02,111.24
Migori,2018-05,3.5,5.86,7.08,53.5,142.2,109.43,109.23
Vihiga,2018-05,3.66,4.75,5.19,48.3,148.8,109.77,110.37
Baringo,2018-05,3.38,6.12,6.58,49.8,140.5,114.35,112.08
Elgeyo Marakwet,2018-05,3.63,5.8,6.1,45.3,142.0,109.48,110.75
Samburu,2018-05,4.29,5.58,6.83,48.9,128.8,120.08,112.38
Trans Nzoia,2018-05,2.76,6.1,6.81,53.3,134.6,115.57,112.37
Turkana,2018-05,4.54,5.32,6.01,51.0,148.0,120.89,111.64
West Pokot,2018-05,3.63,4.77,6.6,55.8,131.4,113.86,111.81
Narok,2018-05,3.91,5.11,7.04,52.6,136.0,112.7,114.27
Kajiado,2018-05,3.21,5.34,6.75,54.6,139.2,118.03,111.8
Tana River,2018-05,3.97,4.86,5.83,53.8,147.1,113.95,109.15
Nairobi,2018-06,3.21,5.99,5.97,50.9,131.0,116.68,113.44
Mombasa,2018-06,2.48,5.28,5.06,52.6,128.2,117.65,112.75
Kisumu,2018-06,3.71,4.8,4.6,47.7,134.1,117.94,110.77
Nakuru,2018-06,3.48,4.7,5.59,47.4,133.8,110.5,113.05
Kiambu,2018-06,3.66,5.95,5.56,50.1,140.0,111.19,109.01
Uasin Gishu,2018-06,3.55,4.53,6.11,55.6,147.6,120.44,113.9
Meru,2018-06,3.59,4.14,6.43,50.8,130.3,115.96,110.19
Machakos,2018-06,2.93,5.64,6.32,51.8,134.2,109.26,113.41
Kakamega,2018-06,3.22,4.02,7.53,54.3,147.1,121.44,113.48
Bungoma,2018-06,3.97,6.57,5.46,46.4,128.7,113.08,112.11
Kisii,2018-06,3.93,4.39,6.33,49.8,133.6,114.8,108.44
Nyamira,2018-06,3.24,4.8,5.18,55.7,143.6,114.88,110.88
Nyandarua,2018-06,3.72,4.99,7.01,53.0,143.6,113.07,109.03
Nyeri,2018-06,4.49,4.43,6.29,52.4,134.6,106.71,111.27
Kirinyaga,2018-06,3.31,4.83,6.31,52.2,146.0,116.92,111.02
Murang'a,2018-06,2.39,5.35,5.34,51.1,143.6,116.3,110.13
Laikipia,2018-06,3.64,5.48,4.58,46.4,128.5,119.85,110.95
Nandi,2018-06,4.06,4.94,6.39,48.3,136.2,119.92,110.95
Kericho,2018-06,2.94,4.2,5.56,48.0,146.9,122.41,108.7
Bomet,2018-06,3.69,5.92,6.7,46.8,146.1,119.62,111.49
Kilifi,2018-06,3.78,5.94,5.69,46.1,132.5,113.4,112.37
Kwale,2018-06,3.6,5.4,4.75,50.5,136.4,116.58,106.77
Lamu,2018-06,3.33,4.83,6.05,49.1,138.5,118.26,112.31
Taita Taveta,2018-06,3.65,4.77,7.61,48.4,138.0,111.1,112.63
Garissa,2018-06,3.63,3.98,6.55,51.6,128.9,111.93,108.49
Wajir,2018-06,4.42,4.35,4.86,51.1,148.0,111.51,112.01
Mandera,2018-06,3.7,5.71,4.81,52.4,135.4,114.4,111.43
Marsabit,2018-06,4.44,5.08,5.72,54.0,134.4,112.28,110.87
Isiolo,2018-06,2.99,5.15,6.66,45.8,138.3,116.69,112.14
Kitui,2018-06,4.17,4.16,6.17,50.3,147.0,109.5,112.07
Makueni,2018-06,3.25,4.75,6.38,54.7,133.1,117.03,112.63
Embu,2018-06,3.04,6.01,5.92,47.3,129.7,113.2,111.84
Tharaka Nithi,2018-06,3.96,5.25,6.17,49.0,142.7,121.51,112.05
Busia,2018-06,4.12,5.48,7.17,46.2,131.1,114.85,111.81
Siaya,2018-06,3.68,4.61,4.78,52.7,127.9,106.68,111.84
Homa Bay,2018-06,3.71,5.97,5.67,47.2,142.4,116.14,115.15
Migori,2018-06,3.22,4.95,6.1,54.3,141.3,116.03,112.45
Vihiga,2018-06,2.91,5.48,4.97,47.8,147.8,109.01,113.26
Baringo,2018-06,3.03,5.2,8.15,50.6,139.6,115.19,109.92
Elgeyo Marakwet,2018-06,3.22,5.41,5.64,45.6,141.0,114.06,110.04
Samburu,2018-06,4.66,5.9,7.19,48.7,128.1,117.7,113.53
Trans Nzoia,2018-06,3.37,5.93,6.46,53.5,133.9,111.16,112.63
Turkana,2018-06,3.72,4.44,5.02,51.7,147.0,119.36,110.66
West Pokot,2018-06,3.57,4.43,5.27,56.1,130.7,111.07,112.1
Narok,2018-06,3.63,5.88,6.88,52.0,135.2,115.39,114.33
Kajiado,2018-06,3.82,5.83,6.44,54.2,138.3,122.67,114.58
Tana River,2018-06,3.85,5.47,7.08,53.3,146.1,113.24,110.62
Nairobi,2018-07,3.77,5.83,6.56,51.1,129.4,110.06,109.42
Mombasa,2018-07,3.2,6.02,6.09,52.0,126.7,125.01,110.94
Kisumu,2018-07,3.46,4.59,5.32,47.9,132.3,118.56,110.84
Nakuru,2018-07,4.03,5.53,6.2,46.7,132.1,118.41,110.42
Kiambu,2018-07,3.94,5.95,5.83,50.1,138.1,111.42,107.57
Uasin Gishu,2018-07,3.4,4.3,4.64,55.8,145.6,119.45,111.37
Meru,2018-07,3.02,4.01,6.01,50.9,128.7,119.32,111.01
Machakos,2018-07,2.88,5.55,5.69,51.9,132.5,117.57,107.43
Kakamega,2018-07,4.0,5.14,6.41,53.4,145.0,117.03,111.32
Bungoma,2018-07,3.35,5.84,4.2,47.0,127.1,110.9,114.31
Kisii,2018-07,3.07,5.21,6.84,49.1,131.9,111.0,112.95
Nyamira,2018-07,3.14,5.38,5.27,55.3,141.7,114.41,113.06
Nyandarua,2018-07,3.53,5.74,5.73,52.4,141.7,110.32,116.41
Nyeri,2018-07,3.7,5.41,7.42,51.6,132.9,112.36,112.45
Kirinyaga,2018-07,3.35,4.1,6.47,52.8,144.0,119.35,111.1
Murang'a,2018-07,3.33,5.76,6.07,50.7,141.7,114.58,110.47
Laikipia,2018-07,3.24,4.44,4.6,47.3,126.9,121.62,110.63
Nandi,2018-07,3.41,4.89,7.4,48.3,134.4,122.49,113.3
Kericho,2018-07,3.4,4.31,4.98,47.9,144.8,124.91,110.86
Bomet,2018-07,3.95,6.09,6.33,46.7,144.1,119.51,113.15
Kilifi,2018-07,4.55,5.52,4.99,46.4,130.8,113.75,112.31
Kwale,2018-07,3.89,5.49,4.06,50.5,134.6,114.63,114.96
Lamu,2018-07,3.36,5.06,7.17,48.9,136.6,119.22,113.4
Taita Taveta,2018-07,3.57,5.7,6.53,47.7,136.2,113.26,112.47
Garissa,2018-07,3.21,4.46,6.44,51.2,127.3,116.29,113.92
Wajir,2018-07,3.99,4.13,5.12,51.3,146.0,113.55,109.25
Mandera,2018-07,4.28,5.55,5.67,52.6,133.6,121.42,111.05
Marsabit,2018-07,3.91,5.09,5.09,54.0,132.7,110.55,114.5
Isiolo,2018-07,2.94,5.5,5.42,45.5,136.5,116.8,113.58
Kitui,2018-07,3.73,4.46,6.58,50.0,145.0,119.24,109.36
Makueni,2018-07,3.7,4.09,6.84,55.2,131.4,116.86,111.36
Embu,2018-07,3.86,4.71,6.57,48.4,128.1,114.59,112.81
Tharaka Nithi,2018-07,3.82,4.82,5.78,49.4,140.8,115.3,112.06
Busia,2018-07,3.37,5.71,5.82,46.0,129.5,118.63,112.44
Siaya,2018-07,3.35,4.27,4.45,53.0,126.3,114.5,114.65
Homa Bay,2018-07,4.72,5.42,6.7,47.7,140.5,108.03,114.25
Migori,2018-07,3.69,5.28,6.92,54.0,139.4,115.92,111.31
Vihiga,2018-07,3.33,4.44,6.04,48.6,145.7,111.76,110.42
Baringo,2018-07,3.58,5.59,6.28,50.3,137.8,111.88,111.09
Elgeyo Marakwet,2018-07,3.23,4.96,4.99,46.0,139.1,119.1,110.71
Samburu,2018-07,3.86,5.65,6.62,48.9,126.5,122.15,113.42
Trans Nzoia,2018-07,3.36,5.33,7.56,54.0,132.1,114.56,114.6
Turkana,2018-07,3.0,4.86,6.3,51.4,145.0,116.9,111.66
West Pokot,2018-07,3.74,4.21,6.07,56.3,129.0,115.17,111.06
Narok,2018-07,4.42,5.64,6.52,52.3,133.4,116.36,111.6
Kajiado,2018-07,3.55,5.33,6.74,54.6,136.5,112.84,111.25
Tana River,2018-07,3.64,6.16,5.02,52.8,144.0,113.84,114.59
Nairobi,2018-08,3.47,6.1,6.51,50.9,127.6,111.26,109.04
Mombasa,2018-08,3.19,5.35,5.8,52.6,125.0,119.9,115.02
Kisumu,2018-08,4.85,4.7,5.13,47.8,130.5,113.42,113.1
Nakuru,2018-08,4.2,4.64,5.03,47.5,130.3,117.37,113.88
Kiambu,2018-08,2.87,5.6,5.62,50.4,136.1,111.95,111.21
Uasin Gishu,2018-08,4.07,4.39,4.39,55.7,143.4,113.64,114.29
Meru,2018-08,3.6,4.47,6.15,50.6,127.0,115.06,110.79
Machakos,2018-08,2.91,4.88,5.15,52.5,130.7,115.97,113.31
Kakamega,2018-08,3.58,4.89,7.61,53.6,142.9,123.82,113.11
Bungoma,2018-08,3.65,5.36,5.55,47.4,125.5,119.99,112.91
Kisii,2018-08,4.21,4.1,6.08,50.1,130.1,119.69,112.8
Nyamira,2018-08,3.72,5.55,4.72,55.2,139.6,113.05,110.1
Nyandarua,2018-08,2.61,5.97,6.85,52.3,139.6,113.53,109.82
Nyeri,2018-08,3.27,3.97,7.31,52.8,131.0,110.58,110.77
Kirinyaga,2018-08,3.37,4.54,7.2,52.5,141.9,114.22,110.3
Murang'a,2018-08,2.31,5.41,6.24,51.1,139.6,112.35,114.18
Laikipia,2018-08,3.84,4.95,5.73,46.9,125.2,120.05,111.17
Nandi,2018-08,2.95,5.42,7.01,47.9,132.6,119.76,111.13
Kericho,2018-08,3.52,4.1,5.53,48.1,142.7,124.12,111.41
Bomet,2018-08,3.06,5.25,7.1,47.4,142.0,117.86,112.21
Kilifi,2018-08,3.66,5.9,5.21,46.1,129.0,116.89,111.3
Kwale,2018-08,3.51,5.4,4.83,50.6,132.7,113.77,112.75
Lamu,2018-08,1.7,4.49,6.69,49.4,134.7,123.25,110.78
Taita Taveta,2018-08,3.48,6.43,6.27,47.1,134.3,115.89,111.2
Garissa,2018-08,3.13,4.01,5.85,51.6,125.6,122.65,113.67
Wajir,2018-08,4.4,4.86,4.49,50.8,143.8,115.31,114.01
Mandera,2018-08,3.38,5.88,5.83,52.3,131.8,123.58,111.77
Marsabit,2018-08,3.25,4.99,5.9,54.1,130.8,108.08,109.3
Isiolo,2018-08,3.13,5.05,6.36,45.9,134.6,116.8,111.57
Kitui,2018-08,2.95,5.37,5.88,49.3,142.9,109.9,114.06
Makueni,2018-08,3.24,4.43,7.09,55.0,129.6,121.55,111.9
Embu,2018-08,4.48,4.31,6.44,48.7,126.4,118.15,114.46
Tharaka Nithi,2018-08,4.01,5.02,6.01,49.2,138.7,123.35,113.36
Busia,2018-08,3.53,5.33,6.28,46.3,127.7,120.56,113.52
Siaya,2018-08,2.85,4.43,5.06,52.9,124.7,110.79,111.29
Homa Bay,2018-08,3.51,3.94,5.95,48.9,138.5,111.45,113.2
Migori,2018-08,3.05,5.39,7.07,53.9,137.4,120.37,113.75
Vihiga,2018-08,2.94,5.08,5.41,48.1,143.6,115.04,113.01
Baringo,2018-08,3.7,5.88,6.51,50.1,135.8,118.48,114.58
Elgeyo Marakwet,2018-08,3.66,4.87,5.78,46.1,137.2,116.02,113.74
Samburu,2018-08,3.55,5.54,7.33,49.0,124.9,118.7,111.95
Trans Nzoia,2018-08,4.11,5.8,6.56,53.7,130.3,112.92,112.9
Turkana,2018-08,3.37,4.69,5.51,51.6,142.8,122.56,113.4
West Pokot,2018-08,3.34,4.9,6.08,55.7,127.3,113.18,112.14
Narok,2018-08,4.5,5.53,6.4,52.4,131.6,119.55,110.25
Kajiado,2018-08,3.35,4.93,6.92,55.0,134.6,117.21,114.71
Tana River,2018-08,3.95,5.16,6.4,53.6,141.9,115.43,109.89
Nairobi,2018-09,4.51,6.01,6.57,51.0,126.7,115.81,113.86
Mombasa,2018-09,3.05,5.41,6.5,52.5,124.1,123.26,111.59
Kisumu,2018-09,4.45,4.74,5.73,47.8,129.5,121.82,112.83
Nakuru,2018-09,3.61,5.07,5.86,47.1,129.3,116.23,112.99
Kiambu,2018-09,3.13,6.46,4.7,49.8,135.1,108.97,114.77
Uasin Gishu,2018-09,3.95,4.14,5.43,56.0,142.2,124.89,112.75
Meru,2018-09,4.4,3.75,6.72,51.2,126.1,120.85,114.14
Machakos,2018-09,3.01,5.62,5.74,51.9,129.7,120.05,113.7
Kakamega,2018-09,4.02,4.17,6.83,54.2,141.7,118.53,112.22
Bungoma,2018-09,4.06,5.8,6.48,47.1,124.6,116.23,112.89
Kisii,2018-09,3.48,4.46,6.63,49.8,129.1,121.21,112.97
Nyamira,2018-09,2.88,5.19,4.92,55.5,138.5,114.61,114.59
Nyandarua,2018-09,2.52,5.46,6.49,52.7,138.5,107.64,111.55
Nyeri,2018-09,3.14,4.15,6.82,52.7,130.1,112.55,111.97
Kirinyaga,2018-09,3.54,5.49,7.28,51.8,140.7,111.35,113.67
Murang'a,2018-09,3.1,5.48,6.32,51.0,138.5,117.69,113.03
Laikipia,2018-09,3.34,4.6,4.83,47.2,124.3,119.47,113.7
Nandi,2018-09,3.71,4.9,6.96,48.4,131.6,122.84,114.55
Kericho,2018-09,3.26,4.31,5.68,48.0,141.5,117.03,112.51
Bomet,2018-09,3.98,5.93,6.47,46.9,140.8,118.45,111.56
Kilifi,2018-09,4.14,5.68,5.5,46.3,128.1,115.59,112.71
Kwale,2018-09,3.69,5.92,4.82,50.2,131.7,119.4,115.0
Lamu,2018-09,2.82,4.85,6.56,49.1,133.6,118.45,115.8
Taita Taveta,2018-09,3.29,5.98,7.2,47.5,133.2,112.41,111.52
Garissa,2018-09,2.86,3.98,4.79,51.6,124.7,116.82,115.88
Wajir,2018-09,4.02,4.1,4.97,51.4,142.6,113.44,111.27
Mandera,2018-09,4.07,5.82,4.9,52.4,130.8,120.9,115.09
Marsabit,2018-09,4.45,6.28,4.73,53.1,129.9,122.74,112.27
Isiolo,2018-09,2.86,5.36,6.06,45.7,133.5,115.86,110.82
Kitui,2018-09,3.6,5.07,6.35,49.6,141.6,114.2,113.51
Makueni,2018-09,3.86,3.8,7.14,55.5,128.7,118.2,113.05
Embu,2018-09,4.29,4.69,5.55,48.5,125.5,115.57,111.98
Tharaka Nithi,2018-09,4.49,5.24,5.01,49.1,137.6,119.91,110.57
Busia,2018-09,3.49,5.68,5.7,46.1,126.8,124.72,112.69
Siaya,2018-09,3.69,4.18,5.59,53.1,123.8,116.36,113.3
Homa Bay,2018-09,3.83,5.3,6.58,47.8,137.3,113.76,112.8
Migori,2018-09,3.27,5.29,5.95,54.1,136.3,119.49,114.77
Vihiga,2018-09,3.62,4.37,6.18,48.7,142.3,115.38,113.7
Baringo,2018-09,3.58,5.35,6.75,50.5,134.8,112.87,113.71
Elgeyo Marakwet,2018-09,3.79,5.37,6.24,45.7,136.1,113.6,114.07
Samburu,2018-09,3.11,6.77,7.58,48.1,124.0,120.83,109.84
Trans Nzoia,2018-09,3.6,5.25,7.15,54.1,129.4,117.49,111.39
Turkana,2018-09,4.35,5.11,5.83,51.3,141.6,119.39,110.68
West Pokot,2018-09,4.01,4.33,5.54,56.2,126.4,121.64,115.95
Narok,2018-09,3.91,6.33,6.44,51.8,130.6,114.19,111.85
Kajiado,2018-09,4.52,5.26,7.1,54.7,133.5,115.74,112.11
Tana River,2018-09,4.26,5.17,6.2,53.6,140.8,119.18,115.2
Nairobi,2018-10,3.69,5.54,6.21,51.4,127.3,114.9,113.68
Mombasa,2018-10,2.72,5.96,6.24,52.1,124.7,117.65,111.81
Kisumu,2018-10,3.69,4.59,6.31,48.0,130.1,119.06,111.94
Nakuru,2018-10,3.57,4.61,6.39,47.5,129.9,118.51,115.01
Kiambu,2018-10,3.5,6.19,5.85,50.0,135.6,111.44,116.51
Uasin Gishu,2018-10,3.79,4.22,5.96,55.9,142.7,127.42,113.15
Meru,2018-10,3.16,4.37,6.73,50.7,126.6,121.89,114.06
Machakos,2018-10,3.13,6.34,5.36,51.4,130.2,121.39,112.77
Kakamega,2018-10,3.77,4.53,6.91,53.9,142.2,120.92,115.22
Bungoma,2018-10,3.36,5.46,6.24,47.4,125.2,119.29,109.62
Kisii,2018-10,3.22,3.99,6.18,50.2,129.7,109.11,112.99
Nyamira,2018-10,2.74,5.59,4.34,55.2,139.0,115.34,112.58
Nyandarua,2018-10,3.66,6.15,6.81,52.2,139.0,112.86,116.18
Nyeri,2018-10,2.79,3.91,6.68,52.9,130.6,120.5,112.9
Kirinyaga,2018-10,3.29,4.23,6.93,52.8,141.2,120.68,114.38
Murang'a,2018-10,2.92,5.14,5.88,51.3,139.0,118.29,111.58
Laikipia,2018-10,3.11,4.8,4.81,47.1,124.9,117.85,113.9
Nandi,2018-10,3.4,4.98,6.91,48.3,132.1,117.68,113.36
Kericho,2018-10,3.34,3.8,6.08,48.4,142.0,118.54,113.34
Bomet,2018-10,4.15,6.05,6.62,46.8,141.3,117.41,114.62
Kilifi,2018-10,4.13,5.47,5.24,46.5,128.7,111.15,113.43
Kwale,2018-10,3.84,6.11,5.19,50.0,132.3,119.32,112.15
Lamu,2018-10,3.63,4.61,7.27,49.4,134.2,115.75,113.55
Taita Taveta,2018-10,2.62,5.73,7.15,47.8,133.8,114.55,111.62
Garissa,2018-10,3.68,4.3,5.97,51.4,125.3,116.01,117.16
Wajir,2018-10,4.42,5.13,5.51,50.6,143.0,116.02,109.61
Mandera,2018-10,3.46,5.31,4.54,52.9,131.3,115.95,110.23
Marsabit,2018-10,3.67,5.47,5.73,53.8,130.4,116.21,111.75
Isiolo,2018-10,2.32,4.52,5.72,46.4,134.1,112.7,112.96
Kitui,2018-10,3.29,4.7,6.27,49.9,142.1,114.51,114.91
Makueni,2018-10,2.92,4.63,6.84,54.9,129.2,118.7,114.53
Embu,2018-10,4.22,4.79,5.97,48.4,126.1,122.92,112.79
Tharaka Nithi,2018-10,4.19,5.41,6.59,49.0,138.1,117.48,113.02
Busia,2018-10,3.58,5.77,5.48,46.0,127.4,123.12,112.25
Siaya,2018-10,3.37,3.72,4.97,53.5,124.4,117.96,113.16
Homa Bay,2018-10,3.85,6.05,6.44,47.2,137.9,113.8,113.9
Migori,2018-10,3.16,5.27,5.54,54.1,136.8,121.56,112.62
Vihiga,2018-10,3.22,4.46,5.75,48.7,142.8,114.75,112.99
Baringo,2018-10,4.3,5.61,6.58,50.4,135.3,112.72,117.69
Elgeyo Marakwet,2018-10,3.95,5.73,5.18,45.5,136.6,114.53,112.38
Samburu,2018-10,4.5,5.91,6.44,48.8,124.6,120.97,114.88
Trans Nzoia,2018-10,4.12,6.44,7.31,53.2,129.9,116.19,108.34
Turkana,2018-10,4.02,4.79,5.41,51.6,142.1,120.22,111.21
West Pokot,2018-10,3.85,4.69,6.57,56.0,127.0,121.12,114.11
Narok,2018-10,3.77,5.44,6.44,52.5,131.2,116.36,114.7
Kajiado,2018-10,4.12,6.41,7.84,53.8,134.0,118.35,107.45
Tana River,2018-10,4.35,5.11,6.0,53.7,141.2,115.28,112.53
Nairobi,2018-11,3.68,5.18,5.93,51.7,129.7,116.39,114.53
Mombasa,2018-11,3.37,5.36,5.71,52.6,127.1,121.98,113.96
Kisumu,2018-11,4.48,3.81,5.25,48.6,132.5,115.05,111.12
Nakuru,2018-11,3.87,4.97,6.45,47.3,132.3,120.23,112.88
Kiambu,2018-11,3.34,6.41,5.28,49.9,138.0,116.47,113.61
Uasin Gishu,2018-11,2.92,3.74,4.84,56.3,145.1,125.05,114.78
Meru,2018-11,3.73,4.05,7.18,51.0,129.0,115.86,113.92
Machakos,2018-11,3.09,5.67,6.19,51.9,132.6,116.89,111.58
Kakamega,2018-11,3.61,4.42,8.63,54.1,144.6,124.78,112.99
Bungoma,2018-11,3.23,5.01,4.66,47.8,127.5,117.4,115.74
Kisii,2018-11,3.89,4.81,6.5,49.6,132.0,120.03,112.82
Nyamira,2018-11,3.88,5.49,5.11,55.3,141.4,109.14,113.31
Nyandarua,2018-11,3.4,5.16,6.04,53.0,141.4,116.92,111.39
Nyeri,2018-11,3.84,4.26,6.53,52.7,133.0,111.06,114.17
Kirinyaga,2018-11,4.35,5.12,6.03,52.1,143.6,121.93,113.12
Murang'a,2018-11,3.73,5.75,5.05,50.9,141.4,115.73,115.02
Laikipia,2018-11,3.64,4.56,4.73,47.3,127.3,114.45,113.47
Nandi,2018-11,4.25,5.42,7.91,48.0,134.5,124.0,115.14
Kericho,2018-11,4.07,4.56,5.49,47.8,144.5,124.98,115.78
Bomet,2018-11,3.5,5.39,6.68,47.4,143.7,121.69,114.8
Kilifi,2018-11,3.29,6.48,5.32,45.8,131.0,117.28,112.25
Kwale,2018-11,4.95,5.76,4.59,50.3,134.7,118.61,114.75
Lamu,2018-11,3.1,5.16,6.47,48.9,136.6,119.35,110.58
Taita Taveta,2018-11,2.89,6.56,7.75,47.1,136.2,117.01,116.09
Garissa,2018-11,3.28,4.25,6.25,51.5,127.7,116.21,113.28
Wajir,2018-11,4.42,4.73,5.65,51.0,145.5,119.31,114.18
Mandera,2018-11,3.34,4.96,5.55,53.2,133.7,119.61,113.73
Marsabit,2018-11,3.68,6.17,4.52,53.3,132.8,109.7,114.1
Isiolo,2018-11,2.95,5.36,6.65,45.7,136.5,119.92,111.34
Kitui,2018-11,3.48,4.73,6.77,49.9,144.6,121.76,115.03
Makueni,2018-11,3.37,4.11,6.57,55.3,131.6,118.62,114.58
Embu,2018-11,3.98,4.64,5.84,48.5,128.5,125.4,114.13
Tharaka Nithi,2018-11,4.18,5.45,6.49,49.0,140.6,123.48,113.02
Busia,2018-11,3.58,5.63,5.06,46.2,129.8,122.23,113.29
Siaya,2018-11,3.12,3.93,5.61,53.3,126.8,116.1,113.75
Homa Bay,2018-11,3.73,5.43,6.93,47.7,140.3,116.54,111.41
Migori,2018-11,4.03,5.63,6.0,53.8,139.3,115.72,114.19
Vihiga,2018-11,3.1,5.5,5.36,47.9,145.3,115.22,114.94
Baringo,2018-11,4.32,5.36,6.93,50.6,137.7,118.61,113.95
Elgeyo Marakwet,2018-11,3.72,5.69,5.48,45.5,139.0,119.63,110.05
Samburu,2018-11,4.82,5.13,6.52,49.4,127.0,122.96,113.38
Trans Nzoia,2018-11,3.89,5.41,7.06,54.0,132.3,115.92,114.04
Turkana,2018-11,3.88,4.83,5.06,51.5,144.6,119.23,114.03
West Pokot,2018-11,4.0,4.2,5.8,56.4,129.4,120.82,113.55
Narok,2018-11,4.27,5.11,5.5,52.8,133.6,115.14,112.45
Kajiado,2018-11,3.83,5.33,7.1,54.7,136.5,117.95,113.83
Tana River,2018-11,3.92,5.4,6.39,53.5,143.7,118.71,112.41
Nairobi,2018-12,3.99,5.71,5.81,51.3,133.6,116.62,112.72
Mombasa,2018-12,3.38,6.56,5.81,51.7,131.0,125.2,111.37
Kisumu,2018-12,4.07,4.27,5.05,48.3,136.5,116.44,115.1
Nakuru,2018-12,3.89,4.76,5.79,47.5,136.3,122.93,112.87
Kiambu,2018-12,2.65,5.73,4.85,50.4,142.1,117.93,113.43
Uasin Gishu,2018-12,3.91,5.12,4.53,55.3,149.4,120.89,113.89
Meru,2018-12,3.98,4.18,6.07,50.9,133.0,120.89,113.13
Machakos,2018-12,3.15,5.12,6.62,52.4,136.7,115.66,113.52
Kakamega,2018-12,3.59,5.35,6.28,53.3,148.9,129.4,115.14
Bungoma,2018-12,3.82,5.37,5.46,47.5,131.5,115.58,115.9
Kisii,2018-12,3.06,4.68,6.38,49.7,136.1,116.96,115.11
Nyamira,2018-12,3.41,6.05,4.26,54.9,145.7,119.68,117.76
Nyandarua,2018-12,2.88,6.35,6.28,52.1,145.6,111.12,113.54
Nyeri,2018-12,3.84,4.14,6.43,52.8,137.1,116.92,114.0
Kirinyaga,2018-12,3.6,4.9,6.7,52.3,147.9,117.93,114.35
Murang'a,2018-12,2.81,5.94,6.2,50.7,145.6,122.82,113.65
Laikipia,2018-12,3.66,4.77,4.54,47.1,131.2,115.63,112.42
Nandi,2018-12,3.24,5.19,7.32,48.2,138.6,120.72,112.68
Kericho,2018-12,2.71,4.6,6.27,47.8,148.7,126.38,115.06
Bomet,2018-12,3.95,6.36,6.77,46.6,148.0,121.83,113.52
Kilifi,2018-12,3.32,5.45,5.63,46.6,135.0,118.95,116.89
Kwale,2018-12,3.91,6.14,4.8,50.1,138.7,115.79,112.01
Lamu,2018-12,2.88,5.04,6.89,49.1,140.7,124.36,114.27
Taita Taveta,2018-12,3.28,6.7,6.88,47.0,140.3,121.0,113.4
Garissa,2018-12,3.63,4.72,6.32,51.1,131.6,110.22,114.03
Wajir,2018-12,4.46,4.88,5.51,50.9,149.8,111.75,112.92
Mandera,2018-12,3.89,5.67,6.08,52.6,137.8,120.39,114.61
Marsabit,2018-12,3.7,4.75,4.05,54.4,136.9,117.66,114.26
Isiolo,2018-12,2.85,4.58,6.67,46.4,140.6,115.97,114.84
Kitui,2018-12,4.45,3.71,6.03,50.8,148.9,115.25,116.18
Makueni,2018-12,2.74,5.24,6.92,54.4,135.6,120.81,113.7
Embu,2018-12,3.7,5.59,5.53,47.8,132.4,124.51,113.42
Tharaka Nithi,2018-12,3.65,6.33,5.89,48.3,144.8,125.31,115.71
Busia,2018-12,3.38,6.24,5.03,45.7,133.7,121.18,113.31
Siaya,2018-12,3.9,4.39,5.12,53.0,130.7,116.07,112.53
Homa Bay,2018-12,3.01,5.68,6.65,47.6,144.5,121.63,112.81
Migori,2018-12,3.66,5.37,6.89,54.1,143.4,123.25,114.32
Vihiga,2018-12,3.02,5.26,5.85,48.1,149.6,116.38,112.01
Baringo,2018-12,3.83,5.9,7.16,50.2,141.8,116.09,112.25
Elgeyo Marakwet,2018-12,3.76,4.99,5.82,46.1,143.2,114.42,116.43
Samburu,2018-12,3.69,6.27,6.92,48.6,130.9,124.54,111.04
Trans Nzoia,2018-12,2.6,5.75,7.05,53.8,136.3,114.98,112.37
Turkana,2018-12,4.13,5.02,5.27,51.4,148.9,123.8,112.24
West Pokot,2018-12,3.49,5.1,6.26,55.7,133.3,120.06,117.46
Narok,2018-12,3.38,5.79,7.23,52.3,137.6,116.46,115.29
Kajiado,2018-12,3.47,5.31,6.93,54.8,140.6,121.91,115.68
Tana River,2018-12,4.48,5.3,7.0,53.6,148.0,116.85,115.35
Nairobi,2019-01,3.52,5.99,6.68,51.1,138.6,111.95,112.71
Mombasa,2019-01,3.16,5.0,6.62,53.0,135.9,127.51,114.89
Kisumu,2019-01,3.44,5.18,6.38,47.6,141.6,120.89,115.17
Nakuru,2019-01,3.57,4.97,6.16,47.3,141.3,118.76,115.76
Kiambu,2019-01,4.45,4.99,5.35,51.0,147.3,112.12,116.79
Uasin Gishu,2019-01,3.43,3.98,5.45,56.2,154.8,128.52,115.4
Meru,2019-01,3.45,4.61,7.08,50.6,137.9,117.53,114.23
Machakos,2019-01,2.91,5.28,5.35,52.3,141.7,123.72,115.25
Kakamega,2019-01,3.86,4.64,7.2,53.9,154.3,121.75,113.94
Bungoma,2019-01,3.73,5.88,5.34,47.1,136.4,118.04,113.83
Kisii,2019-01,4.71,5.09,6.86,49.4,141.1,119.93,113.72
Nyamira,2019-01,3.15,5.69,4.21,55.2,150.9,112.48,113.44
Nyandarua,2019-01,3.15,5.5,7.15,52.8,150.9,111.49,113.27
Nyeri,2019-01,4.03,4.53,7.17,52.5,142.1,121.99,113.36
Kirinyaga,2019-01,3.33,4.7,5.48,52.5,153.2,118.99,115.72
Murang'a,2019-01,3.4,5.68,6.33,51.0,150.9,118.17,116.3
Laikipia,2019-01,3.38,5.09,5.13,46.9,136.1,125.95,115.86
Nandi,2019-01,2.86,4.63,7.1,48.7,143.7,122.56,113.72
Kericho,2019-01,3.69,4.49,5.61,47.9,154.1,125.62,113.84
Bomet,2019-01,4.32,5.37,6.94,47.5,153.3,124.89,112.33
Kilifi,2019-01,3.73,6.18,6.21,46.0,140.0,118.96,113.3
Kwale,2019-01,4.26,6.14,4.43,50.1,143.8,113.81,114.74
Lamu,2019-01,3.43,4.71,7.23,49.4,145.9,120.1,111.23
Taita Taveta,2019-01,3.25,5.87,6.79,47.7,145.4,114.73,111.68
Garissa,2019-01,3.14,4.71,6.85,51.2,136.5,121.55,113.18
Wajir,2019-01,3.51,4.87,5.61,50.9,155.2,118.82,111.38
Mandera,2019-01,3.38,5.5,5.72,52.8,142.8,123.82,114.62
Marsabit,2019-01,3.83,5.18,5.52,54.1,141.9,118.0,114.5
Isiolo,2019-01,2.99,5.27,6.6,45.8,145.7,118.27,114.97
Kitui,2019-01,4.24,4.67,6.06,50.0,154.2,119.23,112.35
Makueni,2019-01,2.97,4.61,7.11,55.0,140.6,118.06,113.83
Embu,2019-01,3.63,4.98,6.53,48.3,137.3,126.29,114.37
Tharaka Nithi,2019-01,3.74,4.76,6.39,49.6,150.0,125.95,113.34
Busia,2019-01,4.23,5.51,6.14,46.3,138.7,125.49,113.29
Siaya,2019-01,3.53,4.35,4.95,53.0,135.6,118.82,117.2
Homa Bay,2019-01,3.31,4.73,5.3,48.4,149.7,117.12,113.41
Migori,2019-01,3.47,5.54,5.5,54.0,148.6,115.44,114.84
Vihiga,2019-01,3.21,4.71,4.7,48.6,154.9,120.55,116.31
Baringo,2019-01,4.06,4.96,6.61,51.0,147.0,116.03,115.99
Elgeyo Marakwet,2019-01,3.29,4.74,5.41,46.3,148.4,118.36,113.9
Samburu,2019-01,3.89,5.33,7.11,49.3,135.8,122.54,111.17
Trans Nzoia,2019-01,3.34,6.23,6.73,53.4,141.4,124.26,115.04
Turkana,2019-01,4.05,4.74,5.3,51.7,154.2,121.37,113.95
West Pokot,2019-01,3.84,4.07,5.69,56.5,138.3,117.01,117.47
Narok,2019-01,4.15,5.6,5.87,52.4,142.7,120.01,114.23
Kajiado,2019-01,3.95,5.19,6.81,54.9,145.7,118.94,113.25
Tana River,2019-01,4.15,4.71,6.69,54.1,153.3,120.63,113.08
Nairobi,2019-02,3.11,5.72,6.61,51.3,143.7,117.0,115.45
Mombasa,2019-02,3.82,5.47,5.34,52.6,140.9,128.08,117.32
Kisumu,2019-02,4.05,4.2,5.3,48.4,146.7,117.79,115.76
Nakuru,2019-02,2.95,4.64,5.72,47.6,146.4,119.94,114.25
Kiambu,2019-02,3.59,5.56,4.91,50.6,152.6,118.25,114.73
Uasin Gishu,2019-02,3.27,5.46,5.37,55.0,160.3,123.52,116.92
Meru,2019-02,4.1,4.39,6.54,50.8,143.0,117.89,114.58
Machakos,2019-02,3.02,5.82,5.68,51.9,146.8,122.78,115.16
Kakamega,2019-02,3.12,4.21,6.67,54.3,159.7,124.0,116.38
Bungoma,2019-02,3.19,5.62,5.65,47.4,141.4,118.25,115.49
Kisii,2019-02,3.39,4.83,6.54,49.6,146.2,123.33,112.48
Nyamira,2019-02,3.06,5.69,5.42,55.2,156.3,122.37,114.21
Nyandarua,2019-02,3.66,5.33,7.08,52.9,156.3,119.09,113.43
Nyeri,2019-02,3.54,4.46,7.04,52.6,147.2,115.87,114.34
Kirinyaga,2019-02,3.92,4.77,6.87,52.5,158.6,119.95,117.3
Murang'a,2019-02,2.91,5.19,7.28,51.4,156.3,119.5,117.2
Laikipia,2019-02,3.94,4.91,4.14,47.1,141.1,122.21,114.95
Nandi,2019-02,3.84,5.74,6.47,47.8,148.9,125.86,115.95
Kericho,2019-02,3.72,4.61,4.61,47.8,159.5,123.51,113.07
Bomet,2019-02,3.61,6.08,6.76,46.9,158.8,124.74,115.31
Kilifi,2019-02,3.35,4.72,5.71,47.2,145.1,119.53,113.33
Kwale,2019-02,3.2,5.38,4.92,50.7,149.0,120.12,115.08
Lamu,2019-02,3.82,4.42,7.33,49.6,151.1,123.07,115.84
Taita Taveta,2019-02,3.25,6.28,7.07,47.4,150.6,116.87,114.78
Garissa,2019-02,3.25,4.55,5.63,51.3,141.5,118.6,115.39
Wajir,2019-02,3.98,5.21,5.68,50.6,160.7,118.3,115.13
Mandera,2019-02,3.85,5.67,4.56,52.7,148.0,121.32,112.57
Marsabit,2019-02,4.21,5.12,5.08,54.2,147.0,120.46,115.43
Isiolo,2019-02,2.65,5.21,6.19,45.9,151.0,112.93,113.76
Kitui,2019-02,3.63,4.52,5.64,50.2,159.7,120.73,114.65
Makueni,2019-02,3.42,4.63,6.46,55.0,145.7,123.87,114.25
Embu,2019-02,3.52,5.41,6.81,48.0,142.4,127.05,116.18
Tharaka Nithi,2019-02,3.75,4.67,6.42,49.7,155.3,131.03,117.11
Busia,2019-02,3.81,5.08,5.75,46.7,143.8,119.83,114.64
Siaya,2019-02,4.31,4.25,5.35,53.2,140.6,121.63,114.19
Homa Bay,2019-02,4.42,6.2,6.24,47.2,155.1,116.54,115.85
Migori,2019-02,3.25,5.02,6.94,54.4,153.9,125.23,115.03
Vihiga,2019-02,2.65,4.39,5.58,48.8,160.4,118.33,114.29
Baringo,2019-02,4.36,5.59,7.28,50.5,152.3,117.85,114.29
Elgeyo Marakwet,2019-02,3.56,5.63,6.33,45.7,153.7,118.93,117.57
Samburu,2019-02,4.22,6.24,6.67,48.6,140.8,125.23,116.17
Trans Nzoia,2019-02,4.13,6.13,6.89,53.5,146.5,123.88,111.51
Turkana,2019-02,3.34,5.07,5.35,51.4,159.6,124.68,114.9
West Pokot,2019-02,3.86,4.12,6.52,56.5,143.3,124.07,116.63
Narok,2019-02,4.74,5.57,6.53,52.5,147.8,114.27,114.0
Kajiado,2019-02,3.79,6.01,6.43,54.2,150.9,123.3,114.8
Tana River,2019-02,3.79,5.43,6.21,53.5,158.7,117.99,112.24
Nairobi,2019-03,3.34,5.62,6.21,51.4,147.8,119.41,116.19
Mombasa,2019-03,3.21,6.08,6.49,52.2,145.0,125.41,114.51
Kisumu,2019-03,4.02,4.86,6.06,47.9,150.9,125.42,114.39
Nakuru,2019-03,3.45,5.03,6.76,47.3,150.7,123.08,115.1
Kiambu,2019-03,3.02,5.15,5.54,51.0,156.9,118.09,113.55
Uasin Gishu,2019-03,3.69,4.82,4.55,55.6,164.7,128.0,114.63
Meru,2019-03,3.87,4.24,5.86,51.0,147.1,120.18,115.06
Machakos,2019-03,2.94,5.66,5.68,52.0,151.1,121.29,115.1
Kakamega,2019-03,2.93,4.75,6.89,53.9,164.2,130.38,113.79
Bungoma,2019-03,2.94,6.02,5.35,47.1,145.5,116.83,112.91
Kisii,2019-03,4.07,5.29,5.41,49.3,150.4,120.65,117.7
Nyamira,2019-03,3.01,5.38,5.01,55.5,160.7,115.22,112.64
Nyandarua,2019-03,3.49,4.86,6.54,53.3,160.7,120.0,113.02
Nyeri,2019-03,3.05,4.96,6.99,52.2,151.5,115.38,117.0
Kirinyaga,2019-03,3.86,4.92,6.01,52.4,163.1,120.08,115.63
Murang'a,2019-03,3.11,5.81,5.76,50.9,160.7,117.06,115.47
Laikipia,2019-03,3.39,4.73,4.17,47.2,145.2,123.02,115.12
Nandi,2019-03,3.64,5.14,6.75,48.3,153.1,127.69,113.23
Kericho,2019-03,3.51,3.75,5.16,48.6,164.0,121.04,116.37
Bomet,2019-03,3.67,5.68,6.05,47.3,163.2,121.09,114.05
Kilifi,2019-03,4.02,5.33,6.3,46.8,149.3,115.84,113.99
Kwale,2019-03,4.55,5.5,4.36,50.6,153.3,119.48,114.49
Lamu,2019-03,2.85,4.4,8.27,49.7,155.4,122.88,112.31
Taita Taveta,2019-03,4.02,6.09,6.54,47.6,154.9,116.81,116.21
Garissa,2019-03,3.25,3.58,7.11,52.1,145.6,118.08,117.44
Wajir,2019-03,4.48,4.28,5.81,51.4,165.1,117.07,112.4
Mandera,2019-03,3.57,5.67,5.24,52.7,152.2,122.0,116.92
Marsabit,2019-03,3.74,4.81,5.53,54.4,151.3,119.06,111.42
Isiolo,2019-03,3.27,5.4,6.37,45.8,155.3,121.54,114.19
Kitui,2019-03,3.84,3.95,6.59,50.6,164.1,123.83,113.71
Makueni,2019-03,3.1,4.19,6.91,55.4,150.0,120.01,115.83
Embu,2019-03,4.22,5.4,5.18,48.0,146.5,128.56,116.61
Tharaka Nithi,2019-03,4.3,5.46,5.79,49.1,159.7,128.67,118.09
Busia,2019-03,3.57,5.97,6.24,46.0,147.9,125.2,112.9
Siaya,2019-03,3.56,3.91,4.97,53.4,144.7,114.91,114.53
Homa Bay,2019-03,3.45,5.44,5.5,47.8,159.4,114.64,115.74
Migori,2019-03,3.07,5.92,6.41,53.7,158.3,124.1,117.32
Vihiga,2019-03,3.03,4.65,5.97,48.7,164.9,122.06,114.92
Baringo,2019-03,4.51,5.22,6.61,50.8,156.6,121.59,113.8
Elgeyo Marakwet,2019-03,3.29,6.01,5.78,45.4,158.0,118.46,114.96
Samburu,2019-03,4.14,6.12,7.13,48.7,144.9,124.89,115.69
Trans Nzoia,2019-03,3.68,5.44,7.01,54.1,150.7,113.97,115.92
Turkana,2019-03,4.18,5.1,5.14,51.4,164.1,124.49,117.34
West Pokot,2019-03,4.2,4.44,6.3,56.3,147.5,125.12,112.95
Narok,2019-03,3.81,6.01,6.88,52.2,152.1,120.64,112.94
Kajiado,2019-03,3.85,5.35,6.9,54.8,155.2,119.19,113.66
Tana River,2019-03,3.04,5.82,6.2,53.2,163.1,120.45,115.2
Nairobi,2019-04,3.01,5.31,5.96,51.7,150.4,116.69,116.15
Mombasa,2019-04,2.8,6.38,6.72,51.9,147.5,129.42,115.42
Kisumu,2019-04,4.5,4.55,5.35,48.2,153.5,123.06,116.65
Nakuru,2019-04,3.75,4.57,5.96,47.7,153.3,122.88,116.67
Kiambu,2019-04,3.36,4.92,5.3,51.2,159.6,119.64,118.31
Uasin Gishu,2019-04,3.19,4.4,4.94,55.9,167.4,129.45,115.55
Meru,2019-04,3.01,4.68,6.17,50.6,149.7,118.58,114.26
Machakos,2019-04,3.79,5.91,5.57,51.9,153.7,121.75,116.04
Kakamega,2019-04,3.72,4.71,7.0,54.0,166.8,128.85,115.63
Bungoma,2019-04,3.27,5.53,4.19,47.5,148.1,126.63,116.89
Kisii,2019-04,3.12,4.62,6.34,49.8,153.0,127.35,113.47
Nyamira,2019-04,3.25,5.54,5.56,55.4,163.3,118.98,112.96
Nyandarua,2019-04,2.97,5.21,6.45,53.1,163.3,122.34,112.99
Nyeri,2019-04,3.1,4.26,6.54,52.8,154.1,120.16,115.34
Kirinyaga,2019-04,3.54,4.57,6.57,52.7,165.7,124.36,114.5
Murang'a,2019-04,3.5,5.46,7.04,51.2,163.3,121.63,116.17
Laikipia,2019-04,3.57,4.94,5.18,47.1,147.8,125.27,113.73
Nandi,2019-04,3.95,4.37,6.47,49.0,155.7,124.57,116.22
Kericho,2019-04,3.92,3.68,5.33,48.6,166.6,119.0,115.65
Bomet,2019-04,3.81,6.33,6.67,46.8,165.9,125.83,116.48
Kilifi,2019-04,3.7,5.17,5.77,46.9,151.9,117.09,117.54
Kwale,2019-04,3.82,6.15,4.77,50.2,155.9,120.33,115.91
Lamu,2019-04,3.17,4.66,7.08,49.5,158.0,121.55,113.79
Taita Taveta,2019-04,3.93,6.14,6.96,47.6,157.6,125.3,115.2
Garissa,2019-04,3.88,4.43,5.71,51.4,148.2,125.63,117.09
Wajir,2019-04,3.92,4.97,5.09,50.9,167.8,122.21,112.01
Mandera,2019-04,3.33,5.91,5.35,52.5,154.8,124.25,113.58
Marsabit,2019-04,4.44,5.63,5.08,53.8,153.9,117.95,117.14
Isiolo,2019-04,3.9,5.62,7.44,45.6,157.9,116.8,114.37
Kitui,2019-04,3.23,4.75,6.47,50.0,166.8,118.22,116.81
Makueni,2019-04,3.9,3.87,6.55,55.6,152.5,126.36,114.9
Embu,2019-04,3.56,5.59,5.41,47.9,149.1,125.37,116.09
Tharaka Nithi,2019-04,3.74,5.62,5.39,49.0,162.4,130.5,115.41
Busia,2019-04,4.22,5.84,5.97,46.1,150.5,120.13,116.14
Siaya,2019-04,3.7,4.53,5.09,53.0,147.2,117.62,118.61
Homa Bay,2019-04,3.02,5.7,6.02,47.6,162.1,118.67,115.12
Migori,2019-04,3.07,5.72,6.99,53.9,160.9,124.39,115.76
Vihiga,2019-04,2.76,5.09,6.61,48.3,167.6,120.09,115.04
Baringo,2019-04,3.73,5.11,5.22,50.9,159.2,123.44,114.33
Elgeyo Marakwet,2019-04,2.62,5.75,5.02,45.6,160.7,118.06,117.8
Samburu,2019-04,3.44,5.21,6.96,49.5,147.4,130.03,113.24
Trans Nzoia,2019-04,3.66,6.08,5.9,53.6,153.3,123.55,116.91
Turkana,2019-04,3.79,5.3,5.91,51.3,166.8,124.57,114.92
West Pokot,2019-04,3.25,4.44,6.51,56.3,150.1,121.51,112.3
Narok,2019-04,4.45,5.56,6.2,52.5,154.7,122.81,117.89
Kajiado,2019-04,2.75,5.77,6.02,54.5,157.9,123.81,115.79
Tana River,2019-04,4.12,5.14,5.47,53.8,165.8,119.33,116.21
Nairobi,2019-05,3.85,5.35,6.98,51.7,151.0,117.62,116.54
Mombasa,2019-05,2.92,5.76,6.65,52.5,148.2,124.02,114.98
Kisumu,2019-05,3.97,5.6,4.93,47.3,154.1,129.37,119.01
Nakuru,2019-05,3.46,4.65,5.88,47.7,153.9,121.46,113.89
Kiambu,2019-05,3.49,6.15,5.09,50.2,160.1,117.74,113.45
Uasin Gishu,2019-05,3.82,4.68,5.16,55.7,167.9,125.43,115.56
Meru,2019-05,3.57,4.44,6.53,50.8,150.3,123.6,117.69
Machakos,2019-05,3.37,5.83,6.28,52.0,154.3,124.46,117.96
Kakamega,2019-05,3.86,3.86,7.59,54.7,167.4,127.35,115.92
Bungoma,2019-05,3.78,5.64,5.29,47.4,148.7,119.48,117.91
Kisii,2019-05,3.41,4.58,6.2,49.9,153.6,124.23,116.28
Nyamira,2019-05,3.36,5.17,4.35,55.7,163.9,121.86,118.23
Nyandarua,2019-05,2.66,6.24,6.56,52.3,163.9,118.72,115.4
Nyeri,2019-05,2.87,4.88,6.34,52.3,154.7,116.3,117.49
Kirinyaga,2019-05,2.62,4.21,6.45,53.0,166.3,123.6,116.73
Murang'a,2019-05,3.06,6.45,6.41,50.4,163.9,122.25,114.8
Laikipia,2019-05,3.64,5.23,5.65,46.9,148.4,119.9,115.63
Nandi,2019-05,3.56,5.35,6.82,48.2,156.3,127.18,114.79
Kericho,2019-05,3.92,4.82,4.91,47.7,167.2,122.86,114.43
Bomet,2019-05,3.97,5.18,6.44,47.7,166.4,124.76,115.9
Kilifi,2019-05,3.98,5.31,5.93,46.8,152.5,120.43,115.51
Kwale,2019-05,3.98,5.72,5.03,50.5,156.5,117.97,115.55
Lamu,2019-05,3.19,4.29,6.65,49.8,158.6,126.19,114.08
Taita Taveta,2019-05,3.89,6.36,6.3,47.4,158.2,125.08,115.78
Garissa,2019-05,3.52,4.16,6.68,51.7,148.9,122.0,114.78
Wajir,2019-05,3.51,4.1,5.38,51.6,168.4,122.14,116.98
Mandera,2019-05,3.69,5.05,5.13,53.2,155.5,127.78,115.27
Marsabit,2019-05,3.76,4.73,5.35,54.6,154.5,118.49,117.57
Isiolo,2019-05,3.42,5.05,6.29,46.1,158.5,118.61,113.87
Kitui,2019-05,3.37,4.66,6.54,50.1,167.3,119.82,115.55
Makueni,2019-05,3.78,4.51,7.2,55.2,153.2,119.28,110.12
Embu,2019-05,4.0,4.62,5.95,48.7,149.7,126.07,118.38
Tharaka Nithi,2019-05,4.13,5.38,6.1,49.2,162.9,128.08,115.31
Busia,2019-05,4.38,5.1,6.45,46.8,151.2,122.34,116.31
Siaya,2019-05,3.75,4.98,4.42,52.6,147.9,117.81,117.23
Homa Bay,2019-05,3.75,5.48,5.83,47.9,162.6,118.6,117.87
Migori,2019-05,3.37,5.64,6.24,54.0,161.5,120.13,117.4
Vihiga,2019-05,3.36,5.81,5.02,47.8,168.1,124.4,114.03
Baringo,2019-05,4.02,5.7,5.55,50.5,159.8,122.31,115.16
Elgeyo Marakwet,2019-05,2.98,5.61,6.12,45.7,161.3,119.37,116.31
Samburu,2019-05,4.05,5.83,6.29,49.0,148.1,130.61,116.44
Trans Nzoia,2019-05,3.65,5.52,6.7,54.1,153.9,121.32,113.7
Turkana,2019-05,3.24,4.57,5.6,51.9,167.3,123.0,114.47
West Pokot,2019-05,3.31,4.27,6.05,56.5,150.7,129.68,117.58
Narok,2019-05,4.35,5.95,5.89,52.3,155.3,117.27,114.34
Kajiado,2019-05,4.41,5.38,6.11,54.8,158.5,121.72,115.64
Tana River,2019-05,3.97,5.44,5.99,53.6,166.4,123.44,115.04
Nairobi,2019-06,3.38,6.1,6.14,51.1,150.0,118.55,117.29
Mombasa,2019-06,2.78,5.53,6.48,52.7,147.2,134.56,117.31
Kisumu,2019-06,4.09,4.85,4.83,48.0,153.0,124.29,116.36
Nakuru,2019-06,3.63,4.81,6.41,47.6,152.8,121.43,116.49
Kiambu,2019-06,3.03,5.43,6.09,50.8,158.9,120.12,116.37
Uasin Gishu,2019-06,4.43,4.03,4.58,56.3,166.6,131.92,116.47
Meru,2019-06,3.28,3.98,6.59,51.2,149.3,125.29,114.76
Machakos,2019-06,3.05,5.62,5.65,52.1,153.2,120.54,118.28
Kakamega,2019-06,3.98,4.45,6.83,54.2,166.0,127.24,115.23
Bungoma,2019-06,3.49,5.67,5.98,47.4,147.7,124.79,117.8
Kisii,2019-06,3.6,4.29,6.64,50.2,152.5,127.04,114.51
Nyamira,2019-06,3.46,6.51,5.68,54.7,162.6,124.93,116.73
Nyandarua,2019-06,3.46,5.32,6.81,53.1,162.6,121.4,116.83
Nyeri,2019-06,3.95,4.27,6.63,52.8,153.6,119.62,114.86
Kirinyaga,2019-06,3.47,4.13,6.98,53.1,165.0,123.56,115.62
Murang'a,2019-06,2.85,5.35,6.87,51.3,162.6,125.28,115.34
Laikipia,2019-06,3.25,5.25,4.69,46.9,147.4,125.24,116.59
Nandi,2019-06,3.51,5.46,6.18,48.1,155.2,120.52,115.55
Kericho,2019-06,4.02,5.23,6.5,47.4,165.8,126.2,113.73
Bomet,2019-06,2.76,5.45,6.51,47.5,165.1,128.0,117.7
Kilifi,2019-06,3.97,5.38,5.16,46.8,151.4,123.73,117.45
Kwale,2019-06,4.04,5.26,5.34,50.9,155.3,122.2,114.79
Lamu,2019-06,2.87,5.12,6.77,49.2,157.4,130.5,117.15
Taita Taveta,2019-06,3.24,5.85,6.96,47.9,157.0,119.52,115.03
Garissa,2019-06,3.63,4.7,6.52,51.3,147.8,126.03,115.59
Wajir,2019-06,4.65,4.32,4.78,51.5,167.0,115.84,115.73
Mandera,2019-06,3.54,5.73,5.6,52.7,154.3,121.44,115.81
Marsabit,2019-06,3.55,4.45,4.69,54.8,153.4,118.25,118.55
Isiolo,2019-06,3.19,5.51,5.61,45.8,157.3,124.55,118.35
Kitui,2019-06,2.91,4.3,6.63,50.4,166.0,122.01,115.38
Makueni,2019-06,3.29,4.24,6.9,55.4,152.1,128.89,115.24
Embu,2019-06,4.29,4.88,5.64,48.5,148.7,130.13,117.78
Tharaka Nithi,2019-06,4.31,4.79,5.45,49.7,161.7,130.14,116.46
Busia,2019-06,3.53,5.73,5.93,46.3,150.1,133.07,118.72
Siaya,2019-06,3.92,4.86,5.24,52.8,146.9,122.6,118.62
Homa Bay,2019-06,3.71,5.31,5.45,48.0,161.4,120.82,117.64
Migori,2019-06,3.77,5.7,6.03,53.9,160.3,118.45,115.66
Vihiga,2019-06,3.04,4.76,5.84,48.6,166.7,128.59,116.59
Baringo,2019-06,3.87,5.21,6.65,50.9,158.6,121.14,116.58
Elgeyo Marakwet,2019-06,3.44,5.54,5.79,45.8,160.0,121.77,113.74
Samburu,2019-06,4.26,5.56,6.28,49.3,147.1,124.67,117.05
Trans Nzoia,2019-06,3.41,5.18,7.17,54.4,152.8,118.23,116.61
Turkana,2019-06,4.01,5.16,6.23,51.5,166.0,121.57,116.32
West Pokot,2019-06,3.53,4.63,6.34,56.2,149.6,122.83,115.74
Narok,2019-06,3.5,5.88,6.62,52.3,154.1,124.39,115.93
Kajiado,2019-06,3.61,5.17,6.91,55.0,157.3,120.6,119.17
Tana River,2019-06,3.34,5.45,7.19,53.6,165.0,123.88,116.66
Nairobi,2019-07,3.06,5.27,6.85,51.8,147.9,125.48,116.14
Mombasa,2019-07,2.67,4.71,5.71,53.4,145.1,128.76,119.2
Kisumu,2019-07,4.17,4.77,5.16,48.1,150.8,122.9,118.91
Nakuru,2019-07,3.58,3.93,5.89,48.3,150.6,120.49,115.98
Kiambu,2019-07,3.75,5.52,5.36,50.8,156.6,123.8,115.76
Uasin Gishu,2019-07,4.42,4.31,5.17,56.1,164.0,126.64,116.99
Meru,2019-07,3.55,4.63,5.99,50.7,147.2,120.98,120.55
Machakos,2019-07,2.91,6.04,4.71,51.8,151.0,123.76,116.61
Kakamega,2019-07,3.81,3.51,7.02,55.0,163.5,124.9,117.29
Bungoma,2019-07,3.25,5.44,5.04,47.6,145.6,119.5,116.09
Kisii,2019-07,2.98,4.01,7.17,50.4,150.4,120.94,116.53
Nyamira,2019-07,3.51,5.34,4.74,55.6,160.2,122.07,118.48
Nyandarua,2019-07,2.61,5.55,5.55,52.9,160.2,118.96,116.85
Nyeri,2019-07,3.09,4.31,6.02,52.8,151.4,120.27,118.38
Kirinyaga,2019-07,2.94,4.58,6.71,52.8,162.5,127.76,114.56
Murang'a,2019-07,3.12,5.56,6.47,51.2,160.2,116.91,117.55
Laikipia,2019-07,4.2,5.03,4.54,47.1,145.4,124.22,119.45
Nandi,2019-07,3.75,5.37,6.99,48.2,152.9,124.97,116.5
Kericho,2019-07,3.27,4.65,6.33,47.9,163.3,130.84,114.67
Bomet,2019-07,3.79,5.99,6.92,47.1,162.6,122.91,121.17
Kilifi,2019-07,3.37,5.3,5.75,46.9,149.3,130.02,115.55
Kwale,2019-07,3.78,6.11,5.0,50.3,153.1,120.62,117.65
Lamu,2019-07,3.3,5.26,7.53,49.1,155.1,127.35,117.24
Taita Taveta,2019-07,3.52,6.05,6.95,47.7,154.7,122.41,118.59
Garissa,2019-07,3.96,3.76,6.22,52.1,145.8,120.12,116.33
Wajir,2019-07,4.14,4.96,5.23,51.0,164.4,116.08,115.35
Mandera,2019-07,4.1,4.43,6.07,53.8,152.1,127.29,118.77
Marsabit,2019-07,3.62,4.34,5.4,54.9,151.2,125.09,118.19
Isiolo,2019-07,2.85,5.28,6.09,46.0,155.0,119.21,118.23
Kitui,2019-07,3.24,4.23,5.83,50.5,163.5,116.3,117.02
Makueni,2019-07,3.88,4.41,6.1,55.3,149.9,128.52,119.33
Embu,2019-07,3.63,5.0,6.32,48.5,146.6,133.24,116.02
Tharaka Nithi,2019-07,3.44,5.57,6.08,49.1,159.3,128.39,115.96
Busia,2019-07,4.35,5.76,5.9,46.3,148.0,128.53,114.77
Siaya,2019-07,3.95,4.21,4.99,53.3,144.8,120.91,116.86
Homa Bay,2019-07,3.98,5.65,6.23,47.8,159.0,124.06,117.4
Migori,2019-07,3.22,5.45,6.23,54.2,157.9,126.6,116.25
Vihiga,2019-07,3.01,5.68,6.0,47.9,164.2,121.05,117.66
Baringo,2019-07,4.01,5.47,6.66,50.7,156.3,127.89,117.32
Elgeyo Marakwet,2019-07,3.24,5.88,5.68,45.6,157.6,121.54,117.27
Samburu,2019-07,3.97,5.83,6.54,49.1,145.0,126.43,115.3
Trans Nzoia,2019-07,2.94,5.5,6.84,54.2,150.6,123.56,116.39
Turkana,2019-07,2.98,5.44,5.88,51.3,163.5,127.7,119.66
West Pokot,2019-07,3.25,5.21,5.75,55.8,147.5,125.3,114.89
Narok,2019-07,3.95,5.64,6.32,52.6,151.9,124.48,116.95
Kajiado,2019-07,3.67,5.37,7.14,54.9,155.0,122.45,118.17
Tana River,2019-07,4.36,4.68,6.97,54.3,162.5,128.96,117.18
Nairobi,2019-08,3.69,6.24,6.33,51.1,145.7,122.21,115.23
Mombasa,2019-08,3.18,5.89,6.46,52.4,143.0,133.0,116.04
Kisumu,2019-08,3.69,5.4,5.29,47.6,148.6,125.95,117.1
Nakuru,2019-08,3.17,5.42,5.96,47.1,148.3,120.38,116.52
Kiambu,2019-08,2.73,5.3,4.92,51.0,154.2,122.42,116.19
Uasin Gishu,2019-08,4.03,5.14,5.52,55.4,161.4,127.54,117.41
Meru,2019-08,2.77,4.41,5.94,50.9,145.0,127.13,121.06
Machakos,2019-08,3.31,4.97,5.34,52.7,148.7,125.67,117.33
Kakamega,2019-08,3.33,4.7,6.32,54.1,160.9,126.21,118.17
Bungoma,2019-08,3.26,6.0,4.49,47.2,143.5,128.65,116.04
Kisii,2019-08,3.37,4.87,6.37,49.7,148.1,125.96,118.06
Nyamira,2019-08,3.6,5.91,5.06,55.2,157.7,121.65,120.72
Nyandarua,2019-08,3.46,5.24,6.46,53.2,157.7,119.84,117.0
Nyeri,2019-08,2.94,4.33,7.63,52.8,149.1,122.47,113.46
Kirinyaga,2019-08,3.87,5.26,6.28,52.2,159.9,126.97,115.91
Murang'a,2019-08,3.0,6.05,6.39,50.8,157.7,119.43,117.11
Laikipia,2019-08,3.56,5.47,5.06,46.8,143.2,125.2,118.77
Nandi,2019-08,3.43,4.82,7.39,48.7,150.6,128.24,117.2
Kericho,2019-08,3.37,4.0,5.32,48.5,160.7,128.19,116.91
Bomet,2019-08,4.21,5.79,7.03,47.3,160.0,125.52,118.78
Kilifi,2019-08,4.04,5.75,5.63,46.6,147.1,121.51,117.96
Kwale,2019-08,3.87,5.48,5.57,50.8,150.8,118.57,116.57
Lamu,2019-08,3.6,4.97,6.86,49.3,152.7,127.88,117.47
Taita Taveta,2019-08,2.83,5.72,7.73,48.0,152.3,121.13,116.72
Garissa,2019-08,3.14,4.33,5.93,51.6,143.6,124.35,117.5
Wajir,2019-08,4.29,4.27,5.12,51.5,161.8,121.84,117.88
Mandera,2019-08,3.43,5.89,6.07,52.6,149.8,123.46,116.46
Marsabit,2019-08,3.49,6.22,4.97,53.4,148.9,127.0,115.3
Isiolo,2019-08,2.72,4.98,5.93,46.2,152.6,121.56,116.14
Kitui,2019-08,3.39,5.05,6.99,49.9,160.9,124.32,117.99
Makueni,2019-08,3.45,4.29,6.37,55.4,147.6,127.79,115.44
Embu,2019-08,3.49,5.66,7.01,48.0,144.4,130.25,118.86
Tharaka Nithi,2019-08,3.87,4.78,5.98,49.7,156.8,130.78,117.31
Busia,2019-08,3.86,5.94,5.79,46.2,145.8,126.76,115.69
Siaya,2019-08,3.71,3.89,4.86,53.6,142.7,119.59,116.81
Homa Bay,2019-08,3.02,5.45,6.93,47.9,156.5,122.88,119.51
Migori,2019-08,3.93,5.81,6.34,53.9,155.4,125.85,118.35
Vihiga,2019-08,3.01,4.14,5.78,49.2,161.6,120.64,115.76
Baringo,2019-08,3.96,5.28,5.88,50.9,153.9,125.52,118.65
Elgeyo Marakwet,2019-08,2.81,5.97,4.78,45.5,155.2,128.22,116.58
Samburu,2019-08,4.07,5.08,6.8,49.7,142.9,130.07,117.07
Trans Nzoia,2019-08,3.27,5.47,7.49,54.2,148.4,124.04,119.51
Turkana,2019-08,3.71,4.64,5.75,51.9,160.9,122.19,115.38
West Pokot,2019-08,4.08,3.99,5.32,56.8,145.4,130.89,115.11
Narok,2019-08,4.02,5.52,4.99,52.7,149.6,122.23,117.87
Kajiado,2019-08,4.02,5.96,6.54,54.4,152.6,127.25,116.17
Tana River,2019-08,3.31,4.83,5.67,54.2,160.0,126.51,114.93
Nairobi,2019-09,3.56,5.72,6.41,51.5,144.4,126.45,116.94
Mombasa,2019-09,3.38,5.71,6.13,52.6,141.8,137.4,115.44
Kisumu,2019-09,4.42,4.91,5.12,48.0,147.2,130.94,114.83
Nakuru,2019-09,3.3,4.29,6.43,48.1,147.0,121.12,118.25
Kiambu,2019-09,3.45,5.37,5.59,50.9,152.8,120.46,115.97
Uasin Gishu,2019-09,4.8,4.39,4.02,56.1,159.9,126.36,115.7
Meru,2019-09,3.71,4.59,6.57,50.8,143.8,124.64,117.18
Machakos,2019-09,2.96,5.73,5.94,52.1,147.4,127.01,118.35
Kakamega,2019-09,3.82,4.96,7.08,53.9,159.4,130.82,119.38
Bungoma,2019-09,3.4,5.44,4.58,47.7,142.3,124.6,114.82
Kisii,2019-09,3.65,4.7,7.22,49.9,146.8,124.21,117.3
Nyamira,2019-09,3.66,6.15,4.81,55.0,156.2,123.33,118.04
Nyandarua,2019-09,3.23,5.51,7.05,53.0,156.2,115.87,116.97
Nyeri,2019-09,3.61,4.68,7.4,52.6,147.7,125.03,117.17
Kirinyaga,2019-09,3.9,4.54,6.92,52.8,158.4,130.95,119.42
Murang'a,2019-09,3.23,5.32,5.76,51.4,156.2,126.67,115.93
Laikipia,2019-09,3.28,4.52,4.82,47.6,142.0,127.08,118.01
Nandi,2019-09,3.15,5.55,6.71,48.1,149.3,125.99,117.94
Kericho,2019-09,4.09,4.57,5.4,48.0,159.2,124.3,117.27
Bomet,2019-09,3.8,5.55,5.77,47.5,158.5,123.64,119.78
Kilifi,2019-09,4.45,5.39,5.97,46.9,145.8,121.54,119.71
Kwale,2019-09,3.99,6.07,4.16,50.3,149.4,125.05,117.59
Lamu,2019-09,3.53,5.22,6.92,49.1,151.3,126.03,118.77
Taita Taveta,2019-09,3.41,5.51,6.46,48.2,150.9,119.38,116.83
Garissa,2019-09,3.8,4.44,5.95,51.6,142.4,126.0,116.35
Wajir,2019-09,4.02,4.62,5.68,51.3,160.3,118.49,116.32
Mandera,2019-09,3.09,5.42,6.08,53.0,148.5,125.61,116.83
Marsabit,2019-09,4.05,5.59,5.14,54.0,147.6,124.72,115.98
Isiolo,2019-09,3.66,6.11,6.62,45.4,151.2,116.81,116.76
Kitui,2019-09,3.96,4.42,7.02,50.4,159.3,123.94,116.54
Makueni,2019-09,3.43,4.13,6.76,55.6,146.4,125.74,119.36
Embu,2019-09,4.74,4.62,5.1,48.8,143.2,129.04,115.32
Tharaka Nithi,2019-09,3.99,5.62,6.43,49.1,155.3,130.38,117.31
Busia,2019-09,3.17,5.57,6.32,46.5,144.5,131.7,116.54
Siaya,2019-09,3.51,3.73,4.06,53.7,141.5,119.08,115.24
Homa Bay,2019-09,3.76,5.21,6.03,48.2,155.0,120.22,112.75
Migori,2019-09,4.0,5.1,6.09,54.5,154.0,122.12,119.06
Vihiga,2019-09,3.22,4.57,5.33,48.9,160.0,129.77,117.49
Baringo,2019-09,3.89,4.94,5.64,51.2,152.5,125.25,118.09
Elgeyo Marakwet,2019-09,3.71,4.57,5.0,46.7,153.8,120.83,117.59
Samburu,2019-09,3.96,5.79,7.03,49.2,141.7,127.37,119.0
Trans Nzoia,2019-09,3.67,5.73,7.73,54.0,147.1,129.32,119.0
Turkana,2019-09,2.72,5.45,5.74,51.3,159.3,133.78,119.46
West Pokot,2019-09,4.27,4.82,6.9,56.1,144.1,131.97,117.92
Narok,2019-09,3.32,5.37,6.59,52.8,148.3,123.96,115.73
Kajiado,2019-09,3.23,5.31,7.14,55.0,151.2,130.56,118.97
Tana River,2019-09,4.29,5.32,5.53,53.8,158.4,122.81,117.21
Nairobi,2019-10,3.25,5.85,6.68,51.4,144.9,125.62,117.58
Mombasa,2019-10,2.37,5.5,6.22,52.8,142.3,134.87,117.15
Kisumu,2019-10,4.11,4.77,5.39,48.1,147.7,129.54,117.01
Nakuru,2019-10,3.28,4.77,5.9,47.7,147.4,126.69,116.93
Kiambu,2019-10,3.62,5.53,5.51,50.8,153.1,120.59,117.49
Uasin Gishu,2019-10,3.72,4.67,5.13,55.9,160.2,134.7,116.51
Meru,2019-10,3.35,3.84,6.55,51.4,144.2,123.11,117.58
Machakos,2019-10,2.96,5.88,5.24,52.0,147.8,124.91,120.15
Kakamega,2019-10,3.73,4.38,6.81,54.4,159.7,135.38,117.65
Bungoma,2019-10,3.4,5.51,4.9,47.7,142.8,122.97,116.08
Kisii,2019-10,3.01,4.41,6.95,50.2,147.2,125.78,117.69
Nyamira,2019-10,3.72,6.11,5.01,55.1,156.6,121.59,116.7
Nyandarua,2019-10,3.36,5.53,6.22,53.0,156.5,119.8,116.85
Nyeri,2019-10,3.56,3.97,7.22,53.2,148.2,120.53,117.78
Kirinyaga,2019-10,2.85,4.83,6.3,52.6,158.7,126.07,120.21
Murang'a,2019-10,3.27,5.13,6.17,51.6,156.5,128.22,119.95
Laikipia,2019-10,3.71,5.27,5.36,47.0,142.5,132.12,115.08
Nandi,2019-10,3.66,5.52,6.15,48.2,149.7,126.4,116.72
Kericho,2019-10,3.01,4.24,5.7,48.3,159.6,132.18,119.62
Bomet,2019-10,3.37,5.37,7.27,47.7,158.9,128.83,118.12
Kilifi,2019-10,4.07,5.73,5.9,46.6,146.2,124.76,118.4
Kwale,2019-10,3.29,5.41,4.68,50.9,149.8,122.6,116.61
Lamu,2019-10,2.98,4.25,7.16,49.9,151.7,128.28,115.44
Taita Taveta,2019-10,3.1,6.0,6.65,47.8,151.3,122.42,117.89
Garissa,2019-10,3.5,3.8,6.49,52.1,142.9,121.89,117.97
Wajir,2019-10,3.97,4.48,4.78,51.4,160.6,123.06,120.44
Mandera,2019-10,3.2,6.21,5.35,52.4,148.9,127.93,116.37
Marsabit,2019-10,3.4,4.97,4.66,54.5,148.0,122.74,117.39
Isiolo,2019-10,3.86,4.79,6.41,46.4,151.6,124.51,116.39
Kitui,2019-10,3.99,4.43,5.14,50.4,159.7,124.85,116.32
Makueni,2019-10,3.0,4.77,6.68,55.1,146.8,130.85,119.82
Embu,2019-10,3.63,5.52,5.68,48.1,143.7,137.17,116.96
Tharaka Nithi,2019-10,4.39,5.66,5.84,49.1,155.7,128.46,117.77
Busia,2019-10,3.1,5.65,6.46,46.4,145.0,130.89,113.54
Siaya,2019-10,3.17,4.03,5.35,53.5,142.0,123.98,117.74
Homa Bay,2019-10,3.88,5.01,6.61,48.4,155.4,125.3,118.57
Migori,2019-10,3.33,6.24,6.55,53.6,154.4,124.28,118.37
Vihiga,2019-10,3.47,4.66,6.08,48.8,160.4,126.58,114.49
Baringo,2019-10,4.09,5.16,6.86,51.0,152.9,129.26,118.29
Elgeyo Marakwet,2019-10,3.94,5.4,5.87,46.0,154.2,125.69,117.85
Samburu,2019-10,4.33,5.6,6.62,49.3,142.2,126.85,118.36
Trans Nzoia,2019-10,3.63,6.33,7.32,53.6,147.5,124.5,116.23
Turkana,2019-10,4.1,5.26,5.72,51.5,159.7,131.71,117.68
West Pokot,2019-10,3.46,4.17,6.2,56.7,144.6,126.45,118.31
Narok,2019-10,3.9,5.44,6.01,52.8,148.7,127.26,118.11
Kajiado,2019-10,3.81,5.31,6.07,55.0,151.6,130.44,118.83
Tana River,2019-10,3.22,5.66,6.87,53.5,158.8,125.25,120.4
Nairobi,2019-11,3.54,5.27,6.65,51.9,147.4,124.49,117.5
Mombasa,2019-11,3.36,5.03,6.7,53.2,144.8,129.26,116.92
Kisumu,2019-11,3.86,4.83,5.45,48.1,150.2,125.22,117.64
Nakuru,2019-11,3.05,4.69,6.76,47.8,150.0,125.85,119.69
Kiambu,2019-11,4.11,5.34,5.31,51.0,155.7,129.18,120.57
Uasin Gishu,2019-11,3.01,4.74,5.13,55.8,162.8,132.76,117.28
Meru,2019-11,3.04,4.2,6.08,51.2,146.7,129.6,116.63
Machakos,2019-11,2.86,5.05,6.02,52.7,150.3,131.21,117.91
Kakamega,2019-11,3.5,4.79,7.68,54.1,162.3,132.37,117.35
Bungoma,2019-11,3.03,5.34,5.21,47.8,145.2,123.49,118.69
Kisii,2019-11,3.24,4.32,6.07,50.3,149.7,132.31,119.73
Nyamira,2019-11,3.91,5.81,4.93,55.4,159.1,128.16,118.35
Nyandarua,2019-11,3.17,5.6,4.94,53.0,159.1,127.75,119.14
Nyeri,2019-11,3.57,4.47,6.81,52.8,150.7,121.04,119.32
Kirinyaga,2019-11,2.86,4.91,6.74,52.6,161.3,126.33,118.96
Murang'a,2019-11,2.8,5.07,6.64,51.7,159.1,129.17,115.59
Laikipia,2019-11,3.81,4.78,4.95,47.4,145.0,124.55,117.12
Nandi,2019-11,3.78,5.14,6.62,48.5,152.2,129.41,119.13
Kericho,2019-11,3.48,4.41,6.13,48.2,162.2,133.19,119.02
Bomet,2019-11,3.73,5.97,6.76,47.2,161.4,130.78,119.75
Kilifi,2019-11,3.48,5.31,5.29,47.0,148.7,129.4,116.04
Kwale,2019-11,4.05,5.84,5.6,50.6,152.4,124.96,116.39
Lamu,2019-11,2.81,4.38,6.62,49.9,154.3,128.68,116.65
Taita Taveta,2019-11,4.03,5.34,7.6,48.4,153.9,128.76,119.75
Garissa,2019-11,3.08,4.51,5.58,51.6,145.4,127.72,118.29
Wajir,2019-11,3.82,4.21,4.05,51.7,163.2,121.5,120.07
Mandera,2019-11,3.59,5.46,5.8,53.1,151.4,133.94,120.39
Marsabit,2019-11,3.32,4.39,6.36,55.0,150.5,130.87,118.68
Isiolo,2019-11,2.61,5.64,6.3,45.8,154.2,124.13,119.74
Kitui,2019-11,3.85,4.12,6.22,50.7,162.3,125.56,119.17
Makueni,2019-11,3.52,4.87,6.67,55.0,149.3,129.34,113.34
Embu,2019-11,3.71,5.51,5.86,48.2,146.1,129.77,116.84
Tharaka Nithi,2019-11,4.38,5.55,6.09,49.2,158.3,125.99,118.16
Busia,2019-11,3.85,5.45,5.98,46.6,147.5,130.15,119.67
Siaya,2019-11,2.92,5.04,5.44,52.7,144.5,123.68,119.76
Homa Bay,2019-11,3.04,5.16,6.24,48.3,158.0,128.67,118.33
Migori,2019-11,3.58,5.27,6.54,54.4,156.9,132.91,119.89
Vihiga,2019-11,3.14,5.17,5.82,48.4,163.0,127.65,120.07
Baringo,2019-11,4.41,5.27,6.91,51.0,155.4,125.98,117.02
Elgeyo Marakwet,2019-11,3.16,5.44,4.73,46.0,156.7,126.55,114.25
Samburu,2019-11,5.1,6.44,6.7,48.7,144.7,131.51,118.85
Trans Nzoia,2019-11,3.27,5.94,6.86,53.9,150.0,125.77,118.67
Turkana,2019-11,3.4,4.84,5.42,51.8,162.3,129.55,118.08
West Pokot,2019-11,4.1,4.33,6.34,56.6,147.0,131.28,118.28
Narok,2019-11,4.04,5.46,7.01,52.8,151.2,124.36,120.33
Kajiado,2019-11,3.84,5.27,7.07,55.1,154.2,126.3,119.33
Tana River,2019-11,2.78,5.36,6.17,53.8,161.4,122.39,117.57
Nairobi,2019-12,3.22,5.82,5.78,51.5,151.7,125.41,120.85
Mombasa,2019-12,3.25,6.03,6.75,52.4,149.0,136.31,121.61
Kisumu,2019-12,3.71,4.37,5.76,48.5,154.6,130.27,119.96
Nakuru,2019-12,4.27,4.79,6.44,47.7,154.3,123.62,122.0
Kiambu,2019-12,3.4,5.45,5.23,50.9,160.2,121.43,117.71
Uasin Gishu,2019-12,3.48,4.04,4.74,56.4,167.5,136.83,119.9
Meru,2019-12,3.75,4.94,7.29,50.6,151.0,122.54,116.96
Machakos,2019-12,2.79,5.58,5.37,52.3,154.7,126.76,119.13
Kakamega,2019-12,3.64,4.32,5.85,54.5,167.0,128.87,117.98
Bungoma,2019-12,3.58,5.34,4.93,47.9,149.5,122.76,118.61
Kisii,2019-12,3.04,4.41,6.0,50.2,154.1,127.87,117.5
Nyamira,2019-12,3.58,5.76,5.11,55.4,163.7,122.49,119.37
Nyandarua,2019-12,3.36,5.68,7.22,52.9,163.7,125.02,120.17
Nyeri,2019-12,3.49,4.77,6.33,52.6,155.1,122.16,119.32
Kirinyaga,2019-12,3.53,5.04,7.01,52.5,165.9,123.35,117.34
Murang'a,2019-12,3.29,5.17,8.21,51.6,163.7,129.39,118.68
Laikipia,2019-12,3.39,4.81,5.07,47.4,149.2,129.6,118.11
Nandi,2019-12,3.28,5.67,7.51,48.1,156.6,131.21,116.79
Kericho,2019-12,3.52,5.06,6.26,47.7,166.8,133.18,120.93
Bomet,2019-12,3.73,5.96,6.27,47.3,166.0,129.17,120.79
Kilifi,2019-12,3.65,5.41,5.68,46.9,153.1,126.49,119.77
Kwale,2019-12,3.71,6.38,4.37,50.2,156.8,128.88,117.65
Lamu,2019-12,2.48,4.95,6.76,49.4,158.7,126.6,116.28
Taita Taveta,2019-12,3.44,6.26,7.22,47.7,158.3,126.08,119.52
Garissa,2019-12,3.35,3.8,5.51,52.2,149.6,125.08,118.56
Wajir,2019-12,4.33,5.0,5.59,51.1,167.9,124.48,116.73
Mandera,2019-12,3.91,5.75,4.28,52.8,155.8,126.72,117.76
Marsabit,2019-12,3.76,4.85,5.16,54.6,154.9,124.13,118.56
Isiolo,2019-12,2.83,5.01,5.81,46.3,158.6,126.31,119.66
Kitui,2019-12,3.41,5.2,6.22,49.9,166.9,128.87,117.84
Makueni,2019-12,2.61,4.66,6.97,55.2,153.7,129.6,117.84
Embu,2019-12,3.88,5.0,5.91,48.6,150.4,134.4,119.08
Tharaka Nithi,2019-12,4.22,5.24,5.51,49.5,162.8,128.41,118.24
Busia,2019-12,2.64,5.33,6.24,46.7,151.8,133.58,118.4
Siaya,2019-12,3.82,3.46,5.17,54.0,148.7,119.47,116.99
Homa Bay,2019-12,3.55,5.93,6.49,47.7,162.5,125.33,118.77
Migori,2019-12,3.12,5.29,6.51,54.4,161.5,124.43,119.69
Vihiga,2019-12,3.02,5.24,6.01,48.4,167.6,121.81,117.93
Baringo,2019-12,3.63,4.6,6.07,51.5,159.9,135.15,119.71
Elgeyo Marakwet,2019-12,4.04,5.8,5.19,45.8,161.2,123.53,119.68
Samburu,2019-12,4.19,5.61,6.07,49.4,148.9,142.05,118.59
Trans Nzoia,2019-12,3.38,5.91,6.81,54.0,154.4,127.12,120.73
Turkana,2019-12,3.88,4.36,5.26,52.2,166.9,128.47,120.94
West Pokot,2019-12,4.12,4.52,5.59,56.4,151.4,124.41,118.82
Narok,2019-12,4.09,5.35,6.15,52.9,155.6,124.06,118.76
Kajiado,2019-12,2.93,5.17,6.42,55.2,158.6,131.54,117.58
Tana River,2019-12,3.95,5.45,7.05,53.8,166.0,130.07,118.71
Nairobi,2020-01,3.22,5.61,6.35,51.7,157.5,124.1,120.03
Mombasa,2020-01,3.27,5.98,6.84,52.5,154.8,139.13,119.39
Kisumu,2020-01,4.31,4.56,5.96,48.4,160.5,132.27,120.71
Nakuru,2020-01,3.51,4.56,5.53,47.9,160.2,127.38,121.5
Kiambu,2020-01,3.37,5.93,5.83,50.6,166.2,123.45,121.17
Uasin Gishu,2020-01,2.48,4.14,4.68,56.4,173.7,129.46,119.7
Meru,2020-01,3.46,4.67,6.67,50.9,156.8,125.94,117.37
Machakos,2020-01,3.23,5.56,4.74,52.4,160.6,131.95,121.29
Kakamega,2020-01,4.21,4.73,7.26,54.2,173.2,136.9,118.24
Bungoma,2020-01,4.08,5.94,5.64,47.4,155.3,127.65,121.14
Kisii,2020-01,3.52,4.2,7.39,50.4,160.0,126.42,121.08
Nyamira,2020-01,3.14,6.11,5.72,55.2,169.8,127.12,119.96
Nyandarua,2020-01,3.21,4.86,6.48,53.6,169.8,121.23,119.46
Nyeri,2020-01,2.94,4.07,7.54,53.2,161.0,127.68,119.19
Kirinyaga,2020-01,3.42,4.78,6.75,52.7,172.1,126.53,120.69
Murang'a,2020-01,3.06,5.33,6.54,51.5,169.8,127.0,119.69
Laikipia,2020-01,3.35,5.23,5.67,47.1,155.0,128.05,119.0
Nandi,2020-01,3.54,5.0,7.06,48.7,162.6,133.06,120.82
Kericho,2020-01,3.03,4.11,5.43,48.5,173.0,129.02,120.05
Bomet,2020-01,3.21,6.69,7.26,46.7,172.2,129.27,120.5
Kilifi,2020-01,3.19,6.8,5.35,45.9,158.9,127.75,116.42
Kwale,2020-01,4.05,5.29,5.07,51.1,162.7,124.43,117.58
Lamu,2020-01,2.84,4.99,6.25,49.4,164.8,128.62,120.19
Taita Taveta,2020-01,4.44,6.1,6.47,47.8,164.3,125.75,119.25
Garissa,2020-01,3.18,4.78,6.34,51.4,155.4,129.35,118.73
Wajir,2020-01,4.48,4.68,4.81,51.3,174.1,132.79,116.46
Mandera,2020-01,3.42,5.33,6.74,53.2,161.7,135.58,121.44
Marsabit,2020-01,3.54,6.19,5.37,53.6,160.8,128.64,119.47
Isiolo,2020-01,3.06,5.2,6.26,46.2,164.6,127.93,119.75
Kitui,2020-01,3.67,5.24,4.91,49.9,173.1,126.74,120.28
Makueni,2020-01,3.84,4.51,6.96,55.4,159.5,133.4,121.44
Embu,2020-01,3.74,5.35,6.91,48.3,156.2,126.44,118.16
Tharaka Nithi,2020-01,4.53,5.81,5.95,49.0,168.9,131.47,117.88
Busia,2020-01,3.69,6.23,5.98,46.0,157.6,133.13,118.07
Siaya,2020-01,3.98,4.16,5.16,53.5,154.5,120.4,116.78
Homa Bay,2020-01,3.59,4.94,7.36,48.5,168.6,120.03,118.0
Migori,2020-01,3.37,5.41,5.76,54.4,167.5,126.65,117.71
Vihiga,2020-01,3.02,5.73,5.58,48.0,173.8,131.32,119.96
Baringo,2020-01,4.38,4.25,6.45,51.8,165.9,132.69,118.34
Elgeyo Marakwet,2020-01,3.94,6.11,5.33,45.5,167.3,124.1,117.68
Samburu,2020-01,3.73,5.39,7.05,49.6,154.7,128.76,120.11
Trans Nzoia,2020-01,3.72,5.24,7.71,54.5,160.3,129.23,120.32
Turkana,2020-01,3.59,5.12,5.91,51.7,173.1,130.5,122.2
West Pokot,2020-01,3.63,4.97,6.38,56.1,157.2,130.78,116.69
Narok,2020-01,4.07,5.25,5.98,53.0,161.6,132.01,118.88
Kajiado,2020-01,3.45,5.51,6.09,54.9,164.6,133.16,118.16
Tana River,2020-01,4.05,5.94,6.16,53.4,172.2,128.82,117.65
Nairobi,2020-02,4.39,6.26,6.38,51.2,163.0,123.78,119.43
Mombasa,2020-02,2.96,6.53,5.6,52.1,160.2,134.64,119.57
Kisumu,2020-02,3.83,4.66,5.31,48.3,166.1,132.41,120.51
Nakuru,2020-02,3.64,3.61,6.38,48.7,165.8,123.24,120.57
Kiambu,2020-02,4.09,5.25,5.28,51.2,172.0,123.21,121.45
Uasin Gishu,2020-02,3.69,5.33,5.34,55.4,179.6,133.35,119.7
Meru,2020-02,3.67,3.82,6.42,51.6,162.3,129.28,120.69
Machakos,2020-02,3.0,5.4,5.53,52.5,166.2,126.49,116.71
Kakamega,2020-02,3.88,4.89,7.18,54.1,179.1,137.4,118.6
Bungoma,2020-02,3.07,5.81,5.01,47.5,160.8,125.27,119.48
Kisii,2020-02,3.19,4.06,6.44,50.5,165.6,126.56,119.95
Nyamira,2020-02,2.92,6.09,5.96,55.2,175.7,128.57,117.27
Nyandarua,2020-02,3.65,6.3,6.43,52.5,175.6,129.25,118.77
Nyeri,2020-02,2.65,4.24,7.6,53.1,166.6,120.7,119.6
Kirinyaga,2020-02,3.37,4.68,6.25,52.8,178.0,129.48,118.76
Murang'a,2020-02,2.59,5.59,7.07,51.4,175.6,132.09,118.39
Laikipia,2020-02,3.06,4.93,5.84,47.3,160.5,132.84,120.66
Nandi,2020-02,3.71,5.34,6.88,48.4,168.2,134.08,118.78
Kericho,2020-02,2.7,4.77,6.21,48.0,178.9,129.27,120.83
Bomet,2020-02,4.35,5.75,6.21,47.5,178.1,130.3,118.77
Kilifi,2020-02,3.6,5.97,4.84,46.5,164.5,124.48,119.63
Kwale,2020-02,3.85,5.88,5.96,50.6,168.4,127.07,120.5
Lamu,2020-02,2.77,5.21,6.63,49.3,170.5,131.78,119.44
Taita Taveta,2020-02,3.82,5.39,5.79,48.4,170.0,126.91,120.3
Garissa,2020-02,3.39,4.91,6.45,51.3,160.9,125.63,116.11
Wajir,2020-02,3.85,5.16,5.1,51.0,180.0,127.05,120.23
Mandera,2020-02,3.31,5.83,6.3,52.8,167.4,130.34,117.91
Marsabit,2020-02,3.65,4.33,5.36,55.1,166.4,127.76,122.11
Isiolo,2020-02,3.0,5.47,5.93,46.0,170.3,125.74,117.31
Kitui,2020-02,3.61,4.52,6.54,50.5,179.0,124.04,119.73
Makueni,2020-02,3.25,4.41,6.9,55.5,165.1,131.26,120.74
Embu,2020-02,3.81,5.11,5.98,48.5,161.7,131.37,119.06
Tharaka Nithi,2020-02,4.75,5.01,5.55,49.7,174.7,132.35,119.23
Busia,2020-02,3.8,5.72,5.44,46.5,163.1,136.64,120.55
Siaya,2020-02,3.15,3.47,4.72,54.1,159.9,125.42,123.47
Homa Bay,2020-02,3.81,4.75,5.97,48.7,174.4,126.75,119.98
Migori,2020-02,2.84,5.5,5.95,54.3,173.3,126.91,119.99
Vihiga,2020-02,3.44,5.29,5.83,48.4,179.8,126.98,120.67
Baringo,2020-02,4.06,5.42,6.29,50.9,171.6,127.97,119.71
Elgeyo Marakwet,2020-02,4.21,5.64,5.26,45.9,173.1,123.81,118.86
Samburu,2020-02,4.85,5.73,7.29,49.3,160.1,132.7,119.99
Trans Nzoia,2020-02,3.79,5.68,6.61,54.2,165.9,133.37,121.08
Turkana,2020-02,4.21,5.18,5.58,51.6,179.0,137.55,119.67
West Pokot,2020-02,3.84,3.94,5.83,57.0,162.7,126.12,121.51
Narok,2020-02,2.9,5.39,4.91,52.9,167.2,124.98,118.86
Kajiado,2020-02,4.4,5.82,6.33,54.7,170.3,132.75,119.63
Tana River,2020-02,3.85,4.92,5.92,54.2,178.1,125.44,119.67
Nairobi,2020-03,3.45,6.5,6.66,51.0,167.5,118.68,120.39
Mombasa,2020-03,2.52,5.36,5.8,53.0,164.7,132.95,117.94
Kisumu,2020-03,3.96,4.14,5.55,48.8,170.6,137.2,118.01
Nakuru,2020-03,3.36,3.82,6.08,48.6,170.4,130.83,121.08
Kiambu,2020-03,3.53,5.98,6.68,50.6,176.6,130.84,119.22
Uasin Gishu,2020-03,3.07,4.47,4.66,56.2,184.4,134.68,118.23
Meru,2020-03,3.32,4.86,6.33,50.8,166.8,127.35,121.76
Machakos,2020-03,2.33,5.69,5.5,52.3,170.8,130.49,120.27
Kakamega,2020-03,3.83,4.65,6.76,54.3,183.9,132.97,119.08
Bungoma,2020-03,3.96,5.58,5.61,47.7,165.2,128.55,119.22
Kisii,2020-03,3.68,4.51,6.98,50.2,170.1,131.31,119.11
Nyamira,2020-03,3.4,5.87,5.74,55.4,180.4,130.13,120.74
Nyandarua,2020-03,2.6,6.65,5.72,52.2,180.4,128.83,120.65
Nyeri,2020-03,2.93,4.5,6.69,52.9,171.2,129.79,118.93
Kirinyaga,2020-03,3.25,3.95,7.33,53.5,182.8,126.75,120.49
Murang'a,2020-03,3.12,5.47,6.93,51.5,180.4,135.19,120.38
Laikipia,2020-03,3.83,5.18,5.57,47.2,164.9,130.22,121.61
Nandi,2020-03,3.8,5.61,6.49,48.2,172.8,132.29,120.36
Kericho,2020-03,2.72,5.13,5.58,47.7,183.7,134.17,119.13
Bomet,2020-03,3.15,5.52,6.72,47.7,182.9,132.65,120.24
Kilifi,2020-03,3.99,5.66,5.89,46.8,169.0,133.96,121.06
Kwale,2020-03,4.18,5.86,4.27,50.7,173.0,124.33,120.68
Lamu,2020-03,3.16,5.08,7.73,49.4,175.1,134.45,121.89
Taita Taveta,2020-03,3.44,5.6,6.9,48.3,174.7,125.83,122.34
Garissa,2020-03,3.64,4.63,6.85,51.6,165.4,121.97,120.88
Wajir,2020-03,3.43,4.74,5.14,51.3,184.9,129.65,120.34
Mandera,2020-03,4.25,5.34,5.84,53.2,172.0,132.05,117.55
Marsabit,2020-03,3.31,5.16,5.74,54.5,171.0,128.5,118.25
Isiolo,2020-03,3.03,6.12,6.42,45.5,175.0,126.52,120.74
Kitui,2020-03,3.99,4.46,6.64,50.5,183.8,125.63,121.08
Makueni,2020-03,3.45,4.74,6.48,55.2,169.7,129.38,121.42
Embu,2020-03,3.83,5.37,5.91,48.4,166.2,136.91,119.09
Tharaka Nithi,2020-03,3.89,5.69,6.27,49.2,179.4,132.64,122.94
Busia,2020-03,4.06,5.19,6.48,46.9,167.7,133.08,120.65
Siaya,2020-03,3.63,4.41,4.76,53.3,164.4,129.82,118.27
Homa Bay,2020-03,3.15,5.62,7.11,48.0,179.1,126.55,121.05
Migori,2020-03,3.8,5.88,6.15,54.0,178.0,127.65,116.69
Vihiga,2020-03,3.03,5.42,4.98,48.3,184.6,131.27,118.57
Baringo,2020-03,3.98,5.66,6.27,50.7,176.3,130.68,119.38
Elgeyo Marakwet,2020-03,3.52,5.61,5.6,46.0,177.8,131.69,120.99
Samburu,2020-03,3.71,5.86,6.8,49.3,164.6,134.76,123.79
Trans Nzoia,2020-03,3.62,5.1,6.66,54.7,170.4,123.29,119.51
Turkana,2020-03,3.1,4.52,4.59,52.2,183.8,133.35,120.0
West Pokot,2020-03,3.73,4.48,5.54,56.6,167.2,131.96,122.88
Narok,2020-03,4.08,5.38,5.69,53.0,171.8,125.45,120.68
Kajiado,2020-03,4.28,5.76,7.14,54.8,175.0,132.38,120.76
Tana River,2020-03,3.58,5.47,5.99,53.8,182.9,128.67,120.5
Nairobi,2020-04,4.09,5.36,6.71,52.0,170.2,131.94,121.54
Mombasa,2020-04,3.44,5.99,6.86,52.6,167.4,132.38,118.32
Kisumu,2020-04,3.87,3.84,5.99,49.0,173.3,134.85,119.75
Nakuru,2020-04,3.33,4.8,6.26,47.8,173.1,129.99,121.24
Kiambu,2020-04,3.43,6.0,5.63,50.6,179.4,124.58,122.4
Uasin Gishu,2020-04,3.11,4.6,5.62,56.1,187.2,131.85,120.86
Meru,2020-04,3.57,4.18,6.34,51.3,169.5,130.42,119.57
Machakos,2020-04,4.0,5.52,6.03,52.5,173.5,129.96,118.77
Kakamega,2020-04,3.63,4.92,7.41,54.1,186.7,139.58,124.82
Bungoma,2020-04,3.74,5.58,5.41,47.8,167.9,128.39,121.79
Kisii,2020-04,2.91,5.75,7.09,49.2,172.9,126.31,119.34
Nyamira,2020-04,3.51,6.12,4.52,55.2,183.2,130.07,117.48
Nyandarua,2020-04,3.01,6.12,6.15,52.7,183.2,122.16,120.62
Nyeri,2020-04,3.16,4.8,6.29,52.7,173.9,124.26,117.37
Kirinyaga,2020-04,3.42,4.82,5.87,52.8,185.6,131.24,121.94
Murang'a,2020-04,3.08,5.61,6.67,51.4,183.1,127.26,123.48
Laikipia,2020-04,3.38,5.31,5.44,47.1,167.6,131.89,121.31
Nandi,2020-04,3.46,4.61,6.66,49.1,175.6,131.66,119.71
Kericho,2020-04,2.75,4.94,6.39,47.9,186.5,136.96,122.31
Bomet,2020-04,3.54,5.51,6.23,47.7,185.7,133.27,120.74
Kilifi,2020-04,3.82,6.32,5.85,46.3,171.7,127.7,119.38
Kwale,2020-04,4.14,6.16,5.3,50.4,175.7,133.85,122.85
Lamu,2020-04,3.34,4.57,6.24,49.8,177.9,131.81,121.53
Taita Taveta,2020-04,4.14,6.09,7.52,47.9,177.4,128.21,121.33
Garissa,2020-04,3.66,3.63,6.02,52.4,168.0,131.58,120.81
Wajir,2020-04,3.47,3.78,5.11,52.1,187.7,128.15,119.07
Mandera,2020-04,3.77,5.79,5.82,52.9,174.7,125.2,118.43
Marsabit,2020-04,3.56,5.45,5.43,54.3,173.7,129.22,119.82
Isiolo,2020-04,2.95,5.02,6.75,46.4,177.7,125.44,121.68
Kitui,2020-04,3.77,4.63,6.06,50.4,186.6,123.25,119.43
Makueni,2020-04,3.25,3.6,6.76,56.2,172.4,135.31,121.25
Embu,2020-04,3.66,5.27,5.79,48.5,168.9,135.36,122.71
Tharaka Nithi,2020-04,4.33,5.59,5.44,49.3,182.2,137.16,117.87
Busia,2020-04,3.83,5.85,6.66,46.4,170.4,136.94,120.84
Siaya,2020-04,3.57,4.6,4.73,53.2,167.1,125.01,120.49
Homa Bay,2020-04,3.66,4.74,6.54,48.7,181.9,130.63,120.28
Migori,2020-04,4.32,5.29,6.13,54.5,180.8,130.44,120.29
Vihiga,2020-04,3.01,4.39,5.27,49.2,187.4,129.58,122.24
Baringo,2020-04,4.82,5.91,6.21,50.6,179.1,128.78,120.16
Elgeyo Marakwet,2020-04,3.95,5.46,4.91,46.1,180.5,126.21,121.54
Samburu,2020-04,4.26,5.81,7.18,49.3,167.3,128.4,120.56
Trans Nzoia,2020-04,3.82,5.58,6.52,54.3,173.1,124.19,122.78
Turkana,2020-04,3.61,4.97,5.65,51.9,186.6,137.44,120.17
West Pokot,2020-04,3.4,4.59,6.88,56.5,169.9,130.61,118.97
Narok,2020-04,3.31,5.06,6.83,53.2,174.5,127.91,119.49
Kajiado,2020-04,3.57,5.7,6.62,54.8,177.7,130.14,122.42
Tana River,2020-04,4.46,4.76,6.58,54.4,185.6,126.99,120.03
Nairobi,2020-05,3.54,5.8,6.59,51.6,170.8,130.22,121.24
Mombasa,2020-05,2.85,5.5,5.49,53.0,167.9,133.78,123.74
Kisumu,2020-05,3.56,4.23,5.53,48.7,173.8,131.56,120.51
Nakuru,2020-05,4.04,5.05,5.97,47.6,173.6,129.03,120.05
Kiambu,2020-05,3.85,5.5,4.51,51.0,179.9,126.96,118.49
Uasin Gishu,2020-05,4.53,4.26,5.06,56.4,187.6,135.5,120.37
Meru,2020-05,3.23,4.69,7.14,50.9,170.0,133.89,123.02
Machakos,2020-05,2.66,5.95,5.6,52.2,174.0,132.89,122.86
Kakamega,2020-05,3.5,4.5,7.21,54.4,187.1,130.25,120.44
Bungoma,2020-05,3.59,5.48,5.71,47.9,168.4,126.71,120.6
Kisii,2020-05,3.55,5.34,6.66,49.6,173.4,134.88,121.85
Nyamira,2020-05,3.24,5.22,4.44,56.0,183.6,128.95,119.99
Nyandarua,2020-05,3.42,5.97,6.33,52.8,183.6,123.91,121.57
Nyeri,2020-05,3.0,4.25,6.24,53.1,174.4,126.86,122.56
Kirinyaga,2020-05,3.35,4.71,5.7,52.9,186.0,133.02,119.63
Murang'a,2020-05,3.21,5.37,6.95,51.6,183.6,131.11,120.71
Laikipia,2020-05,3.76,5.9,5.5,46.6,168.2,132.74,120.8
Nandi,2020-05,3.15,4.8,6.55,48.9,176.1,131.88,121.78
Kericho,2020-05,2.85,5.03,5.96,47.9,186.9,134.78,120.8
Bomet,2020-05,3.46,5.87,7.16,47.5,186.1,129.92,118.5
Kilifi,2020-05,4.13,5.93,5.08,46.6,172.3,128.71,119.51
Kwale,2020-05,3.57,5.62,4.89,50.9,176.2,126.91,119.66
Lamu,2020-05,3.07,4.98,6.74,49.5,178.3,137.15,121.56
Taita Taveta,2020-05,2.77,6.13,7.24,47.9,177.9,128.34,118.56
Garissa,2020-05,3.33,4.42,5.67,51.8,168.6,125.07,120.67
Wajir,2020-05,3.86,4.59,5.26,51.5,188.1,125.75,120.15
Mandera,2020-05,3.93,5.45,4.65,53.2,175.2,131.54,119.19
Marsabit,2020-05,3.79,5.35,4.36,54.4,174.2,130.78,119.13
Isiolo,2020-05,3.71,5.29,5.74,46.2,178.2,125.48,121.32
Kitui,2020-05,3.53,4.61,7.2,50.5,187.0,125.92,120.89
Makueni,2020-05,3.95,4.66,6.05,55.3,172.9,134.76,119.06
Embu,2020-05,4.43,4.93,7.55,48.8,169.4,140.01,119.61
Tharaka Nithi,2020-05,3.95,5.68,6.08,49.2,182.6,136.94,122.68
Busia,2020-05,3.88,5.47,6.12,46.8,170.9,138.2,121.35
Siaya,2020-05,3.77,4.7,4.19,53.2,167.6,129.18,121.13
Homa Bay,2020-05,4.26,4.86,7.09,48.6,182.4,129.24,121.53
Migori,2020-05,4.04,5.79,6.51,54.1,181.2,133.05,120.07
Vihiga,2020-05,3.13,4.67,5.52,49.0,187.8,123.56,121.44
Baringo,2020-05,3.89,5.24,6.71,51.1,179.5,127.26,123.69
Elgeyo Marakwet,2020-05,3.2,5.47,5.09,46.2,181.0,128.48,122.88
Samburu,2020-05,4.4,6.24,7.11,49.0,167.8,134.85,118.62
Trans Nzoia,2020-05,3.39,5.82,7.46,54.2,173.6,131.42,123.22
Turkana,2020-05,4.38,4.69,4.45,52.1,187.0,137.76,122.84
West Pokot,2020-05,3.07,5.13,6.43,56.1,170.4,132.31,123.22
Narok,2020-05,4.46,5.81,6.64,52.7,175.0,131.43,120.2
Kajiado,2020-05,3.83,5.3,6.58,55.2,178.2,130.56,119.85
Tana River,2020-05,3.9,5.28,6.66,54.0,186.1,125.15,120.63
Nairobi,2020-06,3.47,5.77,6.39,51.7,169.3,124.14,121.73
Mombasa,2020-06,3.36,5.95,6.73,52.6,166.6,137.64,121.92
Kisumu,2020-06,3.94,4.99,4.58,48.2,172.4,129.91,123.58
Nakuru,2020-06,2.5,4.78,6.82,47.9,172.1,130.72,120.59
Kiambu,2020-06,3.56,5.49,5.42,51.1,178.3,125.75,122.86
Uasin Gishu,2020-06,4.22,4.59,4.44,56.1,185.9,133.85,120.92
Meru,2020-06,3.55,4.12,5.99,51.4,168.6,133.82,122.61
Machakos,2020-06,2.83,5.29,7.17,52.7,172.5,134.89,120.8
Kakamega,2020-06,3.94,4.62,7.38,54.4,185.4,136.77,121.34
Bungoma,2020-06,3.6,5.27,6.15,48.1,167.1,127.77,119.16
Kisii,2020-06,3.35,4.42,6.64,50.3,171.9,134.83,122.69
Nyamira,2020-06,3.51,5.53,5.18,55.8,182.0,130.55,118.56
Nyandarua,2020-06,3.28,5.09,7.44,53.5,182.0,126.87,120.92
Nyeri,2020-06,3.1,4.3,7.87,53.1,172.9,130.8,118.88
Kirinyaga,2020-06,3.96,5.37,6.33,52.4,184.3,132.98,121.18
Murang'a,2020-06,3.96,5.19,6.6,51.8,181.9,130.99,119.05
Laikipia,2020-06,4.45,4.58,5.17,47.7,166.8,128.48,120.6
Nandi,2020-06,3.53,4.86,7.12,48.9,174.6,134.09,122.94
Kericho,2020-06,3.82,4.26,5.63,48.5,185.2,135.97,122.13
Bomet,2020-06,3.69,5.84,6.49,47.5,184.4,133.08,123.15
Kilifi,2020-06,4.11,6.09,6.01,46.5,170.8,131.15,121.68
Kwale,2020-06,3.43,6.26,3.63,50.4,174.7,129.3,122.91
Lamu,2020-06,2.62,5.07,6.55,49.5,176.8,133.26,122.62
Taita Taveta,2020-06,3.49,5.11,6.44,48.7,176.3,133.27,121.87
Garissa,2020-06,4.03,5.1,6.06,51.3,167.2,137.64,121.24
Wajir,2020-06,3.57,4.5,4.17,51.6,186.3,134.58,123.59
Mandera,2020-06,3.31,5.5,5.53,53.2,173.7,130.78,118.57
Marsabit,2020-06,3.6,5.1,4.99,54.6,172.7,129.87,123.34
Isiolo,2020-06,2.97,5.39,6.73,46.2,176.6,131.27,120.28
Kitui,2020-06,3.73,4.87,5.83,50.3,185.3,132.51,123.35
Makueni,2020-06,3.1,4.63,7.18,55.4,171.4,132.3,121.92
Embu,2020-06,3.93,4.67,6.3,49.0,168.1,133.01,122.61
Tharaka Nithi,2020-06,3.68,5.32,6.37,49.6,181.0,137.8,119.58
Busia,2020-06,3.53,5.38,6.49,46.9,169.5,137.4,119.94
Siaya,2020-06,3.19,4.5,5.12,53.3,166.2,135.42,121.25
Homa Bay,2020-06,4.32,5.01,5.53,48.5,180.7,126.35,122.98
Migori,2020-06,4.08,5.25,6.08,54.6,179.6,129.52,118.48
Vihiga,2020-06,3.43,5.05,5.54,48.7,186.1,127.07,123.66
Baringo,2020-06,3.74,5.59,5.87,50.9,178.0,131.69,121.64
Elgeyo Marakwet,2020-06,3.37,5.59,5.82,46.1,179.4,125.72,121.5
Samburu,2020-06,4.03,5.99,6.87,49.2,166.5,132.8,119.22
Trans Nzoia,2020-06,2.59,6.25,7.35,53.8,172.2,133.72,121.66
Turkana,2020-06,3.05,4.47,5.43,52.3,185.3,134.71,120.87
West Pokot,2020-06,3.77,4.53,6.3,56.6,169.0,130.61,122.67
Narok,2020-06,3.75,5.02,6.02,53.3,173.5,129.23,122.69
Kajiado,2020-06,3.84,5.59,6.12,55.0,176.6,134.71,120.22
Tana River,2020-06,3.81,6.0,6.67,53.5,184.4,125.84,118.55
Nairobi,2020-07,3.4,5.41,6.8,52.0,166.8,129.73,121.85
Mombasa,2020-07,2.82,6.46,7.63,52.3,164.0,136.9,122.13
Kisumu,2020-07,3.92,4.61,4.96,48.5,169.7,130.03,119.9
Nakuru,2020-07,3.64,4.63,4.94,48.0,169.5,133.04,121.54
Kiambu,2020-07,4.04,5.78,4.67,50.9,175.5,121.82,120.52
Uasin Gishu,2020-07,3.41,5.02,5.13,55.8,182.9,139.53,119.61
Meru,2020-07,3.74,4.82,5.37,50.9,166.1,136.96,121.74
Machakos,2020-07,3.24,5.48,6.16,52.6,169.9,129.68,122.85
Kakamega,2020-07,3.92,4.28,7.94,54.7,182.4,137.68,122.58
Bungoma,2020-07,3.04,6.7,4.57,46.9,164.5,134.37,120.11
Kisii,2020-07,3.19,5.12,7.18,49.8,169.3,129.65,123.24
Nyamira,2020-07,3.61,5.28,5.96,56.0,179.1,125.66,120.66
Nyandarua,2020-07,3.25,5.34,6.55,53.4,179.1,129.5,121.32
Nyeri,2020-07,3.74,4.47,6.85,53.0,170.2,132.11,122.79
Kirinyaga,2020-07,3.67,4.43,6.73,53.2,181.4,130.13,119.68
Murang'a,2020-07,3.14,5.15,6.92,51.8,179.1,135.42,118.75
Laikipia,2020-07,3.24,4.47,4.83,47.8,164.3,135.77,121.24
Nandi,2020-07,3.13,5.71,5.67,48.3,171.8,139.31,120.78
Kericho,2020-07,3.25,4.29,6.36,48.5,182.2,132.43,121.62
Bomet,2020-07,3.89,5.12,6.16,48.1,181.5,132.99,120.27
Kilifi,2020-07,3.53,5.67,5.97,46.9,168.2,131.28,123.22
Kwale,2020-07,3.47,5.25,5.99,51.2,172.0,128.29,119.63
Lamu,2020-07,2.47,5.34,6.72,49.3,174.0,134.31,121.36
Taita Taveta,2020-07,3.82,5.86,8.1,48.2,173.6,131.45,123.19
Garissa,2020-07,3.66,4.42,5.93,51.8,164.7,131.82,122.37
Wajir,2020-07,3.73,4.82,5.92,51.4,183.3,136.67,122.88
Mandera,2020-07,4.47,5.34,5.83,53.3,171.0,138.38,120.26
Marsabit,2020-07,3.49,5.93,4.7,53.9,170.0,125.88,123.89
Isiolo,2020-07,3.57,5.49,6.34,46.1,173.9,128.99,122.02
Kitui,2020-07,4.33,4.75,7.47,50.4,182.4,126.72,121.57
Makueni,2020-07,3.24,4.12,6.78,55.8,168.8,135.89,122.39
Embu,2020-07,4.73,5.45,6.64,48.4,165.5,137.21,124.12
Tharaka Nithi,2020-07,4.91,5.6,5.19,49.4,178.2,135.36,122.02
Busia,2020-07,4.12,5.9,6.52,46.5,166.9,137.05,120.65
Siaya,2020-07,3.82,5.13,5.72,52.9,163.7,131.25,123.14
Homa Bay,2020-07,3.45,5.28,5.94,48.4,177.9,130.04,120.97
Migori,2020-07,3.86,5.38,5.91,54.5,176.8,139.55,120.92
Vihiga,2020-07,3.2,5.14,4.97,48.7,183.1,135.68,122.56
Baringo,2020-07,4.56,5.11,6.65,51.3,175.2,133.08,122.0
Elgeyo Marakwet,2020-07,2.66,5.57,4.86,46.1,176.5,130.89,118.41
Samburu,2020-07,3.25,6.23,6.56,49.1,163.9,134.36,123.51
Trans Nzoia,2020-07,3.61,6.27,6.85,53.9,169.5,139.93,120.69
Turkana,2020-07,4.6,4.86,4.52,52.0,182.4,136.45,122.07
West Pokot,2020-07,3.2,4.16,6.23,56.9,166.4,134.27,117.89
Narok,2020-07,4.35,5.36,5.74,53.1,170.8,133.8,121.56
Kajiado,2020-07,4.35,5.85,6.74,54.8,173.9,132.6,122.32
Tana River,2020-07,3.68,5.07,6.72,54.2,181.4,130.99,121.65
Nairobi,2020-08,3.86,5.85,6.48,51.7,164.1,128.5,122.65
Mombasa,2020-08,3.25,6.12,5.92,52.5,161.4,137.07,123.19
Kisumu,2020-08,3.98,4.35,6.02,48.7,167.0,128.89,123.18
Nakuru,2020-08,2.98,5.6,5.46,47.3,166.7,135.86,121.88
Kiambu,2020-08,3.36,5.71,5.72,50.9,172.6,126.49,120.78
Uasin Gishu,2020-08,3.92,3.97,4.85,56.7,179.9,145.95,120.55
Meru,2020-08,3.81,4.3,6.63,51.3,163.4,135.65,123.69
Machakos,2020-08,3.01,6.63,5.23,51.7,167.1,134.64,122.37
Kakamega,2020-08,3.15,4.56,7.03,54.5,179.4,136.39,125.66
Bungoma,2020-08,3.31,6.32,5.61,47.3,161.9,131.95,120.7
Kisii,2020-08,3.13,4.6,5.77,50.3,166.5,131.16,119.78
Nyamira,2020-08,3.73,5.91,5.55,55.5,176.1,132.49,122.25
Nyandarua,2020-08,3.64,5.44,6.48,53.3,176.1,131.72,120.02
Nyeri,2020-08,4.65,4.57,6.81,52.9,167.5,133.15,123.37
Kirinyaga,2020-08,3.38,4.95,5.72,52.8,178.3,131.79,122.78
Murang'a,2020-08,3.35,6.01,6.47,51.2,176.1,129.52,123.59
Laikipia,2020-08,4.15,5.42,4.98,47.1,161.7,138.24,127.14
Nandi,2020-08,3.41,4.67,6.53,49.1,169.0,138.17,119.59
Kericho,2020-08,3.35,4.65,6.36,48.3,179.2,140.75,123.3
Bomet,2020-08,2.82,6.14,6.97,47.3,178.4,134.9,119.4
Kilifi,2020-08,3.55,5.34,4.64,47.2,165.5,133.0,120.8
Kwale,2020-08,4.92,5.69,5.67,50.9,169.2,126.25,121.2
Lamu,2020-08,3.21,4.55,6.68,50.0,171.2,135.12,121.65
Taita Taveta,2020-08,4.16,6.08,7.17,48.0,170.7,133.37,122.92
Garissa,2020-08,3.3,4.31,6.31,51.9,162.0,135.0,123.69
Wajir,2020-08,3.86,5.07,5.2,51.2,180.3,131.26,121.29
Mandera,2020-08,3.65,6.13,5.53,52.7,168.2,135.47,119.83
Marsabit,2020-08,3.56,5.14,4.77,54.6,167.3,130.67,121.36
Isiolo,2020-08,3.12,5.37,5.89,46.2,171.0,129.81,122.12
Kitui,2020-08,4.17,4.76,6.06,50.4,179.3,131.31,124.56
Makueni,2020-08,3.76,4.78,7.22,55.3,166.1,139.66,123.61
Embu,2020-08,4.09,5.69,5.53,48.2,162.9,133.21,122.24
Tharaka Nithi,2020-08,3.98,5.17,6.1,49.7,175.2,132.12,121.2
Busia,2020-08,3.74,4.97,7.04,47.2,164.2,133.65,121.12
Siaya,2020-08,4.02,4.65,4.66,53.3,161.1,132.4,122.43
Homa Bay,2020-08,4.53,5.64,6.24,48.1,174.9,128.54,120.88
Migori,2020-08,3.05,6.12,6.32,54.0,173.9,136.12,124.27
Vihiga,2020-08,2.2,5.48,5.57,48.4,180.0,133.98,120.76
Baringo,2020-08,3.64,5.58,7.79,50.9,172.3,136.68,123.9
Elgeyo Marakwet,2020-08,3.17,5.29,5.18,46.4,173.6,129.05,118.92
Samburu,2020-08,3.7,5.68,6.75,49.5,161.3,138.42,122.54
Trans Nzoia,2020-08,3.47,5.69,5.95,54.3,166.8,130.87,120.54
Turkana,2020-08,4.09,5.25,5.82,51.7,179.3,137.97,121.8
West Pokot,2020-08,3.41,4.23,5.48,56.9,163.8,136.9,121.74
Narok,2020-08,3.43,5.23,5.97,53.2,168.1,131.8,123.6
Kajiado,2020-08,3.72,4.77,6.65,55.7,171.0,133.29,121.66
Tana River,2020-08,3.6,5.5,6.45,53.9,178.4,132.05,122.62
Nairobi,2020-09,3.26,5.71,7.16,51.8,162.5,132.68,123.64
Mombasa,2020-09,3.6,5.98,6.67,52.7,159.9,134.4,122.71
Kisumu,2020-09,3.81,5.39,5.84,47.9,165.3,132.8,122.96
Nakuru,2020-09,3.55,5.03,5.72,47.8,165.1,134.18,122.06
Kiambu,2020-09,3.62,5.35,5.11,51.3,170.8,133.43,120.82
Uasin Gishu,2020-09,3.27,4.63,4.75,56.2,178.0,134.87,122.56
Meru,2020-09,2.76,4.13,7.4,51.5,161.8,135.77,121.28
Machakos,2020-09,3.25,6.06,6.02,52.2,165.5,134.26,123.86
Kakamega,2020-09,2.78,4.25,7.03,54.7,177.5,139.38,121.03
Bungoma,2020-09,3.75,5.6,5.05,47.9,160.4,135.77,123.76
Kisii,2020-09,3.04,4.39,6.46,50.4,164.9,134.79,121.41
Nyamira,2020-09,3.61,5.8,5.36,55.6,174.3,127.63,124.15
Nyandarua,2020-09,1.93,6.02,6.89,52.9,174.3,128.88,124.31
Nyeri,2020-09,3.39,4.59,6.9,52.9,165.8,139.64,124.42
Kirinyaga,2020-09,3.64,4.53,6.54,53.1,176.5,131.72,123.63
Murang'a,2020-09,3.23,5.07,6.57,51.9,174.2,131.83,122.63
Laikipia,2020-09,3.23,5.07,5.43,47.4,160.1,135.64,121.81
Nandi,2020-09,3.45,5.47,6.27,48.5,167.3,137.78,124.38
Kericho,2020-09,3.51,4.53,5.91,48.4,177.3,138.88,123.53
Bomet,2020-09,2.88,5.15,7.12,48.1,176.6,130.32,123.0
Kilifi,2020-09,3.72,5.41,5.82,47.2,163.9,134.31,125.57
Kwale,2020-09,3.62,6.33,5.2,50.4,167.5,129.68,123.6
Lamu,2020-09,3.4,4.93,7.03,49.7,169.4,134.68,121.16
Taita Taveta,2020-09,3.72,5.84,6.89,48.2,169.0,133.29,122.8
Garissa,2020-09,2.77,4.95,6.29,51.5,160.5,131.62,123.05
Wajir,2020-09,4.06,5.07,5.57,51.2,178.4,134.01,124.43
Mandera,2020-09,4.08,5.53,4.92,53.2,166.5,140.77,122.04
Marsabit,2020-09,3.5,4.54,5.36,55.1,165.6,131.75,120.13
Isiolo,2020-09,3.27,5.12,7.71,46.5,169.3,130.0,121.75
Kitui,2020-09,3.35,5.17,6.2,50.1,177.4,128.64,123.46
Makueni,2020-09,2.84,4.81,7.75,55.3,164.4,137.74,123.36
Embu,2020-09,4.22,5.95,6.67,48.0,161.3,139.73,123.76
Tharaka Nithi,2020-09,3.6,5.7,5.18,49.3,173.4,137.31,117.78
Busia,2020-09,4.1,5.37,6.85,46.9,162.6,139.6,124.09
Siaya,2020-09,3.23,4.81,6.26,53.2,159.6,133.34,123.59
Homa Bay,2020-09,3.67,5.28,6.69,48.4,173.1,127.29,121.77
Migori,2020-09,2.67,5.29,6.63,54.6,172.1,136.64,122.48
Vihiga,2020-09,3.21,4.21,5.35,49.5,178.1,131.33,121.41
Baringo,2020-09,4.18,5.04,6.3,51.4,170.5,128.1,121.96
Elgeyo Marakwet,2020-09,2.81,5.57,5.09,46.2,171.8,131.52,122.18
Samburu,2020-09,4.66,6.1,5.92,49.2,159.8,134.93,122.48
Trans Nzoia,2020-09,3.11,4.74,7.61,55.1,165.1,135.45,123.18
Turkana,2020-09,3.66,5.06,4.99,51.9,177.4,137.01,121.02
West Pokot,2020-09,4.23,3.91,6.85,57.2,162.2,134.74,121.67
Narok,2020-09,4.0,5.86,7.09,52.7,166.4,133.32,121.06
Kajiado,2020-09,3.88,6.4,7.42,54.4,169.3,137.18,123.59
Tana River,2020-09,4.13,5.88,6.18,53.6,176.5,128.75,122.5
Nairobi,2020-10,3.1,5.48,6.11,52.0,162.8,139.16,123.0
Mombasa,2020-10,3.26,5.28,5.29,53.3,160.2,137.38,124.96
Kisumu,2020-10,4.02,4.96,5.74,48.3,165.6,133.61,124.88
Nakuru,2020-10,3.23,5.41,6.45,47.5,165.4,128.44,121.68
Kiambu,2020-10,2.8,6.1,5.39,50.7,171.1,123.92,123.36
Uasin Gishu,2020-10,3.45,4.06,5.98,56.7,178.2,138.55,122.36
Meru,2020-10,3.2,3.93,5.72,51.7,162.2,138.95,122.09
Machakos,2020-10,3.1,5.02,4.87,53.0,165.8,137.17,123.37
Kakamega,2020-10,4.3,5.21,6.83,54.0,177.7,140.51,122.33
Bungoma,2020-10,4.47,6.32,5.27,47.3,160.7,133.99,124.97
Kisii,2020-10,3.67,5.44,5.57,49.6,165.2,136.95,122.03
Nyamira,2020-10,3.9,6.28,5.17,55.3,174.5,136.73,125.47
Nyandarua,2020-10,3.09,6.67,6.41,52.4,174.5,130.24,124.1
Nyeri,2020-10,3.27,4.6,7.44,53.0,166.1,130.83,120.26
Kirinyaga,2020-10,3.51,4.62,6.9,53.1,176.7,136.95,125.01
Murang'a,2020-10,3.54,5.96,6.2,51.3,174.5,137.49,125.75
Laikipia,2020-10,3.3,5.79,4.78,46.9,160.4,133.95,123.24
Nandi,2020-10,3.65,5.56,6.34,48.5,167.6,139.0,121.77
Kericho,2020-10,2.69,4.13,5.21,48.7,177.5,139.79,124.53
Bomet,2020-10,3.1,5.92,6.03,47.5,176.8,137.42,121.87
Kilifi,2020-10,3.44,6.13,5.35,46.6,164.2,133.46,119.47
Kwale,2020-10,4.25,6.09,5.02,50.6,167.8,127.78,124.61
Lamu,2020-10,2.91,4.74,8.05,49.9,169.7,135.06,123.91
Taita Taveta,2020-10,3.64,6.09,7.07,48.1,169.3,134.28,123.21
Garissa,2020-10,3.32,5.04,5.57,51.4,160.8,135.99,124.03
Wajir,2020-10,4.24,5.21,5.25,51.1,178.6,126.95,122.69
Mandera,2020-10,3.33,5.31,4.86,53.4,166.8,135.03,121.91
Marsabit,2020-10,2.74,5.52,6.3,54.4,165.9,133.82,122.5
Isiolo,2020-10,3.07,5.16,6.41,46.5,169.6,132.29,121.54
Kitui,2020-10,4.37,4.07,6.75,51.0,177.6,131.21,125.65
Makueni,2020-10,3.53,4.42,6.73,55.7,164.7,136.86,121.09
Embu,2020-10,3.56,4.56,5.61,49.2,161.6,139.39,123.25
Tharaka Nithi,2020-10,3.16,5.34,5.97,49.6,173.6,138.62,121.85
Busia,2020-10,3.78,5.41,5.97,46.9,162.9,139.65,126.26
Siaya,2020-10,3.36,4.27,5.19,53.6,159.9,129.69,124.45
Homa Bay,2020-10,2.65,5.28,6.72,48.4,173.4,131.63,121.57
Migori,2020-10,3.56,5.94,6.41,54.2,172.3,133.42,123.48
Vihiga,2020-10,2.99,5.27,6.28,48.6,178.3,126.25,122.97
Baringo,2020-10,3.25,6.37,6.36,50.3,170.8,137.3,122.75
Elgeyo Marakwet,2020-10,2.93,5.17,6.36,46.5,172.1,134.78,125.72
Samburu,2020-10,4.02,6.02,6.7,49.3,160.1,138.56,121.24
Trans Nzoia,2020-10,3.52,5.61,7.16,54.5,165.4,134.5,123.23
Turkana,2020-10,4.58,4.87,5.73,52.1,177.6,143.25,124.76
West Pokot,2020-10,4.09,4.41,6.35,56.8,162.5,131.37,123.55
Narok,2020-10,4.04,5.58,6.92,53.0,166.7,129.45,125.25
Kajiado,2020-10,4.22,5.65,6.67,55.0,169.6,136.6,125.08
Tana River,2020-10,3.89,5.48,6.42,54.0,176.8,138.87,122.25
Nairobi,2020-11,3.42,6.49,6.55,51.2,165.4,135.81,121.83
Mombasa,2020-11,3.03,6.36,5.87,52.4,162.8,140.09,123.59
Kisumu,2020-11,3.49,4.56,5.43,48.6,168.3,136.23,125.12
Nakuru,2020-11,4.1,4.51,6.29,48.2,168.0,136.53,125.47
Kiambu,2020-11,3.8,5.76,5.74,51.0,173.8,133.33,121.81
Uasin Gishu,2020-11,3.74,5.24,5.03,55.7,180.9,139.31,122.84
Meru,2020-11,2.43,4.55,6.53,51.2,164.8,134.25,121.47
Machakos,2020-11,2.74,6.14,6.51,52.2,168.4,140.19,121.18
Kakamega,2020-11,3.94,4.41,6.66,54.7,180.4,138.4,124.26
Bungoma,2020-11,4.04,5.82,5.14,47.7,163.3,135.49,124.05
Kisii,2020-11,3.92,4.3,6.68,50.6,167.8,133.06,123.12
Nyamira,2020-11,3.11,5.65,4.76,55.8,177.2,128.37,120.06
Nyandarua,2020-11,3.01,5.52,6.08,53.3,177.2,135.55,121.91
Nyeri,2020-11,3.98,5.22,5.76,52.5,168.8,131.75,122.6
Kirinyaga,2020-11,2.2,4.33,6.85,53.3,179.4,141.62,124.55
Murang'a,2020-11,3.3,5.52,7.37,51.6,177.2,142.22,122.32
Laikipia,2020-11,2.78,4.23,5.72,48.1,163.0,137.06,123.47
Nandi,2020-11,2.65,4.9,6.68,49.0,170.3,139.02,122.6
Kericho,2020-11,2.87,4.19,6.19,48.7,180.2,139.66,124.12
Bomet,2020-11,3.33,4.6,6.35,48.6,179.5,133.63,123.72
Kilifi,2020-11,5.18,6.1,7.01,46.7,166.8,136.82,122.26
Kwale,2020-11,4.01,6.47,5.94,50.4,170.4,131.34,123.58
Lamu,2020-11,2.6,5.25,7.67,49.5,172.4,137.99,122.2
Taita Taveta,2020-11,3.56,6.11,6.97,48.1,172.0,134.38,122.94
Garissa,2020-11,3.74,4.74,5.74,51.7,163.4,130.59,122.82
Wajir,2020-11,4.26,4.83,4.98,51.5,181.3,134.05,122.7
Mandera,2020-11,4.08,5.74,5.33,53.1,169.5,137.86,125.17
Marsabit,2020-11,3.46,5.4,5.15,54.5,168.6,133.99,122.22
Isiolo,2020-11,3.14,5.77,5.89,46.0,172.2,129.12,121.26
Kitui,2020-11,3.23,4.9,5.69,50.4,180.4,131.32,124.13
Makueni,2020-11,3.56,4.41,6.95,55.7,167.4,137.76,122.86
Embu,2020-11,3.79,6.17,6.47,47.9,164.2,147.25,122.45
Tharaka Nithi,2020-11,3.92,4.86,5.28,50.0,176.3,145.52,122.42
Busia,2020-11,4.71,5.13,5.77,47.2,165.5,138.8,123.1
Siaya,2020-11,4.03,4.58,5.0,53.4,162.5,132.05,122.72
Homa Bay,2020-11,3.24,5.14,6.83,48.6,176.1,127.73,125.63
Migori,2020-11,3.24,5.27,6.68,54.7,175.0,140.98,124.88
Vihiga,2020-11,3.35,5.41,4.68,48.5,181.1,133.21,121.83
Baringo,2020-11,4.44,5.24,7.02,51.3,173.5,137.37,121.91
Elgeyo Marakwet,2020-11,3.02,6.06,5.18,45.8,174.8,132.99,122.03
Samburu,2020-11,3.87,5.89,6.45,49.4,162.7,137.24,123.63
Trans Nzoia,2020-11,3.15,5.61,6.47,54.5,168.1,134.46,124.62
Turkana,2020-11,4.51,4.6,6.42,52.3,180.4,134.79,124.83
West Pokot,2020-11,3.34,4.19,5.87,57.0,165.1,135.87,124.07
Narok,2020-11,4.2,5.19,5.91,53.3,169.3,131.03,123.03
Kajiado,2020-11,3.78,5.3,6.88,55.3,172.2,142.64,122.44
Tana River,2020-11,3.68,5.65,6.13,53.9,179.5,136.23,122.12
Nairobi,2020-12,4.16,6.05,6.16,51.6,170.1,131.33,122.83
Mombasa,2020-12,3.66,5.26,5.88,53.3,167.5,139.55,123.58
Kisumu,2020-12,3.78,4.13,5.17,49.0,173.0,136.49,122.66
Nakuru,2020-12,3.76,5.22,6.19,47.7,172.8,135.9,120.36
Kiambu,2020-12,3.35,6.04,5.2,50.8,178.6,129.79,127.02
Uasin Gishu,2020-12,4.39,4.85,5.71,56.1,185.9,132.95,122.42
Meru,2020-12,3.17,4.45,6.13,51.3,169.4,128.84,124.18
Machakos,2020-12,3.31,6.48,5.13,51.9,173.1,134.13,119.58
Kakamega,2020-12,3.49,5.04,6.64,54.2,185.4,146.92,123.22
Bungoma,2020-12,3.71,5.32,5.33,48.2,167.9,128.86,124.64
Kisii,2020-12,3.74,5.36,6.16,49.7,172.5,137.45,124.45
Nyamira,2020-12,3.38,5.32,3.96,56.1,182.1,134.57,123.37
Nyandarua,2020-12,2.84,6.0,6.4,53.0,182.1,128.32,120.7
Nyeri,2020-12,2.96,5.53,7.1,52.3,173.5,132.74,123.33
Kirinyaga,2020-12,3.27,5.37,6.22,52.5,184.4,137.99,123.08
Murang'a,2020-12,3.95,5.82,7.15,51.4,182.1,134.72,125.19
Laikipia,2020-12,3.46,5.11,5.88,47.5,167.7,134.78,123.9
Nandi,2020-12,3.55,5.41,6.6,48.6,175.1,145.35,121.66
Kericho,2020-12,3.87,5.0,6.54,48.1,185.2,134.86,122.3
Bomet,2020-12,4.29,5.03,5.81,48.3,184.5,135.47,123.89
Kilifi,2020-12,4.5,5.75,5.34,47.0,171.5,136.75,124.3
Kwale,2020-12,4.05,5.69,4.04,51.0,175.2,131.01,125.73
Lamu,2020-12,3.25,4.8,7.45,49.9,177.2,135.18,123.26
Taita Taveta,2020-12,3.48,5.76,6.98,48.4,176.8,133.99,121.5
Garissa,2020-12,3.41,3.91,6.31,52.4,168.1,138.45,123.18
Wajir,2020-12,3.5,4.72,4.88,51.6,186.3,135.74,123.38
Mandera,2020-12,4.41,6.07,5.41,52.9,174.2,140.01,123.01
Marsabit,2020-12,3.7,5.1,5.57,54.7,173.3,137.7,124.8
Isiolo,2020-12,3.47,5.7,6.64,46.1,177.0,130.39,126.15
Kitui,2020-12,4.42,4.57,6.2,50.7,185.3,134.75,124.43
Makueni,2020-12,3.32,4.07,7.01,56.0,172.1,139.79,124.69
Embu,2020-12,4.01,5.17,6.56,48.7,168.9,140.71,122.9
Tharaka Nithi,2020-12,3.89,4.7,5.59,50.2,181.2,142.58,124.11
Busia,2020-12,4.55,5.53,6.54,46.9,170.2,142.9,127.11
Siaya,2020-12,3.72,3.98,5.63,53.9,167.2,138.75,123.12
Homa Bay,2020-12,3.94,5.98,6.82,47.9,180.9,134.29,122.55
Migori,2020-12,3.35,5.76,6.76,54.3,179.9,138.22,123.03
Vihiga,2020-12,3.37,5.32,5.73,48.6,186.0,132.96,123.33
Baringo,2020-12,4.33,4.84,5.55,51.6,178.3,140.99,124.37
Elgeyo Marakwet,2020-12,3.5,5.11,5.94,46.6,179.6,134.14,121.22
Samburu,2020-12,4.57,5.98,6.64,49.4,167.4,139.69,120.58
Trans Nzoia,2020-12,3.72,6.04,6.84,54.2,172.8,139.23,121.52
Turkana,2020-12,3.67,4.55,5.21,52.4,185.3,138.7,124.25
West Pokot,2020-12,3.49,4.19,7.08,57.0,169.8,143.96,123.81
Narok,2020-12,3.63,6.16,5.68,52.6,174.1,133.47,122.56
Kajiado,2020-12,3.4,5.57,6.31,55.1,177.0,136.59,123.64
Tana River,2020-12,3.61,5.28,6.3,54.2,184.4,137.35,123.38
Nairobi,2021-01,3.76,6.14,6.76,51.6,176.0,137.96,122.32
Mombasa,2021-01,2.93,6.48,6.08,52.4,173.3,133.49,123.7
Kisumu,2021-01,3.95,3.68,6.04,49.4,179.0,135.35,124.49
Nakuru,2021-01,3.4,4.34,5.7,48.4,178.7,133.1,125.63
Kiambu,2021-01,3.46,5.44,4.94,51.3,184.7,136.29,126.2
Uasin Gishu,2021-01,4.14,4.86,5.28,56.1,192.2,136.68,123.63
Meru,2021-01,3.09,3.81,6.9,51.8,175.3,135.1,125.79
Machakos,2021-01,3.45,6.07,5.83,52.3,179.1,135.59,126.79
Kakamega,2021-01,3.62,4.81,6.62,54.4,191.7,138.39,124.72
Bungoma,2021-01,3.74,5.55,4.47,48.0,173.8,131.68,125.79
Kisii,2021-01,3.2,4.69,7.39,50.3,178.5,134.3,122.91
Nyamira,2021-01,2.89,6.32,6.15,55.3,188.3,136.48,125.18
Nyandarua,2021-01,2.83,6.47,6.56,52.6,188.3,135.54,123.84
Nyeri,2021-01,3.31,5.24,7.0,52.5,179.5,137.23,124.38
Kirinyaga,2021-01,3.03,4.68,6.52,53.1,190.6,135.08,122.34
Murang'a,2021-01,3.66,5.31,6.6,51.9,188.3,138.07,123.12
Laikipia,2021-01,4.16,4.63,5.19,47.9,173.5,139.34,123.92
Nandi,2021-01,2.85,5.55,7.19,48.5,181.1,137.77,125.06
Kericho,2021-01,3.44,4.0,5.16,48.9,191.5,143.74,124.46
Bomet,2021-01,3.47,5.44,6.36,48.0,190.7,136.3,122.73
Kilifi,2021-01,3.17,6.28,6.13,46.6,177.4,132.69,124.2
Kwale,2021-01,3.52,5.66,4.85,51.1,181.2,133.18,127.0
Lamu,2021-01,3.0,4.61,6.51,50.0,183.3,142.4,121.52
Taita Taveta,2021-01,3.12,6.52,7.05,47.8,182.8,135.82,127.2
Garissa,2021-01,3.44,4.16,6.09,52.2,173.9,131.62,125.88
Wajir,2021-01,4.2,5.22,5.9,51.2,192.6,133.42,122.58
Mandera,2021-01,3.71,5.26,5.57,53.6,180.2,141.96,123.75
Marsabit,2021-01,3.75,5.21,5.59,54.7,179.3,132.1,120.71
Isiolo,2021-01,3.29,5.73,6.59,46.1,183.1,132.58,122.3
Kitui,2021-01,3.9,4.72,6.33,50.6,191.6,139.08,122.58
Makueni,2021-01,4.11,4.58,5.94,55.6,178.0,138.3,125.44
Embu,2021-01,3.73,4.69,5.99,49.2,174.7,138.64,124.74
Tharaka Nithi,2021-01,4.27,4.98,5.33,50.0,187.4,143.48,122.71
Busia,2021-01,3.51,5.17,6.47,47.2,176.1,142.15,122.97
Siaya,2021-01,3.67,5.01,4.72,53.1,173.0,127.99,124.68
Homa Bay,2021-01,3.56,5.21,6.64,48.6,187.1,137.13,120.69
Migori,2021-01,3.12,6.51,6.6,53.8,186.0,139.95,125.76
Vihiga,2021-01,3.16,5.3,5.9,48.7,192.3,137.79,123.52
Baringo,2021-01,4.02,5.16,6.6,51.4,184.4,133.66,122.81
Elgeyo Marakwet,2021-01,3.14,5.17,5.32,46.6,185.8,133.52,124.6
Samburu,2021-01,4.38,5.73,7.51,49.6,173.2,144.34,124.76
Trans Nzoia,2021-01,3.55,6.06,7.53,54.2,178.8,139.76,126.0
Turkana,2021-01,3.93,5.12,6.02,52.0,191.6,137.33,123.52
West Pokot,2021-01,3.64,4.9,6.7,56.5,175.7,136.73,121.74
Narok,2021-01,4.04,5.21,5.66,53.3,180.1,131.38,124.49
Kajiado,2021-01,4.41,5.7,6.85,55.1,183.1,140.8,121.68
Tana River,2021-01,4.07,5.42,6.69,54.1,190.7,134.17,122.77
Nairobi,2021-02,3.49,6.57,6.9,51.2,182.0,132.98,122.39
Mombasa,2021-02,2.45,6.3,5.73,52.6,179.2,141.66,126.38
Kisumu,2021-02,3.25,5.33,5.24,48.1,185.0,134.74,124.03
Nakuru,2021-02,3.2,5.03,5.91,47.9,184.8,130.87,124.07
Kiambu,2021-02,2.97,5.73,4.81,51.1,190.9,131.94,124.67
Uasin Gishu,2021-02,3.58,4.76,5.48,56.2,198.6,137.55,124.3
Meru,2021-02,2.03,4.65,6.23,51.2,181.3,134.94,124.87
Machakos,2021-02,3.56,5.66,5.05,52.6,185.2,138.64,122.4
Kakamega,2021-02,3.34,5.18,6.98,54.1,198.0,136.25,121.7
Bungoma,2021-02,3.72,6.21,4.38,47.5,179.7,137.54,126.4
Kisii,2021-02,4.2,4.96,6.92,50.1,184.5,131.97,127.55
Nyamira,2021-02,2.97,5.3,5.03,56.1,194.6,139.46,127.71
Nyandarua,2021-02,3.12,6.1,6.44,52.9,194.6,130.57,126.62
Nyeri,2021-02,3.17,5.19,7.38,52.6,185.6,135.42,127.14
Kirinyaga,2021-02,4.26,4.84,6.06,53.0,197.0,132.07,127.77
Murang'a,2021-02,3.0,5.99,6.16,51.3,194.6,142.49,123.35
Laikipia,2021-02,3.11,4.99,4.79,47.6,179.4,141.09,124.32
Nandi,2021-02,3.63,5.09,6.49,48.9,187.2,138.74,127.47
Kericho,2021-02,3.38,3.72,5.33,49.1,197.8,141.31,127.17
Bomet,2021-02,4.11,5.42,7.82,48.0,197.1,138.24,126.27
Kilifi,2021-02,3.41,4.87,4.94,47.7,183.5,127.46,127.57
Kwale,2021-02,3.96,5.4,5.25,51.3,187.3,135.73,125.33
Lamu,2021-02,3.66,4.82,6.45,49.9,189.4,142.45,125.6
Taita Taveta,2021-02,3.46,6.82,6.71,47.6,189.0,133.25,125.03
Garissa,2021-02,3.08,4.65,5.81,51.8,179.8,134.53,127.24
Wajir,2021-02,3.81,4.45,5.88,51.8,199.0,132.21,123.36
Mandera,2021-02,3.96,5.99,6.09,53.0,186.3,137.02,125.29
Marsabit,2021-02,3.51,5.01,5.79,54.9,185.4,133.16,124.82
Isiolo,2021-02,3.16,4.91,6.85,46.8,189.3,136.89,121.42
Kitui,2021-02,3.82,4.36,6.94,50.9,198.0,129.98,123.87
Makueni,2021-02,3.55,4.59,7.24,55.6,184.1,134.98,126.88
Embu,2021-02,4.09,5.82,6.5,48.3,180.7,141.88,122.47
Tharaka Nithi,2021-02,3.74,6.04,6.38,49.2,193.7,140.05,120.17
Busia,2021-02,3.86,5.52,6.17,46.9,182.1,143.51,125.71
Siaya,2021-02,4.06,4.58,4.31,53.5,178.9,133.52,127.86
Homa Bay,2021-02,3.76,5.65,6.49,48.2,193.4,136.56,120.83
Migori,2021-02,3.29,5.57,6.95,54.5,192.3,138.77,121.93
Vihiga,2021-02,3.33,4.66,4.93,49.2,198.7,134.37,125.21
Baringo,2021-02,4.46,5.59,6.91,51.1,190.6,139.28,124.55
Elgeyo Marakwet,2021-02,3.53,4.58,5.63,47.1,192.0,131.58,126.14
Samburu,2021-02,3.94,5.93,6.09,49.5,179.1,145.27,125.34
Trans Nzoia,2021-02,3.71,5.61,6.55,54.6,184.8,137.46,123.36
Turkana,2021-02,4.09,4.03,5.1,52.9,198.0,145.29,125.06
West Pokot,2021-02,3.7,5.34,5.07,56.1,181.7,135.68,123.8
Narok,2021-02,4.28,5.93,5.97,52.8,186.2,138.87,123.8
Kajiado,2021-02,4.35,5.27,6.68,55.4,189.3,136.48,125.98
Tana River,2021-02,3.65,5.41,6.67,54.1,197.0,137.96,125.73
Nairobi,2021-03,3.52,5.75,6.3,51.9,186.8,135.28,125.17
Mombasa,2021-03,3.06,5.79,5.45,53.0,184.0,145.34,125.07
Kisumu,2021-03,4.3,4.73,4.5,48.6,189.9,137.81,124.5
Nakuru,2021-03,3.79,4.03,6.25,48.7,189.7,138.84,123.81
Kiambu,2021-03,3.55,5.4,5.04,51.4,195.9,132.88,123.73
Uasin Gishu,2021-03,3.94,4.37,4.69,56.5,203.7,147.03,126.24
Meru,2021-03,2.62,4.24,6.5,51.5,186.1,139.56,122.56
Machakos,2021-03,3.56,6.18,5.77,52.2,190.1,142.91,125.48
Kakamega,2021-03,3.79,5.31,7.5,54.0,203.2,140.06,125.75
Bungoma,2021-03,3.39,6.07,5.42,47.6,184.5,132.74,124.62
Kisii,2021-03,3.56,4.65,6.82,50.4,189.4,141.48,124.75
Nyamira,2021-03,3.29,6.23,5.39,55.4,199.7,136.23,123.36
Nyandarua,2021-03,3.34,5.83,7.06,53.2,199.7,134.52,122.08
Nyeri,2021-03,2.74,4.87,6.45,52.9,190.5,135.59,124.97
Kirinyaga,2021-03,3.31,4.88,6.03,53.0,202.1,138.31,123.92
Murang'a,2021-03,3.03,5.41,6.42,51.8,199.7,141.34,124.61
Laikipia,2021-03,3.99,5.69,5.49,47.1,184.2,141.61,125.29
Nandi,2021-03,3.72,5.24,7.32,48.8,192.1,143.04,124.26
Kericho,2021-03,3.65,4.55,5.53,48.5,203.0,140.29,125.05
Bomet,2021-03,4.09,6.14,6.79,47.5,202.2,140.83,126.71
Kilifi,2021-03,3.81,5.38,6.29,47.3,188.3,136.32,123.76
Kwale,2021-03,3.16,6.0,4.21,50.8,192.3,133.61,125.68
Lamu,2021-03,3.47,4.67,6.83,50.0,194.4,138.05,123.98
Taita Taveta,2021-03,3.53,5.75,6.81,48.5,194.0,132.25,126.5
Garissa,2021-03,3.55,4.77,6.87,51.7,184.7,133.95,124.26
Wajir,2021-03,3.21,6.03,5.22,50.6,204.1,139.18,122.94
Mandera,2021-03,4.13,6.36,5.45,52.7,191.3,136.93,124.59
Marsabit,2021-03,2.81,5.24,5.6,54.7,190.3,135.4,124.37
Isiolo,2021-03,3.31,5.58,5.53,46.2,194.3,136.17,128.45
Kitui,2021-03,3.17,4.64,7.36,50.7,203.1,138.33,124.03
Makueni,2021-03,3.49,4.57,6.48,55.7,189.0,140.02,124.38
Embu,2021-03,3.92,4.98,5.43,49.0,185.5,142.49,127.37
Tharaka Nithi,2021-03,4.0,5.27,6.06,49.8,198.7,142.14,127.6
Busia,2021-03,3.95,5.92,5.91,46.6,187.0,144.13,125.21
Siaya,2021-03,3.65,4.21,4.89,53.8,183.7,136.1,125.74
Homa Bay,2021-03,3.56,5.62,6.29,48.3,198.4,136.31,124.5
Migori,2021-03,3.4,6.67,6.46,53.7,197.3,141.26,125.46
Vihiga,2021-03,3.05,5.5,5.39,48.6,203.9,140.74,124.3
Baringo,2021-03,3.57,5.55,6.05,51.1,195.6,140.17,123.01
Elgeyo Marakwet,2021-03,3.13,4.98,6.98,46.8,197.0,130.45,124.81
Samburu,2021-03,4.46,6.33,7.26,49.2,183.9,141.97,126.83
Trans Nzoia,2021-03,3.86,6.03,7.06,54.2,189.7,136.58,123.44
Turkana,2021-03,4.41,5.43,4.9,51.8,203.1,140.14,124.58
West Pokot,2021-03,3.62,4.57,6.71,56.8,186.5,136.58,123.53
Narok,2021-03,4.43,5.39,5.77,53.3,191.1,135.12,124.3
Kajiado,2021-03,4.49,6.06,7.32,54.8,194.3,141.12,126.22
Tana River,2021-03,3.59,5.35,5.92,54.2,202.2,136.39,125.83
Nairobi,2021-04,3.49,6.44,5.9,51.4,189.7,137.4,123.33
Mombasa,2021-04,3.16,6.08,6.1,52.8,186.8,145.69,123.76
Kisumu,2021-04,3.23,4.96,6.24,48.4,192.8,136.6,127.03
Nakuru,2021-04,3.51,4.33,5.67,48.5,192.5,138.05,124.59
Kiambu,2021-04,3.0,4.97,4.98,51.7,198.8,135.39,125.19
Uasin Gishu,2021-04,3.47,4.75,5.66,56.3,206.7,143.61,125.02
Meru,2021-04,3.74,4.17,6.26,51.6,188.9,138.69,123.34
Machakos,2021-04,2.93,5.02,6.48,53.2,192.9,136.73,127.58
Kakamega,2021-04,3.63,4.92,6.7,54.4,206.1,143.91,126.18
Bungoma,2021-04,3.93,6.18,5.0,47.6,187.3,136.15,122.81
Kisii,2021-04,3.66,5.26,7.47,49.9,192.3,140.68,124.05
Nyamira,2021-04,2.53,6.1,4.26,55.6,202.6,135.31,124.86
Nyandarua,2021-04,3.04,5.72,6.49,53.3,202.6,127.83,125.22
Nyeri,2021-04,2.53,4.87,6.46,52.9,193.3,128.5,123.98
Kirinyaga,2021-04,3.15,5.39,6.57,52.6,205.0,140.1,126.97
Murang'a,2021-04,3.15,5.84,6.87,51.5,202.6,135.42,127.41
Laikipia,2021-04,3.02,5.45,4.3,47.3,187.0,142.51,127.99
Nandi,2021-04,3.29,5.11,7.13,49.0,195.0,140.91,127.93
Kericho,2021-04,3.37,4.39,5.32,48.7,205.9,139.62,124.26
Bomet,2021-04,3.56,5.6,6.29,47.9,205.1,146.03,123.65
Kilifi,2021-04,3.93,6.07,5.96,46.8,191.2,138.44,124.84
Kwale,2021-04,4.06,5.88,4.89,51.0,195.1,131.88,124.5
Lamu,2021-04,2.73,4.67,6.91,50.1,197.3,142.45,127.87
Taita Taveta,2021-04,3.21,6.26,7.09,48.1,196.8,141.24,126.06
Garissa,2021-04,2.95,3.77,6.38,52.6,187.5,135.54,123.73
Wajir,2021-04,3.47,4.84,6.05,51.6,207.1,135.53,126.09
Mandera,2021-04,3.7,5.1,5.85,53.8,194.1,137.38,125.23
Marsabit,2021-04,3.56,5.61,4.66,54.4,193.1,137.38,123.94
Isiolo,2021-04,2.9,3.89,7.41,47.6,197.1,138.26,124.05
Kitui,2021-04,3.26,4.48,6.75,50.8,206.0,130.04,124.99
Makueni,2021-04,4.11,4.12,6.9,56.0,191.8,147.55,126.15
Embu,2021-04,3.93,5.49,5.87,48.6,188.3,147.21,124.6
Tharaka Nithi,2021-04,3.18,5.25,5.2,49.9,201.6,142.47,124.81
Busia,2021-04,4.43,5.92,6.42,46.7,189.8,143.32,123.61
Siaya,2021-04,2.8,4.46,5.61,53.6,186.5,135.62,124.4
Homa Bay,2021-04,3.8,5.47,7.15,48.4,201.3,140.41,126.64
Migori,2021-04,3.69,5.07,6.64,55.0,200.2,141.15,126.11
Vihiga,2021-04,3.35,5.17,6.89,48.9,206.8,138.04,126.6
Baringo,2021-04,3.77,5.72,7.07,51.0,198.5,140.36,127.7
Elgeyo Marakwet,2021-04,2.91,5.36,5.68,46.5,199.9,138.75,125.47
Samburu,2021-04,4.52,5.66,6.27,49.7,186.7,144.55,125.08
Trans Nzoia,2021-04,3.71,5.93,6.77,54.3,192.6,137.97,125.24
Turkana,2021-04,3.79,4.82,5.15,52.3,206.0,143.87,125.49
West Pokot,2021-04,4.54,4.62,5.96,56.8,189.3,147.54,125.82
Narok,2021-04,4.34,5.82,6.71,52.9,193.9,138.88,123.55
Kajiado,2021-04,4.02,5.16,6.65,55.6,197.1,137.18,125.74
Tana River,2021-04,4.0,5.63,6.56,54.0,205.1,135.9,124.81
Nairobi,2021-05,3.81,6.35,5.9,51.5,190.1,132.01,124.51
Mombasa,2021-05,3.54,6.27,5.75,52.7,187.2,145.66,128.35
Kisumu,2021-05,4.06,5.31,5.87,48.2,193.1,137.56,125.32
Nakuru,2021-05,3.51,4.91,6.69,48.1,192.9,139.93,121.2
Kiambu,2021-05,3.0,4.78,5.5,51.9,199.2,136.23,126.02
Uasin Gishu,2021-05,3.29,4.94,5.5,56.1,206.9,139.36,123.4
Meru,2021-05,3.37,5.27,7.23,50.8,189.3,141.68,124.51
Machakos,2021-05,3.45,5.67,5.14,52.7,193.3,133.81,125.75
Kakamega,2021-05,3.36,4.73,5.8,54.6,206.4,144.5,121.95
Bungoma,2021-05,4.1,6.08,5.05,47.7,187.7,139.98,124.13
Kisii,2021-05,3.48,5.15,5.12,50.0,192.7,139.13,125.57
Nyamira,2021-05,3.13,6.27,4.6,55.4,202.9,135.16,122.73
Nyandarua,2021-05,3.68,5.6,6.2,53.4,202.9,135.62,126.55
Nyeri,2021-05,3.56,5.64,6.96,52.3,193.7,134.28,124.76
Kirinyaga,2021-05,3.22,4.32,6.49,53.5,205.3,142.11,124.68
Murang'a,2021-05,2.86,6.15,5.82,51.3,202.9,133.77,123.87
Laikipia,2021-05,2.97,5.24,4.88,47.5,187.5,140.75,127.33
Nandi,2021-05,3.1,5.52,7.58,48.7,195.4,141.23,126.71
Kericho,2021-05,3.2,4.89,4.8,48.3,206.2,138.18,125.01
Bomet,2021-05,3.34,5.59,6.51,48.0,205.4,142.59,124.99
Kilifi,2021-05,3.54,5.69,5.26,47.1,191.6,136.51,123.18
Kwale,2021-05,3.91,5.55,5.51,51.3,195.5,132.92,124.79
Lamu,2021-05,3.91,4.56,6.78,50.2,197.6,138.42,123.58
Taita Taveta,2021-05,4.05,6.02,7.0,48.3,197.2,132.96,126.14
Garissa,2021-05,3.81,4.92,6.56,51.7,187.9,134.44,126.07
Wajir,2021-05,4.24,4.06,4.74,52.2,207.4,140.13,126.91
Mandera,2021-05,3.12,5.94,5.53,53.1,194.5,143.71,124.65
Marsabit,2021-05,3.96,5.59,5.01,54.5,193.5,136.96,124.63
Isiolo,2021-05,3.77,5.3,5.9,46.5,197.5,135.16,125.79
Kitui,2021-05,4.01,4.14,7.31,51.1,206.3,137.34,126.3
Makueni,2021-05,3.37,4.59,6.78,55.7,192.2,144.69,125.59
Embu,2021-05,4.19,5.11,6.17,48.9,188.7,141.6,127.42
Tharaka Nithi,2021-05,3.63,5.28,5.53,49.9,201.9,142.95,126.68
Busia,2021-05,3.83,6.2,5.88,46.5,190.2,144.53,124.44
Siaya,2021-05,3.84,4.41,5.13,53.7,186.9,140.21,124.62
Homa Bay,2021-05,3.85,5.2,6.37,48.7,201.7,133.83,124.61
Migori,2021-05,3.36,6.32,6.36,54.0,200.5,145.69,125.93
Vihiga,2021-05,3.0,5.6,5.76,48.5,207.1,137.04,126.31
Baringo,2021-05,3.84,4.61,7.07,51.9,198.8,143.25,128.36
Elgeyo Marakwet,2021-05,3.43,5.46,5.99,46.5,200.3,139.36,128.06
Samburu,2021-05,3.99,5.86,6.48,49.6,187.1,145.94,123.28
Trans Nzoia,2021-05,3.8,6.18,7.23,54.2,192.9,139.31,127.9
Turkana,2021-05,4.27,4.66,5.05,52.4,206.3,139.36,126.43
West Pokot,2021-05,3.24,4.99,6.9,56.5,189.7,137.59,125.32
Narok,2021-05,3.95,5.94,7.21,52.9,194.3,132.92,125.12
Kajiado,2021-05,3.77,5.13,6.5,55.6,197.5,141.34,125.18
Tana River,2021-05,3.25,6.59,6.55,53.3,205.4,138.76,123.95
Nairobi,2021-06,3.55,5.86,5.53,51.9,188.3,134.09,127.19
Mombasa,2021-06,3.9,5.93,6.76,52.9,185.5,144.97,125.87
Kisumu,2021-06,4.34,5.41,6.02,48.1,191.3,137.79,125.9
Nakuru,2021-06,3.61,4.76,6.43,48.2,191.1,141.87,127.5
Kiambu,2021-06,4.2,5.53,4.73,51.3,197.2,137.28,128.83
Uasin Gishu,2021-06,3.48,4.95,5.49,56.1,204.9,144.4,126.01
Meru,2021-06,3.0,3.64,5.82,52.1,187.6,139.52,127.65
Machakos,2021-06,3.06,5.65,5.08,52.7,191.5,142.91,128.04
Kakamega,2021-06,4.04,4.94,6.21,54.4,204.4,143.63,128.92
Bungoma,2021-06,4.11,5.26,5.16,48.4,186.0,140.08,124.86
Kisii,2021-06,2.53,4.87,6.27,50.3,190.9,138.82,125.47
Nyamira,2021-06,3.15,5.68,4.72,55.9,200.9,137.07,123.36
Nyandarua,2021-06,3.2,4.56,6.28,54.3,200.9,139.24,124.41
Nyeri,2021-06,3.71,5.05,5.08,52.8,191.9,135.92,121.69
Kirinyaga,2021-06,3.33,4.92,5.23,53.1,203.3,146.24,126.43
Murang'a,2021-06,2.85,6.13,5.63,51.3,200.9,136.99,122.55
Laikipia,2021-06,4.31,5.22,5.39,47.5,185.7,143.01,126.86
Nandi,2021-06,3.41,5.32,6.88,48.8,193.5,141.47,125.93
Kericho,2021-06,3.41,4.57,4.85,48.6,204.2,139.79,127.62
Bomet,2021-06,3.58,6.03,6.07,47.7,203.4,136.71,124.73
Kilifi,2021-06,3.79,5.57,6.29,47.3,189.8,140.55,128.77
Kwale,2021-06,4.05,4.81,5.55,51.9,193.7,133.43,126.35
Lamu,2021-06,2.88,5.8,7.61,49.2,195.7,140.54,125.81
Taita Taveta,2021-06,3.53,6.3,6.95,48.1,195.3,135.67,124.92
Garissa,2021-06,3.35,4.95,6.44,51.7,186.2,136.21,126.97
Wajir,2021-06,3.82,5.14,6.56,51.4,205.3,137.08,127.2
Mandera,2021-06,3.44,5.57,5.5,53.4,192.6,141.48,129.69
Marsabit,2021-06,3.58,5.49,4.22,54.6,191.7,138.9,127.71
Isiolo,2021-06,2.9,4.34,6.34,47.3,195.6,138.06,127.09
Kitui,2021-06,4.52,4.53,5.96,50.9,204.3,133.61,126.3
Makueni,2021-06,3.6,4.36,7.25,55.9,190.4,143.74,126.06
Embu,2021-06,3.52,5.1,4.85,49.0,187.0,145.42,126.04
Tharaka Nithi,2021-06,4.04,5.62,5.88,49.6,200.0,144.38,126.07
Busia,2021-06,3.39,5.42,6.32,47.1,188.4,142.52,127.29
Siaya,2021-06,3.41,4.5,5.27,53.6,185.2,139.59,127.35
Homa Bay,2021-06,3.89,4.67,6.91,49.1,199.7,142.69,125.28
Migori,2021-06,3.49,5.24,5.33,54.9,198.6,139.21,125.19
Vihiga,2021-06,3.02,4.61,5.17,49.4,205.0,139.64,124.84
Baringo,2021-06,4.18,5.68,7.79,51.1,196.9,144.04,126.36
Elgeyo Marakwet,2021-06,3.01,5.67,5.73,46.3,198.3,135.97,127.18
Samburu,2021-06,3.45,5.83,7.12,49.6,185.4,144.16,125.69
Trans Nzoia,2021-06,3.44,5.61,7.52,54.7,191.1,136.54,126.48
Turkana,2021-06,4.08,4.53,5.38,52.6,204.3,139.97,128.09
West Pokot,2021-06,3.18,4.3,5.63,57.1,188.0,136.85,128.39
Narok,2021-06,4.16,5.64,6.07,53.1,192.5,141.4,124.76
Kajiado,2021-06,4.19,5.35,6.42,55.5,195.6,143.03,127.3
Tana River,2021-06,4.1,5.02,6.19,54.6,203.3,139.59,124.73
Nairobi,2021-07,3.99,4.96,6.08,52.7,185.2,136.47,122.13
Mombasa,2021-07,2.57,6.04,6.23,52.9,182.5,150.86,128.72
Kisumu,2021-07,4.07,4.87,5.4,48.6,188.2,133.72,124.31
Nakuru,2021-07,3.54,5.12,6.38,47.9,188.0,137.43,127.81
Kiambu,2021-07,4.12,6.04,5.9,50.9,194.0,135.23,128.01
Uasin Gishu,2021-07,3.73,4.88,5.32,56.2,201.4,144.16,125.11
Meru,2021-07,3.34,4.95,6.16,51.1,184.6,144.07,127.51
Machakos,2021-07,2.98,6.41,5.35,52.1,188.4,146.17,127.05
Kakamega,2021-07,3.61,4.34,6.9,54.9,200.9,144.78,124.51
Bungoma,2021-07,3.58,5.56,5.48,48.1,183.0,143.61,124.56
Kisii,2021-07,4.14,4.79,6.18,50.4,187.7,144.14,125.73
Nyamira,2021-07,3.18,5.53,4.75,56.1,197.6,140.6,125.97
Nyandarua,2021-07,2.5,5.93,5.82,53.2,197.6,133.72,128.19
Nyeri,2021-07,2.95,3.66,7.05,53.9,188.7,136.16,126.07
Kirinyaga,2021-07,3.25,5.02,6.09,53.0,199.9,145.59,124.19
Murang'a,2021-07,3.37,5.8,6.15,51.6,197.5,138.31,127.93
Laikipia,2021-07,3.2,4.85,5.5,47.8,182.8,142.91,123.7
Nandi,2021-07,4.08,5.01,6.62,49.1,190.3,144.76,127.34
Kericho,2021-07,4.08,3.86,6.0,49.2,200.7,146.75,126.19
Bomet,2021-07,4.02,6.17,5.92,47.6,200.0,147.08,124.06
Kilifi,2021-07,3.42,5.73,6.61,47.2,186.7,139.79,126.35
Kwale,2021-07,4.46,5.66,4.43,51.2,190.5,137.41,128.46
Lamu,2021-07,3.22,5.72,7.26,49.3,192.5,141.54,126.48
Taita Taveta,2021-07,3.09,5.69,9.17,48.6,192.1,142.5,127.69
Garissa,2021-07,3.1,5.09,6.78,51.6,183.2,144.87,129.15
Wajir,2021-07,3.39,4.34,4.8,52.1,201.8,136.03,126.89
Mandera,2021-07,3.51,6.45,6.44,52.8,189.5,142.74,129.33
Marsabit,2021-07,4.3,5.08,4.18,54.9,188.5,137.65,125.43
Isiolo,2021-07,3.19,5.38,6.39,46.5,192.4,140.28,124.58
Kitui,2021-07,3.88,4.51,6.49,50.9,200.9,140.69,124.56
Makueni,2021-07,3.3,4.54,6.6,55.8,187.3,145.74,125.32
Embu,2021-07,3.66,5.01,6.61,49.0,184.0,143.93,127.09
Tharaka Nithi,2021-07,4.76,5.39,6.24,49.8,196.6,150.43,127.94
Busia,2021-07,3.95,5.91,5.65,46.7,185.4,143.09,125.49
Siaya,2021-07,4.57,4.09,4.8,54.0,182.2,134.92,127.24
Homa Bay,2021-07,3.67,5.95,6.65,48.1,196.4,134.67,125.19
Migori,2021-07,3.94,5.52,6.9,54.7,195.3,141.67,124.95
Vihiga,2021-07,3.04,4.6,5.26,49.4,201.6,140.97,127.17
Baringo,2021-07,3.33,5.41,6.3,51.3,193.7,139.42,126.6
Elgeyo Marakwet,2021-07,3.04,6.11,6.16,46.0,195.0,141.76,125.66
Samburu,2021-07,3.62,5.96,6.76,49.6,182.4,143.9,124.64
Trans Nzoia,2021-07,3.48,5.79,7.28,54.5,188.0,142.29,128.05
Turkana,2021-07,3.42,5.07,4.98,52.1,200.9,139.74,125.76
West Pokot,2021-07,4.07,4.41,7.02,57.0,184.9,143.27,125.81
Narok,2021-07,4.41,5.77,5.94,53.0,189.3,144.95,126.79
Kajiado,2021-07,3.89,5.36,7.33,55.5,192.4,143.01,127.34
Tana River,2021-07,3.66,5.78,6.87,54.0,199.9,137.81,124.27
Nairobi,2021-08,3.68,5.3,6.55,52.4,182.1,137.36,128.63
Mombasa,2021-08,2.97,6.23,5.95,52.8,179.5,149.84,129.89
Kisumu,2021-08,3.48,4.86,6.75,48.6,185.0,142.59,126.89
Nakuru,2021-08,3.82,4.89,5.38,48.1,184.8,144.2,123.8
Kiambu,2021-08,3.36,6.15,5.23,50.9,190.6,135.52,128.12
Uasin Gishu,2021-08,3.34,4.19,5.28,56.8,197.9,144.68,124.93
Meru,2021-08,3.63,4.75,6.2,51.3,181.5,141.22,127.51
Machakos,2021-08,3.58,5.75,5.85,52.7,185.2,144.04,128.12
Kakamega,2021-08,3.63,4.34,6.72,54.9,197.4,147.12,129.53
Bungoma,2021-08,3.48,6.2,5.02,47.7,180.0,140.72,129.07
Kisii,2021-08,3.77,4.34,6.38,50.8,184.6,146.34,127.01
Nyamira,2021-08,2.75,5.36,5.51,56.2,194.1,142.11,126.83
Nyandarua,2021-08,4.07,6.04,6.3,53.1,194.1,135.43,125.34
Nyeri,2021-08,3.56,4.4,7.57,53.4,185.5,142.17,127.75
Kirinyaga,2021-08,2.91,4.66,7.1,53.3,196.4,140.17,128.48
Murang'a,2021-08,3.38,5.57,6.18,51.8,194.1,141.8,127.08
Laikipia,2021-08,4.01,4.74,4.93,47.9,179.7,143.64,127.79
Nandi,2021-08,3.02,4.69,7.16,49.4,187.1,140.14,128.73
Kericho,2021-08,3.24,3.91,5.35,49.1,197.2,146.36,126.0
Bomet,2021-08,3.71,6.1,6.51,47.6,196.5,139.72,126.35
Kilifi,2021-08,4.44,6.51,4.63,46.6,183.5,144.68,127.18
Kwale,2021-08,4.26,5.56,4.14,51.3,187.2,141.11,125.39
Lamu,2021-08,2.64,4.42,7.19,50.4,189.2,144.59,127.97
Taita Taveta,2021-08,3.7,5.79,6.9,48.5,188.8,138.61,126.48
Garissa,2021-08,2.97,4.62,6.76,52.0,180.1,137.48,128.72
Wajir,2021-08,4.02,4.89,4.45,51.6,198.3,134.14,127.02
Mandera,2021-08,4.06,5.36,6.32,53.7,186.2,145.67,125.44
Marsabit,2021-08,3.72,6.25,4.57,54.0,185.3,140.59,126.32
Isiolo,2021-08,3.39,5.86,6.17,46.1,189.1,142.76,130.13
Kitui,2021-08,3.74,5.0,6.09,50.5,197.3,138.57,126.53
Makueni,2021-08,3.73,5.07,6.8,55.4,184.1,148.34,129.1
Embu,2021-08,4.23,5.09,5.76,49.0,180.9,143.68,128.22
Tharaka Nithi,2021-08,3.49,5.69,5.15,49.6,193.2,148.58,126.83
Busia,2021-08,4.49,6.11,7.01,46.6,182.2,150.51,127.02
Siaya,2021-08,3.21,4.0,4.17,54.1,179.2,135.5,126.9
Homa Bay,2021-08,3.4,5.44,6.56,48.6,193.0,138.6,125.12
Migori,2021-08,3.37,5.24,6.17,55.0,191.9,146.85,126.39
Vihiga,2021-08,3.87,5.57,5.25,48.6,198.1,137.74,126.72
Baringo,2021-08,4.42,5.22,7.05,51.5,190.3,145.69,125.64
Elgeyo Marakwet,2021-08,3.0,5.85,5.65,46.2,191.7,136.85,126.27
Samburu,2021-08,3.98,5.31,7.22,50.1,179.4,144.99,122.62
Trans Nzoia,2021-08,3.49,5.66,7.78,54.7,184.8,139.23,125.15
Turkana,2021-08,4.13,4.65,4.96,52.5,197.3,145.63,125.24
West Pokot,2021-08,3.06,5.25,6.53,56.4,181.8,141.53,126.79
Narok,2021-08,4.15,5.98,6.02,52.9,186.1,141.17,126.04
Kajiado,2021-08,3.8,5.77,6.74,55.2,189.0,144.36,127.53
Tana River,2021-08,3.27,4.9,6.23,54.7,196.4,146.01,125.52
Nairobi,2021-09,3.36,5.72,6.19,52.1,180.2,139.93,129.3
Mombasa,2021-09,3.31,5.47,7.59,53.4,177.6,147.77,126.33
Kisumu,2021-09,4.47,4.56,6.2,48.9,183.0,140.48,129.35
Nakuru,2021-09,3.58,5.39,7.18,47.8,182.8,138.11,129.11
Kiambu,2021-09,2.96,5.25,5.01,51.6,188.5,139.82,127.25
Uasin Gishu,2021-09,3.61,4.74,5.43,56.4,195.7,147.93,128.84
Meru,2021-09,4.11,4.56,6.12,51.4,179.5,144.63,125.48
Machakos,2021-09,2.84,6.26,5.46,52.3,183.2,139.42,124.97
Kakamega,2021-09,3.64,5.16,7.51,54.3,195.2,147.12,130.21
Bungoma,2021-09,3.63,5.83,3.9,48.0,178.1,139.75,128.48
Kisii,2021-09,4.09,4.51,6.9,50.6,182.6,146.41,127.22
Nyamira,2021-09,2.3,5.79,5.54,55.9,192.0,136.98,126.82
Nyandarua,2021-09,2.62,4.69,6.94,54.2,191.9,138.57,129.6
Nyeri,2021-09,3.77,4.45,6.69,53.4,183.5,140.17,128.65
Kirinyaga,2021-09,3.51,5.37,6.32,52.8,194.2,139.57,127.1
Murang'a,2021-09,3.27,5.07,5.86,52.2,191.9,144.12,126.59
Laikipia,2021-09,3.53,4.95,5.82,47.8,177.8,147.99,125.34
Nandi,2021-09,3.17,5.56,7.12,48.7,185.0,145.27,125.49
Kericho,2021-09,3.03,4.33,5.73,48.8,195.0,151.03,126.17
Bomet,2021-09,3.3,5.76,7.13,47.9,194.3,138.89,129.38
Kilifi,2021-09,3.81,5.55,4.84,47.3,181.6,144.23,126.94
Kwale,2021-09,3.96,5.43,4.86,51.4,185.2,138.6,127.05
Lamu,2021-09,2.92,4.34,8.26,50.4,187.1,140.78,127.47
Taita Taveta,2021-09,2.73,5.16,6.98,49.1,186.7,141.37,129.09
Garissa,2021-09,3.52,4.41,5.75,52.2,178.2,145.12,128.59
Wajir,2021-09,3.48,4.81,5.37,51.7,196.0,139.22,128.36
Mandera,2021-09,4.08,5.55,5.34,53.5,184.2,148.66,128.6
Marsabit,2021-09,3.73,4.61,5.36,55.4,183.3,141.8,123.07
Isiolo,2021-09,3.21,5.19,6.25,46.7,187.0,137.38,126.98
Kitui,2021-09,4.27,4.51,6.87,50.9,195.1,136.8,128.34
Makueni,2021-09,3.41,4.73,6.86,55.7,182.1,146.36,123.35
Embu,2021-09,3.32,5.46,5.05,48.7,179.0,145.22,127.12
Tharaka Nithi,2021-09,3.64,5.14,5.82,50.1,191.1,149.84,125.76
Busia,2021-09,3.73,5.36,5.08,47.2,180.3,147.25,128.6
Siaya,2021-09,4.09,4.08,4.59,54.1,177.3,139.51,128.44
Homa Bay,2021-09,3.68,5.63,6.88,48.4,190.8,138.0,126.87
Migori,2021-09,4.05,5.52,5.67,54.8,189.8,141.52,125.79
Vihiga,2021-09,3.31,4.64,5.67,49.4,195.8,139.56,124.01
Baringo,2021-09,4.09,5.48,6.86,51.3,188.2,140.75,126.03
Elgeyo Marakwet,2021-09,3.43,6.17,5.58,46.0,189.5,140.88,126.72
Samburu,2021-09,3.4,6.32,7.29,49.3,177.5,149.26,126.93
Trans Nzoia,2021-09,3.74,6.31,7.75,54.2,182.8,144.66,127.3
Turkana,2021-09,3.4,4.98,5.48,52.3,195.1,146.93,129.23
West Pokot,2021-09,3.6,5.4,5.36,56.3,179.9,144.28,126.0
Narok,2021-09,3.19,5.51,5.67,53.3,184.1,140.29,127.25
Kajiado,2021-09,4.33,5.1,7.2,55.7,187.0,143.15,128.74
Tana River,2021-09,3.7,4.92,5.8,54.7,194.2,137.34,127.92
Nairobi,2021-10,4.04,5.71,6.79,52.1,180.4,135.53,127.87
Mombasa,2021-10,3.4,5.22,6.11,53.6,177.8,150.39,123.2
Kisumu,2021-10,4.44,4.89,5.73,48.6,183.2,142.55,125.02
Nakuru,2021-10,3.72,4.84,6.25,48.2,183.0,145.47,128.74
Kiambu,2021-10,4.3,5.73,5.06,51.3,188.7,138.44,128.22
Uasin Gishu,2021-10,4.09,4.1,5.14,56.9,195.8,151.45,127.24
Meru,2021-10,3.75,4.76,6.85,51.3,179.7,141.06,126.39
Machakos,2021-10,3.12,5.25,5.39,53.1,183.3,144.5,130.28
Kakamega,2021-10,3.78,4.96,7.53,54.5,195.3,144.59,127.35
Bungoma,2021-10,4.64,5.85,5.74,48.0,178.3,144.68,125.38
Kisii,2021-10,3.59,4.9,6.83,50.4,182.8,141.7,125.92
Nyamira,2021-10,3.02,5.66,5.75,56.1,192.1,145.98,129.69
Nyandarua,2021-10,3.42,5.31,6.22,53.8,192.1,139.91,126.65
Nyeri,2021-10,3.66,4.88,7.0,53.0,183.7,142.25,126.24
Kirinyaga,2021-10,3.76,4.65,6.0,53.4,194.3,144.86,129.42
Murang'a,2021-10,3.39,5.56,6.68,51.9,192.1,143.89,125.91
Laikipia,2021-10,3.1,5.06,5.1,47.7,178.0,144.94,128.61
Nandi,2021-10,3.3,5.45,6.75,48.8,185.2,151.57,127.72
Kericho,2021-10,4.24,4.68,5.48,48.6,195.1,143.92,125.44
Bomet,2021-10,3.31,5.45,6.81,48.2,194.4,142.35,127.88
Kilifi,2021-10,4.39,5.81,6.68,47.2,181.7,139.28,127.37
Kwale,2021-10,3.68,6.16,3.9,50.9,185.3,136.43,127.44
Lamu,2021-10,3.81,5.04,6.22,49.9,187.3,141.98,130.11
Taita Taveta,2021-10,3.19,5.59,7.67,48.8,186.9,144.58,129.51
Garissa,2021-10,2.98,3.86,6.29,52.6,178.4,142.33,128.15
Wajir,2021-10,4.57,4.1,5.73,52.3,196.1,137.67,128.88
Mandera,2021-10,3.56,5.3,5.18,53.8,184.4,140.53,127.66
Marsabit,2021-10,3.4,5.58,5.51,54.6,183.5,145.47,128.15
Isiolo,2021-10,3.32,5.92,6.05,46.1,187.1,136.34,127.9
Kitui,2021-10,3.15,5.67,7.12,50.0,195.2,146.41,127.69
Makueni,2021-10,3.64,4.41,7.3,56.0,182.3,141.49,123.79
Embu,2021-10,3.57,4.72,6.81,49.4,179.2,152.96,125.5
Tharaka Nithi,2021-10,4.49,5.8,4.9,49.6,191.2,146.34,126.73
Busia,2021-10,4.26,5.17,6.24,47.4,180.5,145.47,128.31
Siaya,2021-10,3.59,4.21,5.1,54.0,177.5,146.26,126.97
Homa Bay,2021-10,3.21,5.75,6.24,48.4,190.9,136.67,130.95
Migori,2021-10,3.26,5.45,6.39,54.8,189.9,149.41,125.08
Vihiga,2021-10,3.28,5.83,5.6,48.5,195.9,138.76,126.67
Baringo,2021-10,4.05,5.95,6.43,51.0,188.4,145.95,125.45
Elgeyo Marakwet,2021-10,2.69,5.37,6.29,46.7,189.7,140.52,128.03
Samburu,2021-10,4.13,6.38,6.53,49.3,177.7,149.89,126.35
Trans Nzoia,2021-10,4.3,5.64,6.49,54.7,183.0,144.04,127.72
Turkana,2021-10,4.06,5.01,4.8,52.3,195.2,150.34,128.94
West Pokot,2021-10,4.19,4.36,6.45,57.1,180.1,144.32,129.29
Narok,2021-10,4.42,5.67,5.64,53.2,184.2,146.81,128.43
Kajiado,2021-10,3.64,5.87,5.99,55.1,187.1,146.72,125.39
Tana River,2021-10,3.78,5.55,6.93,54.2,194.3,142.24,128.55
Nairobi,2021-11,3.44,5.92,6.51,52.0,183.1,140.23,125.47
Mombasa,2021-11,2.83,5.9,6.09,53.1,180.5,148.47,127.51
Kisumu,2021-11,3.56,4.56,5.22,48.9,186.0,144.5,128.59
Nakuru,2021-11,3.44,4.47,5.53,48.6,185.7,150.7,126.31
Kiambu,2021-11,3.32,5.88,5.59,51.2,191.5,141.27,127.34
Uasin Gishu,2021-11,3.78,4.71,4.98,56.5,198.6,148.06,129.58
Meru,2021-11,3.37,4.56,6.91,51.5,182.5,147.08,130.38
Machakos,2021-11,2.41,6.23,5.83,52.4,186.1,141.78,128.38
Kakamega,2021-11,4.04,4.38,7.17,55.0,198.1,150.8,126.39
Bungoma,2021-11,3.62,6.01,4.79,47.9,181.0,139.86,127.8
Kisii,2021-11,3.79,5.11,6.23,50.2,185.5,146.62,126.75
Nyamira,2021-11,2.57,5.55,5.72,56.2,194.9,143.2,128.0
Nyandarua,2021-11,2.91,5.56,6.48,53.6,194.9,136.78,127.48
Nyeri,2021-11,3.35,4.06,6.31,53.7,186.5,141.11,128.01
Kirinyaga,2021-11,3.26,4.57,7.26,53.5,197.1,141.45,128.38
Murang'a,2021-11,3.0,5.57,6.76,51.9,194.9,140.07,127.99
Laikipia,2021-11,4.07,5.8,4.99,47.2,180.7,145.73,131.32
Nandi,2021-11,3.84,4.98,6.51,49.2,188.0,149.67,126.48
Kericho,2021-11,3.74,4.67,5.85,48.6,197.9,146.55,127.06
Bomet,2021-11,4.29,5.71,6.41,48.0,197.2,144.39,128.29
Kilifi,2021-11,3.47,5.62,5.33,47.3,184.5,146.05,126.67
Kwale,2021-11,3.19,5.0,4.29,51.8,188.1,145.55,128.02
Lamu,2021-11,3.4,5.17,6.92,49.8,190.1,146.05,129.57
Taita Taveta,2021-11,3.5,6.53,7.24,48.0,189.7,140.4,127.25
Garissa,2021-11,3.07,4.96,6.02,51.8,181.1,139.63,128.48
Wajir,2021-11,3.95,4.91,6.24,51.7,199.0,144.4,128.04
Mandera,2021-11,3.18,5.43,5.84,53.7,187.2,142.05,131.21
Marsabit,2021-11,3.71,5.29,4.86,54.9,186.3,142.6,126.26
Isiolo,2021-11,3.98,5.89,6.86,46.2,189.9,137.33,128.31
Kitui,2021-11,4.2,4.93,5.89,50.7,198.1,138.66,127.32
Makueni,2021-11,3.18,5.21,5.9,55.3,185.1,147.81,126.06
Embu,2021-11,3.51,4.5,5.79,49.6,181.9,152.74,128.4
Tharaka Nithi,2021-11,3.5,5.83,6.3,49.6,194.0,148.52,131.05
Busia,2021-11,4.29,5.93,5.89,46.8,183.2,150.11,128.33
Siaya,2021-11,3.89,4.15,5.27,54.1,180.2,138.4,124.78
Homa Bay,2021-11,4.02,4.92,6.37,49.0,193.8,142.61,128.49
Migori,2021-11,3.29,5.72,6.54,54.7,192.7,147.13,130.6
Vihiga,2021-11,3.26,5.03,5.09,49.2,198.8,144.48,129.0
Baringo,2021-11,3.89,5.64,6.45,51.2,191.2,146.18,129.37
Elgeyo Marakwet,2021-11,3.63,5.62,5.05,46.5,192.5,139.18,128.89
Samburu,2021-11,5.0,5.8,7.07,49.8,180.4,146.86,126.54
Trans Nzoia,2021-11,3.23,5.13,7.61,55.2,185.8,136.4,127.6
Turkana,2021-11,3.46,4.57,6.04,52.6,198.1,146.8,126.55
West Pokot,2021-11,3.41,4.26,6.22,57.2,182.8,144.94,130.84
Narok,2021-11,3.19,5.58,6.24,53.3,187.0,145.02,128.53
Kajiado,2021-11,4.12,5.85,6.28,55.2,189.9,147.89,129.2
Tana River,2021-11,4.24,5.96,6.62,53.9,197.2,147.06,128.57
Nairobi,2021-12,3.36,5.93,6.46,52.0,188.1,139.94,130.85
Mombasa,2021-12,3.25,5.84,6.4,53.2,185.5,158.58,126.7
Kisumu,2021-12,3.57,4.2,5.26,49.2,191.0,145.92,127.7
Nakuru,2021-12,3.29,4.94,5.98,48.2,190.8,144.53,130.07
Kiambu,2021-12,3.8,6.02,5.95,51.1,196.6,141.25,128.16
Uasin Gishu,2021-12,3.38,4.53,4.88,56.6,203.9,150.22,128.92
Meru,2021-12,3.66,4.11,7.09,51.9,187.5,143.61,126.75
Machakos,2021-12,2.94,6.86,5.33,51.9,191.2,144.17,128.11
Kakamega,2021-12,3.56,4.4,7.02,55.0,203.4,152.12,128.87
Bungoma,2021-12,3.23,5.75,4.91,48.1,186.0,143.35,130.4
Kisii,2021-12,3.41,4.81,7.55,50.5,190.6,148.0,129.26
Nyamira,2021-12,4.0,5.9,4.16,55.9,200.1,144.43,126.01
Nyandarua,2021-12,3.26,5.04,6.19,54.0,200.1,139.59,127.24
Nyeri,2021-12,3.3,5.01,6.38,53.0,191.5,142.21,126.95
Kirinyaga,2021-12,3.31,5.07,5.97,53.1,202.4,140.73,129.14
Murang'a,2021-12,3.65,5.53,6.3,51.9,200.1,145.34,128.48
Laikipia,2021-12,3.7,4.09,4.52,48.6,185.7,143.77,128.63
Nandi,2021-12,3.47,5.48,6.95,48.9,193.1,143.59,130.57
Kericho,2021-12,3.81,4.04,5.75,49.1,203.2,146.23,128.61
Bomet,2021-12,4.13,6.66,6.99,47.3,202.5,146.22,127.89
Kilifi,2021-12,3.96,6.39,5.62,46.7,189.5,141.55,125.97
Kwale,2021-12,4.1,5.89,4.7,51.2,193.2,145.24,127.77
Lamu,2021-12,3.14,4.95,6.72,50.0,195.2,147.68,130.13
Taita Taveta,2021-12,2.98,6.17,7.02,48.3,194.8,143.41,129.71
Garissa,2021-12,3.38,4.67,6.59,52.1,186.1,141.21,128.85
Wajir,2021-12,3.89,4.75,5.14,51.9,204.3,143.77,128.52
Mandera,2021-12,3.91,5.63,4.68,53.5,192.3,146.36,128.5
Marsabit,2021-12,3.81,5.04,4.59,55.1,191.3,143.68,127.99
Isiolo,2021-12,3.19,5.25,6.36,46.7,195.1,140.86,126.95
Kitui,2021-12,3.91,4.45,6.47,51.1,203.4,142.55,127.52
Makueni,2021-12,2.94,5.57,6.59,55.1,190.1,148.41,131.31
Embu,2021-12,4.21,5.18,6.03,49.0,186.9,146.41,129.72
Tharaka Nithi,2021-12,4.2,5.22,5.16,50.1,199.2,144.95,129.88
Busia,2021-12,4.01,5.75,5.88,47.0,188.2,144.54,129.84
Siaya,2021-12,3.7,4.79,5.02,53.6,185.2,140.84,129.47
Homa Bay,2021-12,3.92,5.84,6.16,48.3,199.0,144.16,130.06
Migori,2021-12,3.36,5.41,6.98,54.9,197.9,143.66,129.34
Vihiga,2021-12,3.15,4.27,6.1,49.8,204.1,135.6,125.42
Baringo,2021-12,4.18,5.64,6.28,51.3,196.3,145.31,124.6
Elgeyo Marakwet,2021-12,3.56,5.67,5.55,46.5,197.7,141.77,129.14
Samburu,2021-12,4.01,5.19,7.94,50.3,185.4,152.83,126.47
Trans Nzoia,2021-12,3.37,5.87,7.47,54.6,190.8,137.31,127.65
Turkana,2021-12,3.22,4.81,5.11,52.5,203.3,147.14,127.49
West Pokot,2021-12,3.35,4.82,6.47,56.8,187.8,146.78,128.13
Narok,2021-12,3.73,5.55,6.65,53.3,192.1,136.35,128.99
Kajiado,2021-12,4.01,5.74,6.67,55.3,195.1,137.26,127.74
Tana River,2021-12,4.59,5.46,6.26,54.4,202.4,143.37,128.93
Nairobi,2022-01,3.76,5.81,6.68,52.1,194.1,146.99,130.31
Mombasa,2022-01,4.11,5.5,7.04,53.5,191.4,147.73,129.33
Kisumu,2022-01,4.24,4.51,5.41,49.0,197.1,148.38,127.73
Nakuru,2022-01,4.22,4.29,7.19,48.7,196.8,147.07,128.67
Kiambu,2022-01,3.41,5.43,5.33,51.6,202.8,140.72,130.68
Uasin Gishu,2022-01,4.51,4.73,4.71,56.5,210.3,146.85,128.53
Meru,2022-01,3.01,4.06,7.42,51.9,193.4,146.26,127.55
Machakos,2022-01,3.48,5.36,4.97,53.1,197.2,143.19,131.28
Kakamega,2022-01,3.56,3.7,7.54,55.6,209.8,148.43,126.03
Bungoma,2022-01,3.59,6.06,5.38,47.9,191.9,149.05,127.52
Kisii,2022-01,3.53,4.53,5.89,50.7,196.6,148.48,129.49
Nyamira,2022-01,3.37,5.83,4.81,56.0,206.4,139.37,128.86
Nyandarua,2022-01,3.59,6.33,6.81,53.0,206.4,141.23,129.2
Nyeri,2022-01,3.48,4.15,6.74,53.7,197.6,137.03,128.61
Kirinyaga,2022-01,4.08,5.23,6.0,53.0,208.7,144.9,127.55
Murang'a,2022-01,3.21,5.94,6.85,51.6,206.4,152.79,130.59
Laikipia,2022-01,3.72,5.33,4.95,47.6,191.6,143.38,130.76
Nandi,2022-01,3.84,5.1,6.95,49.2,199.2,151.68,130.07
Kericho,2022-01,2.76,4.6,5.5,48.7,209.6,151.82,130.35
Bomet,2022-01,4.28,5.33,6.22,48.4,208.8,149.14,127.91
Kilifi,2022-01,3.32,6.03,5.36,47.1,195.5,150.04,129.24
Kwale,2022-01,4.0,5.61,5.81,51.4,199.3,143.7,128.19
Lamu,2022-01,2.92,4.89,6.4,50.1,201.4,150.52,126.09
Taita Taveta,2022-01,3.43,6.18,7.1,48.4,200.9,141.26,129.79
Garissa,2022-01,3.05,4.43,6.55,52.3,192.0,144.58,127.79
Wajir,2022-01,4.51,4.8,5.66,51.8,210.7,147.41,130.48
Mandera,2022-01,4.24,5.67,5.87,53.5,198.3,147.36,126.99
Marsabit,2022-01,3.87,5.34,5.47,54.9,197.4,141.88,127.66
Isiolo,2022-01,3.42,4.8,7.08,47.1,201.2,141.97,129.17
Kitui,2022-01,3.99,4.89,5.68,50.7,209.7,144.25,129.25
Makueni,2022-01,3.21,4.26,6.68,56.2,196.1,143.1,131.38
Embu,2022-01,4.53,5.45,5.95,48.8,192.8,148.78,129.94
Tharaka Nithi,2022-01,4.72,5.16,5.12,50.1,205.5,154.01,126.12
Busia,2022-01,3.6,5.53,5.5,47.2,194.2,152.72,130.09
Siaya,2022-01,3.5,4.91,5.93,53.5,191.1,141.67,128.12
Homa Bay,2022-01,4.57,5.77,6.43,48.4,205.2,146.86,129.25
Migori,2022-01,3.24,5.6,6.82,54.8,204.1,140.11,128.37
Vihiga,2022-01,3.77,4.76,6.3,49.4,210.4,148.58,128.7
Baringo,2022-01,3.78,5.27,7.92,51.6,202.5,150.95,128.99
Elgeyo Marakwet,2022-01,3.07,5.58,5.68,46.6,203.9,138.44,128.92
Samburu,2022-01,4.59,5.19,7.24,50.3,191.3,153.81,127.96
Trans Nzoia,2022-01,4.22,5.65,7.15,54.8,196.9,143.33,128.34
Turkana,2022-01,3.72,5.17,5.76,52.2,209.7,147.17,126.76
West Pokot,2022-01,3.85,4.7,6.12,56.9,193.8,151.18,126.45
Narok,2022-01,3.11,5.27,6.75,53.6,198.2,140.17,127.33
Kajiado,2022-01,4.31,5.86,6.92,55.2,201.2,147.76,128.16
Tana River,2022-01,3.77,5.74,5.73,54.2,208.8,137.35,128.15
Nairobi,2022-02,3.87,6.0,6.89,52.0,200.5,136.61,129.67
Mombasa,2022-02,3.44,5.23,6.63,53.7,197.8,150.46,133.81
Kisumu,2022-02,3.08,5.27,5.17,48.4,203.6,141.5,128.41
Nakuru,2022-02,3.66,5.26,7.08,48.0,203.3,149.03,127.75
Kiambu,2022-02,4.03,5.79,5.07,51.3,209.5,140.93,128.14
Uasin Gishu,2022-02,3.74,4.36,4.62,56.8,217.1,150.62,130.14
Meru,2022-02,3.35,5.08,6.24,51.1,199.8,145.14,130.19
Machakos,2022-02,3.1,5.87,4.26,52.7,203.7,146.35,126.46
Kakamega,2022-02,3.18,4.14,6.42,55.2,216.6,148.4,128.47
Bungoma,2022-02,3.98,5.94,4.23,48.0,198.3,144.6,129.68
Kisii,2022-02,3.38,4.79,6.75,50.5,203.1,148.82,126.84
Nyamira,2022-02,3.16,6.27,5.86,55.7,213.2,145.64,130.01
Nyandarua,2022-02,3.79,6.45,6.35,52.9,213.1,138.93,128.79
Nyeri,2022-02,4.72,3.94,6.49,53.9,204.1,137.5,129.39
Kirinyaga,2022-02,2.95,4.86,5.48,53.3,215.5,147.68,131.03
Murang'a,2022-02,3.09,5.47,6.44,52.0,213.1,146.58,129.14
Laikipia,2022-02,3.95,5.56,4.64,47.4,198.0,146.54,130.55
Nandi,2022-02,2.87,4.41,6.93,49.8,205.7,150.14,128.12
Kericho,2022-02,3.12,4.2,5.15,49.1,216.4,151.26,127.43
Bomet,2022-02,3.65,5.41,5.88,48.3,215.6,149.1,128.42
Kilifi,2022-02,4.0,5.21,5.27,47.7,202.0,147.64,133.08
Kwale,2022-02,3.15,5.68,5.22,51.4,205.9,141.47,130.47
Lamu,2022-02,2.89,4.98,6.62,50.1,208.0,151.79,128.19
Taita Taveta,2022-02,3.34,6.31,6.41,48.3,207.5,144.32,126.47
Garissa,2022-02,2.97,4.59,5.72,52.2,198.4,142.25,129.94
Wajir,2022-02,3.8,5.09,5.4,51.6,217.5,144.83,131.06
Mandera,2022-02,3.92,6.22,5.93,53.1,204.9,145.85,131.14
Marsabit,2022-02,3.86,5.08,5.32,55.1,203.9,146.3,129.88
Isiolo,2022-02,3.89,5.76,6.62,46.4,207.8,140.29,128.93
Kitui,2022-02,3.79,4.94,6.7,50.7,216.5,142.98,129.38
Makueni,2022-02,3.75,4.22,7.7,56.2,202.6,141.56,131.38
Embu,2022-02,3.92,5.67,6.24,48.7,199.2,151.11,130.03
Tharaka Nithi,2022-02,4.34,5.26,6.2,50.1,212.2,146.82,129.19
Busia,2022-02,4.34,6.03,6.51,46.8,200.6,148.91,130.55
Siaya,2022-02,3.46,5.1,5.16,53.4,197.4,138.09,127.41
Homa Bay,2022-02,3.69,5.54,7.29,48.6,211.9,140.36,129.26
Migori,2022-02,3.02,5.38,7.14,55.0,210.8,143.37,130.08
Vihiga,2022-02,3.37,4.96,5.79,49.3,217.3,141.55,131.68
Baringo,2022-02,4.78,5.41,7.8,51.5,209.2,144.83,129.8
Elgeyo Marakwet,2022-02,3.89,5.35,4.87,46.8,210.6,138.04,132.29
Samburu,2022-02,3.85,5.83,6.27,49.8,197.6,153.23,128.03
Trans Nzoia,2022-02,3.35,6.05,6.4,54.5,203.4,144.42,131.3
Turkana,2022-02,4.14,4.94,5.45,52.4,216.5,146.89,132.19
West Pokot,2022-02,3.37,4.62,6.29,57.0,200.2,149.31,130.85
Narok,2022-02,3.99,5.68,6.56,53.3,204.7,137.22,126.82
Kajiado,2022-02,3.69,5.45,6.13,55.6,207.8,148.36,129.2
Tana River,2022-02,3.83,4.92,6.38,54.8,215.6,136.6,128.96
Nairobi,2022-03,3.52,6.0,5.68,52.0,205.7,144.03,128.04
Mombasa,2022-03,2.86,6.06,7.21,53.1,202.9,151.65,128.37
Kisumu,2022-03,4.03,5.1,5.67,48.6,208.8,155.28,128.53
Nakuru,2022-03,3.66,5.47,6.97,47.9,208.6,139.61,129.59
Kiambu,2022-03,4.17,6.8,5.75,50.5,214.8,141.16,128.09
Uasin Gishu,2022-03,4.62,4.95,4.71,56.4,222.6,149.27,130.07
Meru,2022-03,3.64,4.18,6.06,51.9,205.0,141.79,131.16
Machakos,2022-03,3.02,6.02,6.23,52.6,209.0,147.66,129.43
Kakamega,2022-03,3.75,4.7,7.56,54.8,222.1,151.68,128.78
Bungoma,2022-03,4.14,6.35,4.51,47.7,203.4,149.65,130.15
Kisii,2022-03,3.62,5.22,6.37,50.2,208.3,150.09,129.03
Nyamira,2022-03,2.67,5.27,5.43,56.5,218.6,140.95,132.02
Nyandarua,2022-03,3.6,6.22,6.48,53.1,218.6,143.31,127.81
Nyeri,2022-03,3.88,4.72,7.01,53.3,209.4,147.5,128.69
Kirinyaga,2022-03,3.38,5.03,5.99,53.2,221.0,145.96,130.34
Murang'a,2022-03,3.11,6.05,5.77,51.6,218.5,150.11,130.59
Laikipia,2022-03,3.42,4.7,4.01,48.2,203.1,145.78,131.17
Nandi,2022-03,3.41,5.66,6.51,48.8,211.0,151.48,128.52
Kericho,2022-03,2.96,4.46,5.25,48.9,221.9,145.25,129.33
Bomet,2022-03,3.8,6.29,7.08,47.7,221.1,150.85,130.68
Kilifi,2022-03,4.06,5.33,5.71,47.7,207.2,147.86,131.79
Kwale,2022-03,4.21,6.26,4.5,50.9,211.2,143.04,130.24
Lamu,2022-03,3.71,4.87,6.84,50.2,213.3,150.89,127.91
Taita Taveta,2022-03,4.13,5.59,5.97,48.9,212.8,144.84,132.15
Garissa,2022-03,3.64,4.74,6.24,52.1,203.5,144.13,127.28
Wajir,2022-03,3.13,4.85,5.95,51.8,223.0,145.25,130.54
Mandera,2022-03,4.43,5.73,5.41,53.5,210.1,145.67,132.63
Marsabit,2022-03,3.97,4.86,4.59,55.3,209.2,147.42,128.04
Isiolo,2022-03,3.9,4.23,7.07,47.6,213.1,145.53,129.78
Kitui,2022-03,3.7,5.42,6.74,50.4,222.0,140.47,127.02
Makueni,2022-03,3.53,4.56,6.09,56.0,207.8,148.23,128.74
Embu,2022-03,3.94,5.56,6.81,48.8,204.4,153.5,128.52
Tharaka Nithi,2022-03,4.17,5.42,5.01,50.0,217.6,151.97,132.39
Busia,2022-03,4.02,4.99,6.3,47.7,205.8,147.14,130.9
Siaya,2022-03,3.94,4.33,5.04,54.0,202.6,142.77,129.61
Homa Bay,2022-03,3.36,4.94,6.87,49.1,217.3,143.02,129.85
Migori,2022-03,3.56,5.71,5.71,54.8,216.2,142.46,128.72
Vihiga,2022-03,3.37,4.68,5.35,49.5,222.8,152.11,126.83
Baringo,2022-03,3.71,6.15,6.57,50.9,214.5,144.61,131.35
Elgeyo Marakwet,2022-03,3.34,5.4,5.66,46.8,215.9,141.6,128.07
Samburu,2022-03,4.02,5.51,6.84,50.1,202.8,152.15,130.88
Trans Nzoia,2022-03,4.0,5.77,7.18,54.7,208.6,147.13,130.09
Turkana,2022-03,3.78,4.48,5.59,52.8,222.0,143.64,129.2
West Pokot,2022-03,2.67,4.0,5.79,57.5,205.4,150.27,130.63
Narok,2022-03,3.78,5.86,6.84,53.2,210.0,144.25,127.52
Kajiado,2022-03,3.85,5.64,6.12,55.5,213.1,147.92,130.02
Tana River,2022-03,4.1,5.53,6.77,54.4,221.0,144.64,129.9
Nairobi,2022-04,3.34,5.67,7.13,52.3,208.7,137.93,131.32
Mombasa,2022-04,2.93,5.47,6.33,53.6,205.8,147.73,128.78
Kisumu,2022-04,3.62,4.64,4.96,49.0,211.8,152.55,132.7
Nakuru,2022-04,2.75,5.07,6.65,48.2,211.5,147.79,129.01
Kiambu,2022-04,3.48,5.34,5.19,51.7,217.8,139.33,129.83
Uasin Gishu,2022-04,3.13,4.58,4.51,56.7,225.7,151.2,128.98
Meru,2022-04,3.54,4.97,7.16,51.3,207.9,139.87,128.75
Machakos,2022-04,3.04,6.02,4.69,52.7,211.9,144.75,130.2
Kakamega,2022-04,3.7,4.83,7.16,54.7,225.1,152.46,130.29
Bungoma,2022-04,3.74,6.13,4.06,47.9,206.3,150.39,126.69
Kisii,2022-04,3.08,4.73,6.99,50.6,211.3,138.94,129.96
Nyamira,2022-04,3.58,6.07,4.8,55.9,221.6,143.58,129.08
Nyandarua,2022-04,2.97,5.28,5.97,53.9,221.6,144.54,130.2
Nyeri,2022-04,3.68,4.66,7.08,53.4,212.3,145.77,127.39
Kirinyaga,2022-04,3.09,4.81,6.45,53.4,224.0,145.21,131.37
Murang'a,2022-04,4.04,5.6,6.56,52.0,221.6,149.99,127.2
Laikipia,2022-04,3.66,5.46,4.73,47.6,206.0,145.18,129.72
Nandi,2022-04,3.41,4.84,7.86,49.5,214.0,148.62,128.27
Kericho,2022-04,3.32,4.87,5.59,48.6,224.9,152.04,128.69
Bomet,2022-04,4.35,6.0,7.13,47.9,224.1,148.99,131.24
Kilifi,2022-04,3.58,5.62,6.31,47.5,210.2,151.45,128.28
Kwale,2022-04,4.04,5.59,4.67,51.5,214.1,145.58,131.71
Lamu,2022-04,3.42,4.8,7.14,50.3,216.3,148.45,130.62
Taita Taveta,2022-04,4.05,5.11,7.32,49.3,215.8,140.89,131.84
Garissa,2022-04,3.15,3.96,6.57,52.7,206.5,146.38,128.5
Wajir,2022-04,3.53,4.69,4.69,52.0,226.1,141.74,130.17
Mandera,2022-04,3.41,5.78,6.22,53.5,213.1,148.38,130.2
Marsabit,2022-04,4.56,4.77,5.78,55.4,212.1,147.58,131.28
Isiolo,2022-04,3.68,5.44,6.06,46.7,216.1,148.05,131.7
Kitui,2022-04,4.21,4.68,6.02,51.0,225.1,144.45,131.41
Makueni,2022-04,3.87,4.4,7.01,56.1,210.8,145.17,131.48
Embu,2022-04,3.63,5.59,5.48,48.8,207.3,154.57,130.48
Tharaka Nithi,2022-04,3.71,5.68,5.38,49.8,220.6,153.72,129.59
Busia,2022-04,3.32,5.24,6.07,47.5,208.8,155.59,131.35
Siaya,2022-04,4.38,5.06,4.94,53.4,205.5,143.54,129.38
Homa Bay,2022-04,3.4,4.76,6.3,49.3,220.3,141.02,129.95
Migori,2022-04,4.3,5.38,6.4,55.0,219.2,150.9,130.42
Vihiga,2022-04,3.33,4.83,5.41,49.4,225.8,143.55,131.27
Baringo,2022-04,3.32,5.78,5.89,51.3,217.5,150.31,129.47
Elgeyo Marakwet,2022-04,2.83,5.77,6.03,46.5,218.9,142.96,131.08
Samburu,2022-04,3.15,5.38,7.48,50.3,205.7,151.11,127.21
Trans Nzoia,2022-04,3.27,5.56,6.84,54.9,211.6,145.24,130.27
Turkana,2022-04,3.95,5.44,5.55,52.1,225.0,150.83,131.75
West Pokot,2022-04,3.54,4.04,6.83,57.5,208.3,148.09,130.21
Narok,2022-04,3.75,5.32,6.82,53.6,212.9,148.39,131.18
Kajiado,2022-04,4.25,5.91,6.8,55.3,216.1,146.99,131.82
Tana River,2022-04,3.77,5.57,6.0,54.4,224.1,143.9,129.65
Nairobi,2022-05,3.18,6.23,5.79,51.9,208.9,145.06,130.6
Mombasa,2022-05,2.46,5.6,6.33,53.5,206.1,154.19,130.09
Kisumu,2022-05,4.23,4.68,5.37,49.0,212.0,149.2,131.79
Nakuru,2022-05,3.29,4.66,5.89,48.6,211.8,145.87,132.54
Kiambu,2022-05,3.81,5.19,5.1,51.9,218.0,144.78,129.04
Uasin Gishu,2022-05,3.44,5.2,4.82,56.2,225.8,154.15,132.28
Meru,2022-05,3.14,4.19,6.23,51.9,208.2,144.89,130.58
Machakos,2022-05,3.08,5.99,6.22,52.7,212.2,150.85,131.13
Kakamega,2022-05,2.89,4.86,7.8,54.7,225.3,143.12,131.43
Bungoma,2022-05,3.66,5.52,5.58,48.4,206.6,151.58,131.56
Kisii,2022-05,3.37,4.45,6.73,50.9,211.5,151.25,129.82
Nyamira,2022-05,3.15,6.8,5.69,55.3,221.8,148.64,128.21
Nyandarua,2022-05,2.85,5.72,5.91,53.6,221.8,148.74,132.52
Nyeri,2022-05,3.27,5.29,6.72,52.9,212.6,151.6,130.62
Kirinyaga,2022-05,3.67,5.47,7.1,52.9,224.2,149.45,130.19
Murang'a,2022-05,3.45,5.2,6.6,52.3,221.8,144.81,127.73
Laikipia,2022-05,3.67,5.58,5.51,47.5,206.3,149.32,133.02
Nandi,2022-05,3.21,4.44,5.72,49.8,214.2,147.21,131.62
Kericho,2022-05,3.1,4.7,6.4,48.7,225.1,147.98,131.12
Bomet,2022-05,3.97,5.44,7.28,48.4,224.3,147.73,129.82
Kilifi,2022-05,4.78,6.03,6.1,47.2,210.4,151.54,129.42
Kwale,2022-05,4.44,5.56,4.74,51.5,214.4,144.61,129.47
Lamu,2022-05,3.57,5.04,6.64,50.1,216.5,152.25,129.99
Taita Taveta,2022-05,3.36,5.96,7.16,48.6,216.1,147.38,129.86
Garissa,2022-05,3.75,4.36,5.89,52.4,206.8,141.58,131.87
Wajir,2022-05,4.04,4.86,5.81,51.9,226.2,144.19,128.34
Mandera,2022-05,3.83,5.73,5.34,53.6,213.4,153.94,126.67
Marsabit,2022-05,4.21,5.56,5.41,54.8,212.4,135.06,132.33
Isiolo,2022-05,2.76,5.13,6.27,46.9,216.4,146.69,131.36
Kitui,2022-05,4.13,4.99,6.51,50.8,225.2,145.82,128.76
Makueni,2022-05,3.17,4.93,7.27,55.7,211.1,151.97,129.63
Embu,2022-05,4.31,4.81,6.6,49.5,207.6,151.39,132.93
Tharaka Nithi,2022-05,3.42,6.11,5.5,49.5,220.8,151.03,130.69
Busia,2022-05,3.73,5.61,5.92,47.2,209.0,150.08,131.13
Siaya,2022-05,3.37,4.1,4.52,54.2,205.8,143.3,132.37
Homa Bay,2022-05,3.34,5.2,6.4,49.0,220.5,144.46,133.74
Migori,2022-05,3.39,5.72,6.77,54.8,219.4,151.66,130.75
Vihiga,2022-05,3.15,5.79,5.48,48.7,226.0,145.81,129.43
Baringo,2022-05,3.33,5.73,5.42,51.3,217.7,148.11,130.09
Elgeyo Marakwet,2022-05,4.22,4.81,5.11,47.3,219.1,144.56,130.1
Samburu,2022-05,3.85,5.88,6.2,49.9,206.0,153.55,126.92
Trans Nzoia,2022-05,3.54,5.69,7.44,54.9,211.8,152.32,129.9
Turkana,2022-05,4.53,4.77,4.86,52.6,225.2,155.4,131.18
West Pokot,2022-05,3.7,4.82,6.37,56.9,208.6,148.18,128.41
Narok,2022-05,3.89,5.82,6.33,53.3,213.2,148.84,130.98
Kajiado,2022-05,3.58,5.16,6.66,55.9,216.3,146.64,130.9
Tana River,2022-05,3.64,5.18,6.93,54.7,224.2,147.02,129.35
Nairobi,2022-06,3.51,6.46,6.61,51.7,206.8,147.24,129.67
Mombasa,2022-06,3.6,6.7,5.81,52.6,204.1,150.05,131.06
Kisumu,2022-06,4.31,4.69,4.84,49.0,209.9,148.82,131.7
Nakuru,2022-06,3.4,5.1,6.81,48.2,209.6,148.28,130.76
Kiambu,2022-06,3.92,5.3,4.92,51.8,215.8,143.56,130.06
Uasin Gishu,2022-06,3.41,5.4,6.22,56.1,223.4,150.92,130.94
Meru,2022-06,3.36,4.99,7.02,51.3,206.2,143.52,131.51
Machakos,2022-06,2.64,6.55,5.74,52.3,210.0,146.63,130.44
Kakamega,2022-06,3.56,4.9,7.46,54.7,222.9,149.4,133.56
Bungoma,2022-06,4.37,5.52,5.21,48.5,204.6,152.29,132.65
Kisii,2022-06,3.38,5.15,8.16,50.4,209.4,149.64,129.85
Nyamira,2022-06,3.34,5.77,4.89,56.2,219.5,147.21,128.92
Nyandarua,2022-06,2.87,6.0,5.54,53.4,219.5,147.35,127.78
Nyeri,2022-06,2.79,4.38,6.87,53.6,210.4,148.51,130.89
Kirinyaga,2022-06,3.34,5.14,6.02,53.2,221.8,149.04,129.0
Murang'a,2022-06,3.28,5.48,6.12,52.1,219.5,149.33,131.04
Laikipia,2022-06,4.12,4.43,5.01,48.4,204.3,147.98,132.1
Nandi,2022-06,3.74,5.41,6.46,49.1,212.1,154.11,128.5
Kericho,2022-06,2.66,4.0,5.56,49.3,222.7,154.01,126.34
Bomet,2022-06,4.29,5.84,5.82,48.1,221.9,149.6,132.44
Kilifi,2022-06,4.17,6.26,4.95,47.0,208.3,146.93,129.41
Kwale,2022-06,4.63,6.02,6.44,51.2,212.2,144.72,129.71
Lamu,2022-06,3.19,5.48,6.7,49.8,214.3,151.3,130.95
Taita Taveta,2022-06,3.51,5.68,6.86,48.9,213.8,146.37,130.79
Garissa,2022-06,3.79,5.15,5.8,51.8,204.7,145.51,129.56
Wajir,2022-06,4.11,4.56,5.41,52.2,223.9,149.63,127.01
Mandera,2022-06,4.0,5.43,5.71,53.8,211.2,147.53,132.59
Marsabit,2022-06,4.13,5.48,5.58,54.9,210.2,143.53,129.87
Isiolo,2022-06,3.47,5.03,7.08,47.1,214.1,145.19,131.55
Kitui,2022-06,4.61,4.39,6.42,51.3,222.9,148.44,132.23
Makueni,2022-06,3.34,4.37,6.73,56.2,208.9,154.84,130.38
Embu,2022-06,3.98,5.11,6.41,49.2,205.6,153.34,129.29
Tharaka Nithi,2022-06,3.64,4.6,5.26,50.7,218.5,155.25,132.79
Busia,2022-06,4.29,5.86,6.22,47.1,207.0,155.21,131.23
Siaya,2022-06,4.46,4.37,5.87,54.0,203.8,148.13,131.9
Homa Bay,2022-06,2.87,5.87,6.24,48.5,218.2,144.94,128.58
Migori,2022-06,3.45,5.6,5.65,54.9,217.1,145.16,131.53
Vihiga,2022-06,3.57,5.06,6.11,49.3,223.6,147.57,130.72
Baringo,2022-06,3.65,4.78,7.52,52.1,215.5,152.22,128.71
Elgeyo Marakwet,2022-06,3.38,5.51,5.42,46.7,216.9,144.44,131.37
Samburu,2022-06,4.4,6.08,6.77,49.7,204.0,152.71,132.21
Trans Nzoia,2022-06,3.74,5.97,6.91,54.7,209.7,148.79,130.1
Turkana,2022-06,4.31,4.47,5.13,52.9,222.8,152.69,129.1
West Pokot,2022-06,3.07,4.57,5.38,57.2,206.5,145.19,131.93
Narok,2022-06,3.92,6.09,5.79,53.1,211.0,146.55,131.4
Kajiado,2022-06,3.47,6.1,6.99,55.2,214.1,144.09,130.74
Tana River,2022-06,4.08,5.19,5.66,54.7,221.9,148.12,134.12
Nairobi,2022-07,3.35,6.54,6.09,51.7,203.3,146.81,132.36
Mombasa,2022-07,3.18,5.66,6.57,53.5,200.6,159.97,131.65
Kisumu,2022-07,3.75,4.66,6.62,49.0,206.3,150.25,130.31
Nakuru,2022-07,3.1,4.13,6.41,49.0,206.1,150.23,130.6
Kiambu,2022-07,3.58,5.18,5.47,51.9,212.1,146.51,130.4
Uasin Gishu,2022-07,4.41,4.33,5.27,57.0,219.5,155.23,131.08
Meru,2022-07,3.36,3.98,7.05,52.2,202.7,149.04,132.01
Machakos,2022-07,3.43,5.6,5.42,53.1,206.5,153.8,129.52
Kakamega,2022-07,4.53,4.39,6.35,55.2,219.0,153.95,134.51
Bungoma,2022-07,2.96,5.81,5.42,48.2,201.1,147.95,131.77
Kisii,2022-07,3.23,4.59,6.58,50.8,205.8,146.64,131.13
Nyamira,2022-07,3.11,5.49,5.31,56.4,215.7,141.13,130.86
Nyandarua,2022-07,4.06,5.26,7.06,54.0,215.6,145.5,130.3
Nyeri,2022-07,2.96,4.63,7.45,53.5,206.8,144.07,131.08
Kirinyaga,2022-07,3.84,5.05,5.67,53.3,218.0,149.62,133.47
Murang'a,2022-07,3.23,4.44,6.72,53.0,215.6,148.94,128.46
Laikipia,2022-07,2.98,5.47,4.68,47.6,200.9,148.24,131.15
Nandi,2022-07,3.19,5.25,6.71,49.2,208.4,148.56,130.43
Kericho,2022-07,3.53,4.53,5.54,48.9,218.8,158.49,132.3
Bomet,2022-07,4.1,5.72,6.72,48.2,218.1,148.7,132.37
Kilifi,2022-07,3.89,5.92,5.72,47.3,204.8,148.82,135.61
Kwale,2022-07,3.68,5.5,5.36,51.6,208.6,145.04,130.76
Lamu,2022-07,2.81,5.13,7.14,50.1,210.6,150.68,132.27
Taita Taveta,2022-07,2.75,5.67,6.84,48.9,210.2,144.09,128.58
Garissa,2022-07,3.29,4.73,6.86,52.2,201.3,145.74,132.3
Wajir,2022-07,4.29,5.26,5.11,51.6,219.9,141.63,131.31
Mandera,2022-07,3.4,5.32,5.32,54.0,207.6,149.91,131.41
Marsabit,2022-07,4.04,5.1,5.38,55.2,206.6,146.51,132.6
Isiolo,2022-07,3.09,5.31,6.17,46.9,210.5,146.38,130.02
Kitui,2022-07,3.42,4.98,5.84,50.8,219.0,145.02,132.72
Makueni,2022-07,3.33,4.91,6.55,55.8,205.4,148.05,128.81
Embu,2022-07,4.47,4.83,6.43,49.5,202.1,150.57,133.18
Tharaka Nithi,2022-07,4.91,4.73,5.14,50.6,214.7,155.89,131.97
Busia,2022-07,4.33,5.41,7.28,47.4,203.5,153.94,129.37
Siaya,2022-07,3.63,3.93,6.0,54.4,200.3,144.23,131.94
Homa Bay,2022-07,3.49,5.25,5.35,49.0,214.5,148.77,133.15
Migori,2022-07,3.09,4.97,6.7,55.5,213.4,145.34,133.03
Vihiga,2022-07,2.86,4.54,5.65,49.7,219.7,145.42,130.14
Baringo,2022-07,4.16,4.43,7.41,52.4,211.8,149.66,129.26
Elgeyo Marakwet,2022-07,2.92,5.95,5.86,46.4,213.1,150.53,130.18
Samburu,2022-07,4.19,6.09,7.18,49.8,200.5,157.27,130.12
Trans Nzoia,2022-07,3.51,5.7,6.9,54.9,206.1,150.55,128.72
Turkana,2022-07,4.42,4.44,5.19,52.9,218.9,155.29,131.69
West Pokot,2022-07,3.83,4.08,5.71,57.6,203.0,152.61,130.32
Narok,2022-07,3.81,5.96,5.87,53.2,207.4,148.34,131.26
Kajiado,2022-07,3.94,5.48,6.44,55.7,210.4,146.38,131.92
Tana River,2022-07,3.66,5.82,6.29,54.2,218.0,144.8,130.84
Nairobi,2022-08,3.34,6.32,6.28,51.9,199.8,146.03,133.72
Mombasa,2022-08,3.39,6.45,6.83,52.9,197.1,152.34,133.08
Kisumu,2022-08,4.57,5.35,5.86,48.5,202.7,153.45,131.15
Nakuru,2022-08,3.23,4.72,5.39,48.6,202.4,152.99,131.18
Kiambu,2022-08,4.1,5.16,5.94,52.0,208.3,144.28,129.67
Uasin Gishu,2022-08,4.39,5.11,5.24,56.4,214.5,153.49,132.26
Meru,2022-08,3.51,4.24,6.16,52.0,199.1,156.13,135.61
Machakos,2022-08,3.79,6.04,5.35,52.8,202.8,148.11,130.5
Kakamega,2022-08,3.46,5.55,7.84,54.3,214.5,156.49,130.16
Bungoma,2022-08,4.09,5.78,4.1,48.3,197.6,149.41,130.34
Kisii,2022-08,3.2,4.73,6.41,50.7,202.2,150.62,131.48
Nyamira,2022-08,2.52,6.29,4.66,55.8,211.8,144.43,131.11
Nyandarua,2022-08,3.09,6.28,6.55,53.2,211.8,147.74,132.01
Nyeri,2022-08,3.58,4.71,5.76,53.4,203.2,145.19,133.34
Kirinyaga,2022-08,5.02,4.43,6.67,53.8,214.0,148.31,134.67
Murang'a,2022-08,2.71,5.79,5.82,51.9,211.8,149.28,131.55
Laikipia,2022-08,4.08,4.65,5.38,48.3,197.3,151.72,132.01
Nandi,2022-08,3.83,4.7,7.22,49.7,204.7,151.15,133.24
Kericho,2022-08,3.49,4.44,5.28,49.0,214.5,155.85,133.49
Bomet,2022-08,3.55,5.34,6.95,48.6,214.1,146.35,129.64
Kilifi,2022-08,3.51,5.66,4.97,47.5,201.2,143.75,129.9
Kwale,2022-08,4.21,5.26,4.84,51.9,204.9,153.36,131.53
Lamu,2022-08,3.39,4.56,7.97,50.5,206.8,150.71,131.26
Taita Taveta,2022-08,4.02,5.88,6.95,48.8,206.4,147.46,131.19
Garissa,2022-08,3.56,4.68,5.9,52.2,197.7,145.79,130.69
Wajir,2022-08,3.48,4.14,5.44,52.5,214.5,150.54,132.91
Mandera,2022-08,2.85,5.52,4.92,53.8,203.9,152.05,130.97
Marsabit,2022-08,4.0,5.25,4.23,55.1,203.0,144.26,131.61
Isiolo,2022-08,3.21,4.78,5.59,47.3,206.7,147.73,129.49
Kitui,2022-08,3.11,4.5,6.14,51.2,214.5,144.04,130.54
Makueni,2022-08,3.48,4.29,6.88,56.3,201.8,150.76,131.85
Embu,2022-08,4.3,5.62,6.7,48.9,198.5,156.79,131.96
Tharaka Nithi,2022-08,3.86,5.25,5.24,50.3,210.9,154.28,132.65
Busia,2022-08,3.73,5.63,5.95,47.3,199.9,154.91,130.78
Siaya,2022-08,3.44,4.14,5.45,54.3,196.8,146.62,130.96
Homa Bay,2022-08,3.78,5.34,6.87,48.9,210.6,144.75,131.32
Migori,2022-08,2.89,5.45,5.46,55.1,209.5,153.22,132.75
Vihiga,2022-08,3.54,5.0,5.09,49.4,214.5,146.83,133.9
Baringo,2022-08,4.6,5.45,6.33,51.6,208.0,154.33,130.56
Elgeyo Marakwet,2022-08,3.42,6.09,5.14,46.3,209.3,149.56,132.38
Samburu,2022-08,4.06,5.52,6.47,50.2,197.0,155.45,129.46
Trans Nzoia,2022-08,3.61,6.16,7.42,54.6,202.5,144.96,133.57
Turkana,2022-08,4.66,5.07,4.82,52.5,214.5,151.28,131.53
West Pokot,2022-08,3.81,4.56,6.37,57.2,199.5,150.21,132.0
Narok,2022-08,3.82,5.45,6.11,53.6,203.7,153.99,133.8
Kajiado,2022-08,4.16,6.22,7.13,55.1,206.7,150.86,129.34
Tana River,2022-08,3.82,5.3,5.84,54.7,214.1,144.22,132.34
Nairobi,2022-09,3.64,5.45,6.09,52.6,197.5,151.04,130.68
Mombasa,2022-09,3.26,5.71,6.46,53.5,194.9,153.13,132.14
Kisumu,2022-09,4.03,4.83,5.4,49.0,200.3,152.28,135.29
Nakuru,2022-09,4.59,4.61,5.06,48.7,200.1,151.45,132.28
Kiambu,2022-09,4.01,5.77,5.43,51.5,205.8,149.85,133.9
Uasin Gishu,2022-09,3.19,4.34,5.08,57.0,210.5,154.38,131.66
Meru,2022-09,3.61,4.95,7.23,51.4,196.8,152.69,130.72
Machakos,2022-09,3.11,5.82,5.77,53.0,200.5,152.37,135.08
Kakamega,2022-09,3.49,4.85,8.12,54.9,210.5,153.19,132.22
Bungoma,2022-09,3.35,5.91,4.79,48.2,195.4,152.39,132.22
Kisii,2022-09,3.15,5.17,6.75,50.4,199.9,154.29,130.28
Nyamira,2022-09,3.42,5.99,4.94,56.1,209.3,144.21,131.94
Nyandarua,2022-09,3.63,6.15,6.2,53.4,209.3,142.89,131.35
Nyeri,2022-09,3.3,4.76,6.67,53.4,200.8,144.38,133.66
Kirinyaga,2022-09,3.5,5.09,5.6,53.3,210.5,143.45,129.84
Murang'a,2022-09,3.06,5.77,5.35,52.0,209.3,155.72,132.26
Laikipia,2022-09,4.2,4.73,5.3,48.3,195.1,152.62,133.23
Nandi,2022-09,3.35,5.4,7.37,49.2,202.4,151.6,132.36
Kericho,2022-09,2.61,4.8,6.56,48.8,210.5,150.35,131.86
Bomet,2022-09,4.12,5.81,6.69,48.2,210.5,150.22,131.36
Kilifi,2022-09,3.9,5.85,5.05,47.4,198.9,150.07,134.35
Kwale,2022-09,3.78,5.28,4.94,51.9,202.5,146.08,129.99
Lamu,2022-09,3.31,4.65,6.57,50.5,204.4,153.49,129.7
Taita Taveta,2022-09,2.8,6.22,5.96,48.5,204.0,146.08,129.3
Garissa,2022-09,3.22,4.63,6.28,52.3,195.5,155.96,133.63
Wajir,2022-09,3.67,4.3,6.64,52.4,210.5,151.61,132.88
Mandera,2022-09,3.83,5.73,4.73,53.7,201.5,152.79,132.11
Marsabit,2022-09,3.4,5.04,5.94,55.3,200.6,147.49,135.11
Isiolo,2022-09,2.48,5.13,5.58,47.0,204.3,144.64,130.76
Kitui,2022-09,3.9,4.78,6.04,51.0,210.5,140.69,134.22
Makueni,2022-09,3.36,4.13,6.99,56.5,199.4,153.21,131.52
Embu,2022-09,4.01,4.82,6.44,49.5,196.3,151.98,131.09
Tharaka Nithi,2022-09,4.29,5.89,6.47,49.8,208.4,158.14,131.51
Busia,2022-09,3.4,6.21,6.97,46.9,197.6,152.97,133.38
Siaya,2022-09,3.61,5.01,4.95,53.6,194.6,153.54,133.18
Homa Bay,2022-09,4.4,5.32,6.51,49.0,208.1,145.46,133.27
Migori,2022-09,3.82,6.55,6.54,54.2,207.1,153.86,131.29
Vihiga,2022-09,3.44,4.83,5.59,49.6,210.5,150.45,131.47
Baringo,2022-09,4.05,5.26,6.4,51.8,205.5,154.16,132.26
Elgeyo Marakwet,2022-09,3.47,4.97,5.77,47.3,206.9,149.36,131.4
Samburu,2022-09,4.91,5.01,7.22,50.7,194.8,157.42,132.81
Trans Nzoia,2022-09,3.63,6.17,7.36,54.6,200.1,147.67,132.45
Turkana,2022-09,3.91,4.47,5.7,53.0,210.5,151.27,129.75
West Pokot,2022-09,3.49,4.23,6.74,57.5,197.2,151.64,134.07
Narok,2022-09,3.74,5.93,7.81,53.3,201.4,150.0,133.29
Kajiado,2022-09,4.22,5.13,7.03,56.0,204.3,151.93,131.61
Tana River,2022-09,3.58,5.72,5.92,54.4,210.5,155.78,132.17
Nairobi,2022-10,3.02,5.72,6.32,52.4,197.6,155.5,131.07
Mombasa,2022-10,3.15,5.57,6.45,53.6,195.0,154.83,130.69
Kisumu,2022-10,3.89,4.62,5.07,49.1,200.4,150.33,134.18
Nakuru,2022-10,3.44,4.41,5.99,48.9,200.2,150.53,130.4
Kiambu,2022-10,4.24,6.0,6.11,51.4,205.9,148.34,129.26
Uasin Gishu,2022-10,4.36,4.33,4.74,57.0,209.0,155.25,134.47
Meru,2022-10,3.86,4.92,6.21,51.5,196.9,150.67,132.92
Machakos,2022-10,3.12,6.21,5.93,52.7,200.5,153.67,128.61
Kakamega,2022-10,3.73,4.65,7.02,55.0,209.0,153.39,130.41
Bungoma,2022-10,3.92,5.73,5.46,48.4,195.5,147.94,134.52
Kisii,2022-10,3.92,4.95,6.55,50.6,199.9,154.68,132.99
Nyamira,2022-10,3.37,6.1,5.86,56.0,209.0,144.93,130.82
Nyandarua,2022-10,2.83,5.1,6.38,54.2,209.0,149.24,132.37
Nyeri,2022-10,3.28,5.04,6.8,53.2,200.9,148.36,134.13
Kirinyaga,2022-10,3.4,5.75,6.24,52.8,209.0,157.42,130.94
Murang'a,2022-10,3.46,5.29,7.08,52.4,209.0,150.2,132.84
Laikipia,2022-10,3.4,5.46,4.72,47.7,195.2,158.11,130.91
Nandi,2022-10,2.91,5.6,6.52,49.0,202.4,154.23,131.92
Kericho,2022-10,2.84,4.49,6.21,49.0,209.0,157.79,132.75
Bomet,2022-10,4.21,5.37,6.44,48.6,209.0,153.28,132.2
Kilifi,2022-10,3.84,5.35,4.6,47.8,198.9,153.42,132.76
Kwale,2022-10,4.31,5.6,4.66,51.6,202.5,148.94,133.68
Lamu,2022-10,3.16,5.26,6.38,50.0,204.5,153.25,132.29
Taita Taveta,2022-10,3.99,6.04,7.8,48.7,204.1,145.67,132.59
Garissa,2022-10,3.49,4.71,5.81,52.3,195.6,154.54,132.42
Wajir,2022-10,3.61,4.78,5.13,52.1,209.0,157.47,133.97
Mandera,2022-10,3.83,5.57,5.95,53.8,201.6,156.02,128.03
Marsabit,2022-10,4.02,5.27,4.53,55.1,200.7,151.21,135.77
Isiolo,2022-10,3.4,5.79,7.26,46.5,204.3,146.47,129.61
Kitui,2022-10,4.04,4.58,5.69,51.2,209.0,147.84,133.49
Makueni,2022-10,3.42,4.27,6.74,56.4,199.5,153.24,129.51
Embu,2022-10,3.89,4.75,6.39,49.6,196.4,150.99,133.92
Tharaka Nithi,2022-10,3.87,5.2,5.83,50.3,208.4,153.07,132.82
Busia,2022-10,3.73,5.43,6.49,47.5,197.7,152.27,130.5
Siaya,2022-10,3.84,4.4,5.29,54.1,194.7,149.29,132.49
Homa Bay,2022-10,3.93,5.55,5.3,48.8,208.1,143.83,135.29
Migori,2022-10,3.46,5.98,6.13,54.7,207.1,152.21,131.72
Vihiga,2022-10,4.21,5.09,5.26,49.4,209.0,145.68,135.36
Baringo,2022-10,3.96,5.71,7.02,51.5,205.6,150.24,133.41
Elgeyo Marakwet,2022-10,3.09,5.16,6.14,47.1,206.9,148.0,133.18
Samburu,2022-10,4.24,6.18,6.05,49.8,194.9,154.23,131.91
Trans Nzoia,2022-10,3.23,6.12,7.52,54.6,200.2,154.59,131.89
Turkana,2022-10,4.1,5.09,5.65,52.5,209.0,151.03,135.13
West Pokot,2022-10,4.07,4.94,6.83,57.0,197.3,153.49,130.86
Narok,2022-10,3.96,4.93,6.6,54.1,201.4,149.13,132.34
Kajiado,2022-10,4.42,5.51,6.61,55.7,204.3,151.78,129.64
Tana River,2022-10,3.83,4.45,6.11,55.4,209.0,152.65,133.07
Nairobi,2022-11,3.27,5.94,5.93,52.3,200.4,148.95,137.2
Mombasa,2022-11,3.93,5.81,6.28,53.5,197.8,154.16,131.6
Kisumu,2022-11,4.11,4.53,5.82,49.2,203.3,157.36,133.3
Nakuru,2022-11,3.61,4.2,6.6,49.1,203.0,147.63,132.17
Kiambu,2022-11,3.98,6.07,5.17,51.3,208.8,146.64,131.75
Uasin Gishu,2022-11,3.26,4.42,4.32,57.0,210.5,157.53,133.39
Meru,2022-11,3.66,4.18,5.77,52.1,199.8,152.51,132.9
Machakos,2022-11,3.11,5.74,6.37,53.1,203.4,153.88,135.76
Kakamega,2022-11,4.19,5.38,6.4,54.5,210.5,158.13,132.15
Bungoma,2022-11,3.07,6.48,5.03,47.8,198.3,147.49,132.18
Kisii,2022-11,3.21,4.56,6.55,51.0,202.8,158.02,131.8
Nyamira,2022-11,3.94,6.03,5.35,56.1,210.5,151.63,132.82
Nyandarua,2022-11,3.66,5.93,5.58,53.6,210.5,149.03,133.98
Nyeri,2022-11,3.38,4.64,6.42,53.6,203.8,143.9,130.47
Kirinyaga,2022-11,2.83,5.19,5.21,53.3,210.5,150.12,131.65
Murang'a,2022-11,3.14,4.8,6.72,52.8,210.5,148.52,134.5
Laikipia,2022-11,3.41,5.05,5.05,48.1,198.1,154.5,132.86
Nandi,2022-11,3.28,5.35,7.05,49.2,205.3,152.66,133.44
Kericho,2022-11,3.84,4.81,6.05,48.8,210.5,156.0,131.4
Bomet,2022-11,3.45,5.93,7.08,48.2,210.5,161.15,134.27
Kilifi,2022-11,3.47,5.53,6.78,47.7,201.8,151.03,132.87
Kwale,2022-11,3.57,6.41,5.26,51.0,205.4,147.3,131.31
Lamu,2022-11,3.38,4.96,7.3,50.3,207.4,156.07,132.4
Taita Taveta,2022-11,3.28,5.89,6.65,48.8,207.0,150.02,132.82
Garissa,2022-11,3.06,4.71,6.03,52.3,198.4,147.66,132.27
Wajir,2022-11,4.14,4.82,5.5,52.1,210.5,152.52,134.76
Mandera,2022-11,3.92,5.19,5.34,54.2,204.5,150.71,135.35
Marsabit,2022-11,4.56,5.52,5.61,55.0,203.6,150.02,133.35
Isiolo,2022-11,2.54,5.32,5.91,46.9,207.2,150.51,132.71
Kitui,2022-11,4.56,5.05,6.52,50.9,210.5,147.97,135.31
Makueni,2022-11,3.46,4.72,6.87,56.0,202.4,152.79,132.85
Embu,2022-11,3.17,4.67,6.23,49.7,199.2,161.08,133.32
Tharaka Nithi,2022-11,3.75,4.84,6.07,50.7,210.5,154.67,133.76
Busia,2022-11,4.18,5.84,6.3,47.2,200.5,157.54,132.62
Siaya,2022-11,3.49,4.03,4.01,54.4,197.5,148.46,135.08
Homa Bay,2022-11,3.98,5.6,5.94,48.8,210.5,152.76,132.62
Migori,2022-11,4.09,5.21,5.92,55.4,210.0,150.54,130.58
Vihiga,2022-11,2.85,5.03,5.17,49.4,210.5,139.76,134.41
Baringo,2022-11,3.35,5.65,6.61,51.5,208.5,158.68,134.3
Elgeyo Marakwet,2022-11,3.13,5.28,6.31,47.1,209.8,144.74,133.09
Samburu,2022-11,4.02,5.79,7.01,50.1,197.7,157.25,133.49
Trans Nzoia,2022-11,3.62,6.12,6.97,54.7,203.1,149.27,132.81
Turkana,2022-11,3.7,4.6,5.17,52.9,210.5,154.0,132.85
West Pokot,2022-11,4.07,4.36,6.33,57.4,200.1,152.94,131.89
Narok,2022-11,4.04,5.99,6.49,53.3,204.3,151.02,131.74
Kajiado,2022-11,4.73,5.44,5.9,55.8,207.2,155.0,132.63
Tana River,2022-11,3.81,5.23,7.34,54.8,210.5,151.84,133.62
Nairobi,2022-12,3.58,6.03,7.16,52.2,205.8,148.91,131.01
Mombasa,2022-12,3.54,5.99,6.26,53.3,203.1,159.21,132.64
Kisumu,2022-12,3.98,4.69,5.07,49.1,208.7,156.92,131.08
Nakuru,2022-12,4.51,5.22,5.33,48.3,208.4,151.09,132.95
Kiambu,2022-12,3.75,5.27,5.42,52.0,214.3,148.2,132.09
Uasin Gishu,2022-12,3.39,5.05,4.28,56.5,214.5,157.62,134.4
Meru,2022-12,3.35,4.58,6.95,51.8,205.1,150.94,132.3
Machakos,2022-12,2.97,6.33,6.16,52.6,208.8,149.11,134.71
Kakamega,2022-12,4.01,5.32,7.13,54.6,214.5,156.92,134.92
Bungoma,2022-12,4.01,6.78,5.66,47.6,203.6,151.81,131.44
Kisii,2022-12,3.29,4.27,6.55,51.2,208.2,156.31,133.19
Nyamira,2022-12,3.69,5.82,4.95,56.3,214.5,150.35,133.91
Nyandarua,2022-12,3.2,5.77,6.03,53.7,214.5,147.54,136.59
Nyeri,2022-12,3.99,4.0,5.54,54.1,209.2,148.96,134.54
Kirinyaga,2022-12,3.24,5.33,6.49,53.2,214.5,152.33,134.33
Murang'a,2022-12,3.04,5.43,6.86,52.3,214.5,152.94,136.06
Laikipia,2022-12,3.94,5.34,5.03,47.9,203.3,157.09,132.72
Nandi,2022-12,3.56,4.85,7.33,49.7,210.7,156.53,136.17
Kericho,2022-12,4.32,4.83,5.61,48.8,214.5,153.34,134.56
Bomet,2022-12,3.85,6.02,7.47,48.1,214.5,151.02,131.81
Kilifi,2022-12,3.85,6.17,5.91,47.2,207.2,149.68,134.33
Kwale,2022-12,3.47,5.45,4.96,51.8,210.9,148.66,134.53
Lamu,2022-12,3.37,5.65,6.76,49.8,212.8,154.76,135.02
Taita Taveta,2022-12,3.46,6.56,7.2,48.3,212.4,144.05,134.97
Garissa,2022-12,3.79,4.85,5.26,52.2,203.7,148.9,132.32
Wajir,2022-12,3.71,5.49,5.28,51.6,214.5,150.41,134.03
Mandera,2022-12,4.04,4.29,5.15,54.9,209.9,150.18,133.8
Marsabit,2022-12,3.66,5.27,4.14,55.2,209.0,149.04,134.87
Isiolo,2022-12,3.74,5.64,5.69,46.7,212.7,154.14,134.29
Kitui,2022-12,3.74,3.87,6.86,51.8,214.5,147.7,133.72
Makueni,2022-12,3.51,5.2,6.79,55.7,207.8,154.65,135.57
Embu,2022-12,3.69,5.62,5.96,49.0,204.5,154.06,133.2
Tharaka Nithi,2022-12,4.31,5.96,6.42,49.8,214.5,156.19,131.72
Busia,2022-12,3.9,5.18,6.18,47.8,205.9,156.06,134.29
Siaya,2022-12,2.86,4.13,4.84,54.4,202.8,153.27,131.53
Homa Bay,2022-12,3.78,5.46,6.83,48.9,214.5,152.26,133.38
Migori,2022-12,3.24,4.86,6.42,55.7,214.5,155.37,130.84
Vihiga,2022-12,2.74,5.1,5.7,49.4,214.5,149.06,132.34
Baringo,2022-12,3.29,5.97,5.94,51.3,214.0,154.65,133.15
Elgeyo Marakwet,2022-12,3.85,5.24,5.59,47.1,214.5,144.78,130.29
Samburu,2022-12,4.32,5.22,6.72,50.6,203.0,160.42,134.32
Trans Nzoia,2022-12,3.3,5.32,7.18,55.3,208.5,155.98,132.21
Turkana,2022-12,3.67,4.7,5.62,52.9,214.5,158.75,131.34
West Pokot,2022-12,3.11,5.5,6.14,56.6,205.5,154.04,132.16
Narok,2022-12,4.21,5.98,6.54,53.3,209.7,156.26,132.71
Kajiado,2022-12,3.84,5.79,6.97,55.6,212.7,153.8,131.27
Tana River,2022-12,4.06,5.3,6.11,54.8,214.5,151.58,131.76
Nairobi,2023-01,3.06,4.88,7.34,53.2,212.6,152.03,133.42
Mombasa,2023-01,2.93,4.64,5.84,54.5,209.9,160.65,135.01
Kisumu,2023-01,4.23,4.81,6.02,49.1,215.6,153.06,135.23
Nakuru,2023-01,3.42,4.52,5.72,48.9,215.3,149.27,134.59
Kiambu,2023-01,3.3,5.25,5.76,52.0,220.0,150.25,135.04
Uasin Gishu,2023-01,3.95,4.38,5.17,57.1,220.0,157.26,132.22
Meru,2023-01,3.0,4.29,7.39,52.1,211.9,152.51,135.45
Machakos,2023-01,2.99,6.22,5.97,52.7,215.7,156.86,134.18
Kakamega,2023-01,4.24,4.86,7.8,54.9,220.0,152.89,134.12
Bungoma,2023-01,3.85,5.51,5.47,48.6,210.4,147.58,132.62
Kisii,2023-01,2.73,5.47,6.54,50.3,215.1,160.73,134.8
Nyamira,2023-01,3.46,5.46,4.63,56.6,220.0,152.36,133.49
Nyandarua,2023-01,2.61,5.11,5.93,54.3,220.0,155.0,136.92
Nyeri,2023-01,3.58,4.65,6.56,53.6,216.1,146.63,135.66
Kirinyaga,2023-01,4.2,4.57,6.42,53.8,220.0,152.17,132.97
Murang'a,2023-01,3.73,5.02,6.75,52.7,220.0,155.92,133.39
Laikipia,2023-01,4.02,5.15,5.66,48.0,210.1,150.6,133.08
Nandi,2023-01,3.42,4.15,6.27,50.3,217.7,153.91,135.02
Kericho,2023-01,3.08,4.2,5.99,49.3,220.0,152.03,130.49
Bomet,2023-01,3.63,5.22,5.9,48.8,220.0,155.91,134.91
Kilifi,2023-01,4.26,6.29,6.26,47.2,214.0,146.69,134.28
Kwale,2023-01,3.75,5.49,5.29,51.8,217.8,145.83,130.97
Lamu,2023-01,3.51,5.14,6.95,50.2,219.8,153.19,134.72
Taita Taveta,2023-01,3.77,6.0,6.34,48.8,219.4,150.53,134.86
Garissa,2023-01,3.95,4.34,6.09,52.6,210.5,151.1,134.01
Wajir,2023-01,3.81,3.63,5.89,53.1,220.0,156.6,132.68
Mandera,2023-01,3.38,5.57,5.38,53.9,216.8,158.11,133.68
Marsabit,2023-01,3.46,4.74,5.61,55.6,215.9,152.46,135.19
Isiolo,2023-01,2.79,6.09,5.48,46.4,219.7,153.19,130.74
Kitui,2023-01,3.47,5.31,6.8,50.7,220.0,148.54,132.82
Makueni,2023-01,3.52,4.8,7.48,56.0,214.6,154.03,131.18
Embu,2023-01,4.02,5.11,5.41,49.4,211.3,158.67,133.28
Tharaka Nithi,2023-01,4.16,5.06,5.92,50.5,220.0,153.82,132.36
Busia,2023-01,3.93,6.35,6.68,46.8,212.7,161.02,135.73
Siaya,2023-01,5.19,4.44,5.91,54.2,209.6,153.45,135.09
Homa Bay,2023-01,4.4,5.35,6.05,49.0,220.0,152.13,133.33
Migori,2023-01,3.59,6.23,6.06,54.6,220.0,153.57,133.86
Vihiga,2023-01,3.14,4.23,5.24,50.1,220.0,154.79,135.76
Baringo,2023-01,3.57,4.95,6.6,52.1,220.0,147.5,132.93
Elgeyo Marakwet,2023-01,2.64,6.11,5.18,46.4,220.0,155.53,135.27
Samburu,2023-01,3.82,5.51,6.73,50.4,209.8,157.77,134.12
Trans Nzoia,2023-01,3.26,6.25,7.06,54.6,215.4,151.63,132.53
Turkana,2023-01,3.92,4.59,5.37,53.0,220.0,156.02,133.99
West Pokot,2023-01,4.42,4.51,6.73,57.4,212.3,154.67,133.24
Narok,2023-01,3.97,5.57,6.53,53.7,216.7,148.86,131.4
Kajiado,2023-01,4.21,6.06,7.11,55.4,219.7,154.28,134.75
Tana River,2023-01,4.22,5.76,5.97,54.4,220.0,148.89,133.02
Nairobi,2023-02,3.51,5.84,5.53,52.4,219.5,156.23,133.59
Mombasa,2023-02,3.27,6.29,5.03,53.2,216.7,157.66,133.42
Kisumu,2023-02,3.84,4.68,6.09,49.2,222.5,156.77,135.44
Nakuru,2023-02,3.59,4.32,5.18,49.0,222.3,148.58,134.54
Kiambu,2023-02,3.61,5.58,5.22,51.8,225.5,156.0,132.77
Uasin Gishu,2023-02,4.12,4.68,5.1,56.9,225.5,161.11,136.19
Meru,2023-02,3.35,4.89,6.55,51.6,218.8,154.47,134.31
Machakos,2023-02,2.9,5.74,5.23,53.1,222.7,157.4,133.86
Kakamega,2023-02,3.17,4.42,5.34,55.3,225.5,156.96,134.06
Bungoma,2023-02,3.68,6.68,5.46,47.7,217.2,154.34,131.54
Kisii,2023-02,3.38,4.65,6.26,51.0,222.0,152.53,131.29
Nyamira,2023-02,2.77,6.04,5.08,56.1,225.5,149.97,133.99
Nyandarua,2023-02,3.61,5.72,6.68,53.8,225.5,147.7,133.07
Nyeri,2023-02,3.64,5.35,7.44,53.1,223.1,151.88,134.23
Kirinyaga,2023-02,4.01,5.25,5.31,53.3,225.5,151.06,134.51
Murang'a,2023-02,2.55,5.19,6.17,52.6,225.5,153.67,133.57
Laikipia,2023-02,3.55,5.42,4.92,47.9,216.9,154.71,131.98
Nandi,2023-02,3.86,4.96,6.27,49.6,224.7,157.69,132.85
Kericho,2023-02,3.16,4.64,5.42,49.0,225.5,164.52,133.89
Bomet,2023-02,4.02,5.03,6.18,48.9,225.5,151.63,132.57
Kilifi,2023-02,4.11,6.26,5.81,47.2,221.0,153.09,133.05
Kwale,2023-02,4.4,6.62,5.08,50.9,224.8,154.54,134.52
Lamu,2023-02,3.56,4.49,6.64,50.7,225.5,157.72,135.82
Taita Taveta,2023-02,3.18,5.15,6.68,49.5,225.5,155.54,131.62
Garissa,2023-02,2.95,4.53,6.16,52.5,217.3,154.07,132.16
Wajir,2023-02,3.92,5.27,4.69,51.8,225.5,156.35,132.4
Mandera,2023-02,4.15,5.48,4.9,54.0,223.8,154.33,134.82
Marsabit,2023-02,3.77,5.72,5.9,54.9,222.9,147.82,132.12
Isiolo,2023-02,2.66,5.0,6.91,47.3,225.5,153.45,133.18
Kitui,2023-02,3.78,5.25,7.34,50.8,225.5,151.65,130.01
Makueni,2023-02,3.6,4.97,6.96,55.9,221.6,158.28,134.54
Embu,2023-02,3.46,4.94,5.9,49.6,218.2,161.67,132.85
Tharaka Nithi,2023-02,4.22,5.55,6.47,50.2,225.5,158.35,131.37
Busia,2023-02,4.29,6.51,6.64,46.7,219.6,156.12,132.38
Siaya,2023-02,3.37,5.23,5.04,53.6,216.4,149.12,133.76
Homa Bay,2023-02,3.56,6.14,5.8,48.4,225.5,155.41,134.18
Migori,2023-02,3.95,6.24,6.34,54.6,225.5,154.24,134.1
Vihiga,2023-02,3.2,4.34,6.31,50.1,225.5,154.17,132.26
Baringo,2023-02,3.21,4.49,6.97,52.5,225.5,152.57,133.32
Elgeyo Marakwet,2023-02,3.53,5.36,5.83,47.1,225.5,151.56,133.87
Samburu,2023-02,3.45,5.61,7.13,50.3,216.6,156.74,135.81
Trans Nzoia,2023-02,4.51,6.22,7.67,54.7,222.3,155.51,133.2
Turkana,2023-02,4.07,5.72,5.08,52.1,225.5,153.34,132.3
West Pokot,2023-02,3.62,4.16,7.07,57.7,219.2,155.33,135.46
Narok,2023-02,3.9,5.14,5.74,54.0,223.7,149.71,134.52
Kajiado,2023-02,4.16,5.95,5.99,55.5,225.5,154.51,132.46
Tana River,2023-02,4.1,5.64,5.82,54.6,225.5,155.78,137.51
Nairobi,2023-03,3.85,5.87,6.31,52.4,225.0,151.13,133.26
Mombasa,2023-03,3.3,5.34,5.26,53.9,222.2,160.56,134.43
Kisumu,2023-03,3.75,4.24,5.51,49.6,228.1,152.48,134.19
Nakuru,2023-03,4.28,5.14,5.54,48.4,227.9,150.04,134.63
Kiambu,2023-03,3.05,4.87,5.67,52.4,229.5,151.63,135.08
Uasin Gishu,2023-03,3.85,4.66,4.8,56.9,229.5,159.83,136.69
Meru,2023-03,3.25,4.16,5.8,52.2,224.3,152.55,134.7
Machakos,2023-03,2.32,6.04,5.84,52.9,228.3,150.01,132.93
Kakamega,2023-03,3.72,4.65,7.2,55.2,229.5,158.72,136.3
Bungoma,2023-03,3.61,5.5,4.65,48.7,222.7,155.66,134.44
Kisii,2023-03,3.78,5.09,5.65,50.6,227.6,152.21,132.87
Nyamira,2023-03,2.96,5.53,5.65,56.6,229.5,155.78,133.96
Nyandarua,2023-03,3.05,5.44,6.46,54.1,229.5,151.55,135.61
Nyeri,2023-03,3.82,3.68,6.65,54.4,228.7,154.99,133.74
Kirinyaga,2023-03,3.91,4.81,6.55,53.7,229.5,151.51,132.75
Murang'a,2023-03,3.55,5.91,6.53,52.0,229.5,151.46,134.47
Laikipia,2023-03,4.17,5.79,4.89,47.6,222.4,151.58,135.66
Nandi,2023-03,3.35,5.6,6.96,49.1,229.5,155.11,134.49
Kericho,2023-03,3.89,4.48,5.06,49.2,229.5,153.52,133.24
Bomet,2023-03,3.61,6.14,6.05,48.1,229.5,160.25,132.39
Kilifi,2023-03,4.88,6.54,5.71,47.0,226.5,149.53,134.32
Kwale,2023-03,3.81,5.28,5.16,52.0,229.5,149.95,133.33
Lamu,2023-03,3.18,4.72,7.92,50.6,229.5,155.62,135.06
Taita Taveta,2023-03,3.56,6.11,7.14,48.8,229.5,155.85,134.8
Garissa,2023-03,3.52,4.5,6.15,52.6,222.8,150.25,134.31
Wajir,2023-03,4.15,4.96,5.38,52.1,229.5,151.92,134.31
Mandera,2023-03,3.59,5.76,5.36,53.8,229.4,157.06,135.9
Marsabit,2023-03,3.49,5.51,5.2,55.1,228.5,158.13,134.08
Isiolo,2023-03,3.46,5.36,5.66,47.0,229.5,150.9,135.72
Kitui,2023-03,3.61,3.8,6.37,52.0,229.5,148.3,134.6
Makueni,2023-03,4.1,4.9,7.62,56.0,227.1,155.12,134.19
Embu,2023-03,3.54,5.03,5.6,49.5,223.7,155.25,136.45
Tharaka Nithi,2023-03,3.21,5.97,6.3,49.8,229.5,160.67,132.73
Busia,2023-03,3.4,5.44,6.6,47.6,225.1,159.19,132.83
Siaya,2023-03,4.21,5.1,5.09,53.7,221.9,152.14,132.14
Homa Bay,2023-03,3.53,5.72,6.48,48.8,229.5,151.05,133.99
Migori,2023-03,3.29,5.5,6.51,55.2,229.5,149.98,134.29
Vihiga,2023-03,3.38,4.77,5.29,49.8,229.5,152.78,133.68
Baringo,2023-03,4.04,5.47,5.54,51.8,229.5,157.08,133.97
Elgeyo Marakwet,2023-03,4.11,5.09,5.13,47.3,229.5,151.36,135.02
Samburu,2023-03,3.3,5.61,7.13,50.3,222.1,156.64,136.46
Trans Nzoia,2023-03,3.39,5.6,7.23,55.2,227.9,158.87,135.02
Turkana,2023-03,4.5,5.59,4.88,52.2,229.5,159.98,132.11
West Pokot,2023-03,3.88,4.54,6.85,57.4,224.7,158.9,135.25
Narok,2023-03,4.14,5.8,6.42,53.5,229.3,152.95,136.56
Kajiado,2023-03,4.58,5.65,6.85,55.7,229.5,155.46,131.98
Tana River,2023-03,3.81,6.09,6.03,54.2,229.5,159.92,136.16
Nairobi,2023-04,3.68,6.16,6.01,52.2,228.1,151.66,136.96
Mombasa,2023-04,2.96,6.23,5.51,53.3,225.2,157.0,137.65
Kisumu,2023-04,3.97,4.54,6.05,49.4,231.0,159.89,136.18
Nakuru,2023-04,3.35,4.77,6.38,48.7,230.9,156.65,134.04
Kiambu,2023-04,3.67,5.78,6.04,51.7,231.0,153.63,132.54
Uasin Gishu,2023-04,3.67,4.32,5.41,57.2,231.0,161.75,134.95
Meru,2023-04,3.34,4.6,6.47,51.9,227.4,153.93,132.97
Machakos,2023-04,2.36,6.38,5.77,52.7,231.0,157.19,136.7
Kakamega,2023-04,3.19,4.02,7.13,55.7,231.0,160.73,132.2
Bungoma,2023-04,3.89,5.73,4.77,48.5,225.7,153.15,131.14
Kisii,2023-04,3.3,4.57,6.94,51.1,230.7,155.85,135.76
Nyamira,2023-04,2.26,5.36,5.43,56.7,231.0,151.96,136.07
Nyandarua,2023-04,2.43,6.01,6.09,53.6,231.0,149.43,136.29
Nyeri,2023-04,3.97,5.01,7.75,53.4,231.0,155.34,133.61
Kirinyaga,2023-04,3.51,4.79,7.47,53.7,231.0,158.94,134.52
Murang'a,2023-04,3.61,5.06,6.65,52.7,231.0,153.02,132.27
Laikipia,2023-04,3.98,5.46,5.28,47.9,225.5,156.72,132.9
Nandi,2023-04,2.99,4.84,6.7,49.8,231.0,161.68,136.39
Kericho,2023-04,2.71,4.26,5.22,49.4,231.0,151.39,135.65
Bomet,2023-04,3.68,5.76,7.28,48.4,231.0,156.56,134.15
Kilifi,2023-04,4.18,6.27,5.78,47.2,229.6,157.24,134.58
Kwale,2023-04,3.93,5.84,4.64,51.6,231.0,151.42,136.87
Lamu,2023-04,4.07,5.59,6.22,49.9,231.0,153.67,133.01
Taita Taveta,2023-04,3.56,4.85,6.63,49.8,231.0,158.13,136.27
Garissa,2023-04,3.23,4.3,6.5,52.7,225.9,156.49,134.0
Wajir,2023-04,3.96,4.57,4.62,52.4,231.0,152.66,134.36
Mandera,2023-04,3.31,5.89,5.72,53.7,231.0,159.31,133.65
Marsabit,2023-04,2.98,5.46,4.85,55.1,231.0,150.09,132.91
Isiolo,2023-04,3.07,5.99,6.1,46.5,231.0,149.9,135.78
Kitui,2023-04,3.86,3.85,6.71,51.9,231.0,158.66,130.9
Makueni,2023-04,2.99,3.46,6.81,57.2,230.2,160.47,134.96
Embu,2023-04,4.52,5.64,6.91,49.1,226.8,163.35,134.2
Tharaka Nithi,2023-04,4.07,5.08,5.56,50.6,231.0,160.06,134.67
Busia,2023-04,4.57,5.53,5.82,47.6,228.2,157.28,135.78
Siaya,2023-04,3.19,4.35,5.87,54.3,224.9,153.39,134.69
Homa Bay,2023-04,3.68,5.11,5.88,49.3,231.0,152.69,135.21
Migori,2023-04,3.85,5.65,6.98,55.1,231.0,161.4,135.99
Vihiga,2023-04,3.73,4.61,4.96,49.9,231.0,156.38,132.79
Baringo,2023-04,3.92,5.73,7.3,51.6,231.0,155.06,133.83
Elgeyo Marakwet,2023-04,3.47,5.14,5.47,47.3,231.0,152.65,134.76
Samburu,2023-04,4.12,5.61,6.47,50.4,225.1,157.94,132.37
Trans Nzoia,2023-04,3.71,6.32,7.33,54.6,231.0,153.96,133.58
Turkana,2023-04,4.29,5.18,5.45,52.6,231.0,163.09,134.76
West Pokot,2023-04,3.61,4.41,5.45,57.5,227.7,158.07,134.64
Narok,2023-04,4.23,6.34,6.2,53.1,231.0,146.82,135.52
Kajiado,2023-04,4.02,5.42,6.93,56.0,231.0,158.27,133.38
Tana River,2023-04,3.82,6.05,6.04,54.3,231.0,154.48,130.86
Nairobi,2023-05,2.93,6.0,7.08,52.4,228.2,149.07,135.31
Mombasa,2023-05,3.05,6.19,5.59,53.3,225.4,162.59,134.22
Kisumu,2023-05,4.07,4.79,5.24,49.2,229.5,158.28,135.27
Nakuru,2023-05,3.52,4.74,6.26,48.8,229.5,155.93,133.72
Kiambu,2023-05,3.46,5.25,5.38,52.1,229.5,150.29,136.36
Uasin Gishu,2023-05,4.02,4.32,5.13,57.2,229.5,161.6,134.94
Meru,2023-05,3.16,4.14,6.8,52.3,227.5,159.26,134.89
Machakos,2023-05,3.49,4.69,6.18,54.1,229.5,156.33,135.41
Kakamega,2023-05,3.56,5.27,6.41,54.7,229.5,164.97,135.79
Bungoma,2023-05,3.99,5.76,4.52,48.5,225.9,157.64,135.67
Kisii,2023-05,4.08,4.77,6.45,50.9,229.5,161.19,138.07
Nyamira,2023-05,3.29,5.4,5.55,56.7,229.5,152.83,136.1
Nyandarua,2023-05,3.05,6.35,6.06,53.4,229.5,153.78,134.47
Nyeri,2023-05,3.39,4.44,7.1,53.9,229.5,154.99,136.04
Kirinyaga,2023-05,3.41,4.99,6.91,53.6,229.5,159.11,131.16
Murang'a,2023-05,3.16,5.47,6.86,52.4,229.5,156.34,136.28
Laikipia,2023-05,3.24,5.21,5.5,48.1,225.6,153.54,138.97
Nandi,2023-05,3.94,5.23,6.4,49.5,229.5,158.63,135.33
Kericho,2023-05,3.55,5.14,5.34,48.7,229.5,161.37,133.26
Bomet,2023-05,3.61,5.96,6.95,48.3,229.5,154.73,134.54
Kilifi,2023-05,4.54,6.32,5.74,47.2,229.5,149.16,138.97
Kwale,2023-05,3.96,5.67,4.75,51.8,229.5,154.95,135.78
Lamu,2023-05,3.65,4.59,6.73,50.7,229.5,164.72,135.54
Taita Taveta,2023-05,3.44,5.6,7.18,49.2,229.5,157.7,136.51
Garissa,2023-05,3.33,4.62,7.05,52.5,226.0,157.6,134.02
Wajir,2023-05,3.04,4.92,5.69,52.1,229.5,150.75,135.19
Mandera,2023-05,3.71,5.68,5.2,53.9,229.5,161.79,135.42
Marsabit,2023-05,3.43,5.64,4.55,55.0,229.5,157.32,136.69
Isiolo,2023-05,3.74,5.3,6.11,47.1,229.5,154.12,135.07
Kitui,2023-05,3.53,4.48,6.2,51.5,229.5,149.47,136.22
Makueni,2023-05,3.47,4.48,6.29,56.4,229.5,154.72,138.1
Embu,2023-05,3.71,5.55,6.14,49.2,226.9,152.25,137.89
Tharaka Nithi,2023-05,4.32,5.12,5.66,50.6,229.5,157.12,137.94
Busia,2023-05,3.67,5.46,5.92,47.7,228.3,160.83,137.26
Siaya,2023-05,4.47,4.27,5.39,54.4,225.1,153.45,133.73
Homa Bay,2023-05,4.66,6.07,6.4,48.6,229.5,158.72,137.02
Migori,2023-05,3.5,5.74,7.06,55.1,229.5,154.44,137.71
Vihiga,2023-05,3.15,5.62,5.53,49.1,229.5,156.54,135.15
Baringo,2023-05,3.82,5.32,7.28,52.0,229.5,149.58,133.34
Elgeyo Marakwet,2023-05,3.05,5.14,6.32,47.3,229.5,157.14,136.09
Samburu,2023-05,3.83,6.48,6.04,49.7,225.3,167.31,134.17
Trans Nzoia,2023-05,3.47,5.79,6.39,55.1,229.5,161.23,136.38
Turkana,2023-05,4.48,4.44,5.43,53.2,229.5,160.12,135.61
West Pokot,2023-05,3.25,5.0,6.29,57.1,227.9,153.92,132.42
Narok,2023-05,4.27,6.58,5.89,52.9,229.5,155.05,136.87
Kajiado,2023-05,3.45,5.52,6.3,55.9,229.5,159.57,137.19
Tana River,2023-05,4.01,5.12,6.18,55.0,229.5,153.09,133.73
Nairobi,2023-06,3.48,6.17,6.71,52.3,225.5,153.84,135.69
Mombasa,2023-06,3.17,5.29,6.28,54.1,223.0,160.25,133.58
Kisumu,2023-06,4.13,4.52,5.48,49.4,225.5,160.09,134.17
Nakuru,2023-06,3.62,4.16,6.99,49.3,225.5,151.89,134.83
Kiambu,2023-06,4.14,5.58,4.8,51.9,225.5,154.9,136.64
Uasin Gishu,2023-06,3.5,4.48,4.91,57.1,225.5,159.76,132.76
Meru,2023-06,3.38,5.29,5.92,51.4,225.1,155.5,133.82
Machakos,2023-06,3.43,6.36,6.11,52.7,225.5,153.76,136.35
Kakamega,2023-06,4.27,4.92,7.18,55.0,225.5,159.83,135.93
Bungoma,2023-06,4.24,6.03,4.55,48.3,223.5,154.19,137.41
Kisii,2023-06,3.67,4.9,6.38,50.9,225.5,161.29,138.09
Nyamira,2023-06,3.79,6.28,4.97,56.1,225.5,152.79,135.37
Nyandarua,2023-06,3.17,6.3,7.0,53.5,225.5,154.66,133.45
Nyeri,2023-06,2.83,4.7,7.17,53.7,225.5,152.7,138.47
Kirinyaga,2023-06,3.03,4.46,6.13,54.0,225.5,154.92,136.39
Murang'a,2023-06,3.1,4.94,6.97,52.9,225.5,151.96,133.99
Laikipia,2023-06,3.02,5.19,5.14,48.1,223.3,164.41,136.97
Nandi,2023-06,4.04,5.35,6.33,49.4,225.5,160.24,136.49
Kericho,2023-06,3.66,4.35,5.82,49.3,225.5,157.58,134.04
Bomet,2023-06,3.33,5.82,6.02,48.4,225.5,156.42,136.95
Kilifi,2023-06,3.54,5.65,5.67,47.8,225.5,157.31,134.85
Kwale,2023-06,4.28,6.03,5.58,51.5,225.5,154.28,134.83
Lamu,2023-06,2.99,5.08,6.7,50.4,225.5,157.62,134.93
Taita Taveta,2023-06,3.24,6.06,6.22,48.9,225.5,156.22,136.61
Garissa,2023-06,3.2,5.25,6.23,52.0,223.7,150.4,135.18
Wajir,2023-06,4.08,4.98,5.16,52.1,225.5,151.69,133.96
Mandera,2023-06,3.56,5.42,4.91,54.2,225.5,156.42,136.59
Marsabit,2023-06,4.44,5.58,5.83,55.1,225.5,157.09,136.85
Isiolo,2023-06,3.05,5.42,6.14,47.0,225.5,153.91,135.7
Kitui,2023-06,4.08,4.87,6.3,51.2,225.5,153.84,136.25
Makueni,2023-06,3.76,3.99,6.31,56.8,225.5,162.22,135.51
Embu,2023-06,3.79,5.2,5.93,49.5,224.5,162.95,133.94
Tharaka Nithi,2023-06,4.06,5.53,5.88,50.3,225.5,161.94,136.37
Busia,2023-06,3.81,5.29,7.51,47.8,225.5,160.38,135.32
Siaya,2023-06,4.02,5.07,4.93,53.8,222.7,150.91,133.74
Homa Bay,2023-06,4.33,5.11,6.29,49.4,225.5,151.74,133.43
Migori,2023-06,3.36,5.24,5.95,55.5,225.5,164.0,136.24
Vihiga,2023-06,3.61,5.34,5.48,49.4,225.5,154.91,135.97
Baringo,2023-06,4.11,5.2,6.65,52.1,225.5,155.11,135.34
Elgeyo Marakwet,2023-06,3.21,5.07,4.39,47.4,225.5,151.25,138.31
Samburu,2023-06,3.96,6.26,5.77,49.9,222.9,158.56,133.57
Trans Nzoia,2023-06,3.49,6.94,7.16,54.2,225.5,161.24,135.22
Turkana,2023-06,4.54,5.76,5.28,52.2,225.5,157.64,133.62
West Pokot,2023-06,3.59,4.61,7.25,57.4,225.5,153.6,135.69
Narok,2023-06,3.3,5.44,6.55,53.9,225.5,156.77,136.48
Kajiado,2023-06,4.12,5.95,6.76,55.6,225.5,154.17,132.82
Tana River,2023-06,3.73,5.41,7.03,54.8,225.5,155.38,135.31
Nairobi,2023-07,3.68,5.84,6.87,52.5,220.0,160.5,139.29
Mombasa,2023-07,3.25,5.94,6.99,53.6,219.1,162.25,137.02
Kisumu,2023-07,3.53,4.64,5.94,49.4,220.0,156.09,135.81
Nakuru,2023-07,2.95,5.69,6.86,48.1,220.0,157.23,136.76
Kiambu,2023-07,3.76,6.23,5.14,51.4,220.0,155.66,137.62
Uasin Gishu,2023-07,4.24,3.79,4.83,57.7,220.0,158.03,136.22
Meru,2023-07,2.65,3.76,7.45,52.6,220.0,159.8,136.18
Machakos,2023-07,3.33,5.94,6.02,53.1,220.0,156.3,136.28
Kakamega,2023-07,3.79,4.3,7.58,55.5,220.0,160.61,137.53
Bungoma,2023-07,3.79,6.55,4.66,48.0,219.6,153.0,134.64
Kisii,2023-07,3.59,5.47,7.45,50.4,220.0,151.5,136.37
Nyamira,2023-07,2.0,6.02,5.71,56.3,220.0,154.87,136.13
Nyandarua,2023-07,3.18,5.41,6.63,54.2,220.0,153.05,137.4
Nyeri,2023-07,3.46,4.26,5.96,54.1,220.0,148.04,137.97
Kirinyaga,2023-07,3.28,5.08,7.35,53.5,220.0,156.03,135.06
Murang'a,2023-07,3.22,5.58,7.47,52.4,220.0,162.64,136.93
Laikipia,2023-07,4.25,5.04,5.2,48.3,219.3,158.46,134.06
Nandi,2023-07,3.94,5.45,6.82,49.4,220.0,160.55,133.74
Kericho,2023-07,2.99,4.68,5.31,49.1,220.0,160.43,135.84
Bomet,2023-07,3.51,5.43,5.8,48.8,220.0,157.95,136.93
Kilifi,2023-07,3.3,5.85,5.78,47.7,220.0,154.3,138.13
Kwale,2023-07,3.81,5.76,4.93,51.7,220.0,149.91,137.51
Lamu,2023-07,2.89,4.87,7.18,50.6,220.0,164.41,134.38
Taita Taveta,2023-07,3.33,6.53,7.16,48.5,220.0,158.02,134.42
Garissa,2023-07,3.28,4.42,5.79,52.7,219.7,150.76,135.23
Wajir,2023-07,4.6,4.83,5.98,52.3,220.0,155.96,134.85
Mandera,2023-07,4.33,5.73,5.96,53.9,220.0,156.12,137.56
Marsabit,2023-07,4.21,5.4,4.78,55.3,220.0,154.73,136.92
Isiolo,2023-07,3.28,5.61,6.86,46.9,220.0,153.32,134.27
Kitui,2023-07,3.78,4.57,6.77,51.4,220.0,151.15,137.53
Makueni,2023-07,4.03,4.6,6.88,56.3,220.0,157.3,135.19
Embu,2023-07,3.8,5.89,6.02,48.9,220.0,158.01,136.38
Tharaka Nithi,2023-07,4.38,5.43,6.41,50.4,220.0,164.3,134.43
Busia,2023-07,3.82,5.76,5.45,47.5,220.0,162.99,133.36
Siaya,2023-07,4.16,4.8,5.46,54.0,218.8,152.58,136.26
Homa Bay,2023-07,3.49,5.12,6.13,49.4,220.0,157.47,136.07
Migori,2023-07,4.05,5.92,6.63,55.0,220.0,153.86,135.57
Vihiga,2023-07,2.82,4.94,5.18,49.7,220.0,155.8,137.59
Baringo,2023-07,4.23,5.84,5.79,51.6,220.0,158.1,137.45
Elgeyo Marakwet,2023-07,3.95,4.96,5.39,47.5,220.0,157.87,135.71
Samburu,2023-07,3.73,5.33,6.36,50.7,219.0,157.22,136.09
Trans Nzoia,2023-07,3.94,5.47,7.06,55.4,220.0,159.39,136.0
Turkana,2023-07,3.36,5.08,5.31,52.7,220.0,159.49,135.18
West Pokot,2023-07,3.75,4.78,7.43,57.3,220.0,158.52,138.27
Narok,2023-07,4.17,5.57,6.47,53.8,220.0,152.27,136.46
Kajiado,2023-07,3.16,5.37,6.79,56.1,220.0,161.6,138.15
Tana River,2023-07,3.85,5.53,6.9,54.8,220.0,152.39,136.61
Nairobi,2023-08,3.19,5.88,6.23,52.5,214.5,156.57,137.23
Mombasa,2023-08,3.56,5.95,6.29,53.6,214.5,168.96,134.11
Kisumu,2023-08,4.66,4.65,5.65,49.4,214.5,157.97,135.35
Nakuru,2023-08,3.78,5.31,6.46,48.4,214.5,155.74,141.82
Kiambu,2023-08,4.09,6.06,5.22,51.6,214.5,152.29,135.98
Uasin Gishu,2023-08,4.19,4.3,4.6,57.3,214.5,163.4,136.88
Meru,2023-08,3.15,4.15,7.09,52.3,214.5,159.72,134.35
Machakos,2023-08,2.67,5.74,5.88,53.3,214.5,160.69,138.1
Kakamega,2023-08,3.1,4.81,7.65,55.2,214.5,166.65,136.94
Bungoma,2023-08,4.69,6.14,5.7,48.3,214.5,157.09,135.23
Kisii,2023-08,3.19,4.93,6.55,50.9,214.5,153.82,134.86
Nyamira,2023-08,3.16,6.0,5.14,56.3,214.5,155.47,134.92
Nyandarua,2023-08,3.17,6.26,6.49,53.5,214.5,149.92,134.52
Nyeri,2023-08,3.74,4.52,6.69,53.9,214.5,152.5,137.16
Kirinyaga,2023-08,3.34,4.87,6.03,53.7,214.5,161.19,136.07
Murang'a,2023-08,3.51,5.09,7.39,52.8,214.5,162.47,133.54
Laikipia,2023-08,3.35,5.3,4.39,48.1,214.5,159.67,137.04
Nandi,2023-08,3.39,5.45,6.47,49.4,214.5,154.52,137.87
Kericho,2023-08,3.77,5.55,4.48,48.4,214.5,164.03,133.45
Bomet,2023-08,4.49,6.02,6.13,48.3,214.5,161.43,135.57
Kilifi,2023-08,4.08,5.94,6.51,47.6,214.5,163.42,135.5
Kwale,2023-08,4.39,5.94,4.31,51.6,214.5,153.83,139.9
Lamu,2023-08,3.41,5.37,6.78,50.2,214.5,159.11,136.44
Taita Taveta,2023-08,3.41,5.38,6.42,49.5,214.5,158.83,135.83
Garissa,2023-08,3.45,4.58,6.38,52.6,214.5,159.93,134.75
Wajir,2023-08,4.29,5.11,5.78,52.1,214.5,151.88,136.78
Mandera,2023-08,4.51,5.6,5.72,54.1,214.5,162.36,134.86
Marsabit,2023-08,4.52,5.48,5.44,55.2,214.5,150.58,137.59
Isiolo,2023-08,3.39,6.02,6.2,46.6,214.5,153.0,135.38
Kitui,2023-08,3.59,4.26,7.03,51.7,214.5,159.06,136.11
Makueni,2023-08,3.33,3.88,7.2,56.9,214.5,165.26,135.44
Embu,2023-08,3.92,5.49,6.92,49.3,214.5,163.27,136.69
Tharaka Nithi,2023-08,4.12,4.87,4.95,50.9,214.5,160.25,137.92
Busia,2023-08,3.9,5.46,6.01,47.7,214.5,162.27,138.95
Siaya,2023-08,3.7,4.13,5.22,54.6,214.5,160.57,135.65
Homa Bay,2023-08,3.23,5.33,6.37,49.2,214.5,158.14,137.91
Migori,2023-08,3.06,5.24,6.14,55.6,214.5,161.44,134.51
Vihiga,2023-08,3.0,4.78,6.0,49.9,214.5,159.22,137.76
Baringo,2023-08,4.58,5.31,6.0,52.0,214.5,155.08,133.64
Elgeyo Marakwet,2023-08,3.16,5.43,5.96,47.2,214.5,155.52,135.66
Samburu,2023-08,4.04,5.54,7.34,50.5,214.5,160.63,134.69
Trans Nzoia,2023-08,3.91,6.2,6.07,54.8,214.5,160.12,135.29
Turkana,2023-08,3.85,5.01,5.63,52.8,214.5,162.0,136.33
West Pokot,2023-08,3.55,4.75,6.17,57.4,214.5,164.3,137.28
Narok,2023-08,3.66,5.42,6.42,53.9,214.5,160.53,138.52
Kajiado,2023-08,3.8,5.35,6.2,56.1,214.5,159.47,139.86
Tana River,2023-08,4.16,4.83,6.04,55.4,214.5,155.21,135.17
Nairobi,2023-09,3.37,6.1,6.8,52.4,210.5,159.24,137.59
Mombasa,2023-09,2.43,5.39,6.12,54.0,210.5,164.54,138.09
Kisumu,2023-09,4.0,4.79,5.48,49.3,210.5,158.88,136.93
Nakuru,2023-09,4.03,4.86,6.21,48.8,210.5,157.96,138.75
Kiambu,2023-09,3.16,6.39,4.81,51.3,210.5,152.9,137.92
Uasin Gishu,2023-09,4.17,4.14,4.58,57.5,210.5,163.32,140.32
Meru,2023-09,3.96,4.49,5.16,52.1,210.5,159.6,137.34
Machakos,2023-09,3.03,5.54,5.6,53.5,210.5,156.77,139.61
Kakamega,2023-09,4.31,4.99,6.98,55.0,210.5,161.37,136.77
Bungoma,2023-09,4.41,6.25,5.28,48.2,210.5,160.43,137.62
Kisii,2023-09,3.7,5.25,6.92,50.6,210.5,162.4,137.04
Nyamira,2023-09,3.19,5.49,4.82,56.8,210.5,151.57,135.43
Nyandarua,2023-09,2.78,5.53,7.19,54.1,210.5,154.67,137.16
Nyeri,2023-09,3.62,5.25,6.44,53.3,210.5,154.37,136.64
Kirinyaga,2023-09,3.92,5.49,6.7,53.3,210.5,162.82,137.07
Murang'a,2023-09,3.2,6.04,6.77,52.1,210.5,157.13,138.3
Laikipia,2023-09,3.59,4.98,5.5,48.4,210.5,160.5,137.38
Nandi,2023-09,3.73,4.93,7.01,49.8,210.5,166.0,135.37
Kericho,2023-09,3.56,4.22,6.09,49.5,210.5,165.52,136.27
Bomet,2023-09,4.67,6.27,6.96,48.1,210.5,161.75,138.28
Kilifi,2023-09,3.56,5.94,5.83,47.6,210.5,157.47,137.5
Kwale,2023-09,4.46,5.64,4.99,51.9,210.5,154.16,134.12
Lamu,2023-09,3.58,4.96,6.91,50.5,210.5,158.47,136.52
Taita Taveta,2023-09,3.95,5.98,6.94,49.0,210.5,158.03,134.95
Garissa,2023-09,3.69,3.99,5.75,53.1,210.5,154.04,136.54
Wajir,2023-09,3.92,4.81,4.84,52.3,210.5,159.84,138.05
Mandera,2023-09,3.75,5.46,5.19,54.2,210.5,159.79,134.7
Marsabit,2023-09,3.4,5.63,5.33,55.1,210.5,161.17,136.35
Isiolo,2023-09,3.05,5.21,6.2,47.3,210.5,154.69,137.21
Kitui,2023-09,3.81,4.5,7.01,51.5,210.5,161.46,138.55
Makueni,2023-09,3.72,4.91,7.78,56.1,210.5,163.28,135.92
Embu,2023-09,4.13,5.57,5.56,49.2,210.5,162.52,138.45
Tharaka Nithi,2023-09,3.32,4.94,5.59,50.8,210.5,164.43,134.76
Busia,2023-09,3.99,6.14,6.32,47.2,210.5,166.2,135.91
Siaya,2023-09,3.43,4.78,5.39,54.1,210.5,152.45,135.6
Homa Bay,2023-09,4.33,5.17,6.77,49.4,210.5,155.34,136.8
Migori,2023-09,3.6,4.78,5.57,55.9,210.5,160.34,135.71
Vihiga,2023-09,3.64,4.37,5.81,50.2,210.5,154.2,136.27
Baringo,2023-09,3.62,6.2,5.92,51.3,210.5,158.96,134.21
Elgeyo Marakwet,2023-09,3.99,5.74,5.63,46.9,210.5,160.59,137.02
Samburu,2023-09,4.18,6.01,7.11,50.2,210.5,162.21,136.48
Trans Nzoia,2023-09,3.9,6.09,6.87,54.9,210.5,154.05,139.05
Turkana,2023-09,3.74,5.33,5.43,52.6,210.5,157.48,138.68
West Pokot,2023-09,3.82,5.12,6.14,57.1,210.5,161.7,134.16
Narok,2023-09,3.83,5.1,6.21,54.2,210.5,158.75,135.89
Kajiado,2023-09,4.31,5.38,7.18,56.1,210.5,163.34,138.32
Tana River,2023-09,3.81,4.62,6.7,55.5,210.5,157.4,135.33
Nairobi,2023-10,3.31,6.53,5.9,52.1,209.0,158.06,137.53
Mombasa,2023-10,3.07,6.07,7.02,53.5,209.0,163.91,136.84
Kisumu,2023-10,4.23,5.14,5.3,49.0,209.0,159.43,133.87
Nakuru,2023-10,3.27,4.44,6.57,49.1,209.0,158.03,136.78
Kiambu,2023-10,3.61,5.34,6.18,52.2,209.0,159.46,139.63
Uasin Gishu,2023-10,4.03,4.69,5.94,57.0,209.0,161.14,135.89
Meru,2023-10,3.22,4.8,5.99,51.9,209.0,159.59,134.8
Machakos,2023-10,3.38,5.28,5.05,53.7,209.0,163.95,138.97
Kakamega,2023-10,3.85,4.84,6.67,55.2,209.0,161.73,136.66
Bungoma,2023-10,3.15,6.01,5.2,48.5,209.0,155.55,139.55
Kisii,2023-10,3.79,5.14,6.41,50.8,209.0,160.52,138.14
Nyamira,2023-10,3.36,6.35,5.05,56.1,209.0,155.57,138.15
Nyandarua,2023-10,2.65,6.11,5.76,53.7,209.0,157.76,136.23
Nyeri,2023-10,3.7,4.98,6.8,53.6,209.0,152.14,135.85
Kirinyaga,2023-10,3.17,4.19,7.02,54.3,209.0,160.15,135.5
Murang'a,2023-10,3.86,5.29,6.65,52.7,209.0,157.56,134.17
Laikipia,2023-10,3.13,4.94,5.5,48.4,209.0,162.5,137.41
Nandi,2023-10,2.66,5.75,6.93,49.2,209.0,162.3,138.9
Kericho,2023-10,3.88,5.02,5.46,48.9,209.0,160.17,138.68
Bomet,2023-10,3.24,6.6,6.62,47.9,209.0,157.31,135.35
Kilifi,2023-10,3.45,5.92,5.63,47.7,209.0,155.66,136.67
Kwale,2023-10,3.42,6.04,4.99,51.6,209.0,156.19,135.27
Lamu,2023-10,3.15,4.8,7.04,50.7,209.0,162.63,138.39
Taita Taveta,2023-10,3.32,5.24,7.42,49.6,209.0,155.3,135.54
Garissa,2023-10,3.42,4.61,5.95,52.6,209.0,156.27,136.61
Wajir,2023-10,4.63,4.81,4.81,52.4,209.0,154.65,136.82
Mandera,2023-10,3.92,5.84,5.54,53.9,209.0,158.9,136.56
Marsabit,2023-10,4.08,4.83,4.95,55.8,209.0,158.76,138.51
Isiolo,2023-10,3.12,5.21,5.69,47.3,209.0,158.94,139.18
Kitui,2023-10,4.82,4.86,6.36,51.3,209.0,153.72,134.38
Makueni,2023-10,3.57,5.55,7.48,55.6,209.0,165.05,137.57
Embu,2023-10,4.11,4.35,6.44,50.2,209.0,162.33,136.15
Tharaka Nithi,2023-10,3.92,5.3,5.32,50.6,209.0,164.11,136.36
Busia,2023-10,4.08,5.08,6.18,48.1,209.0,160.8,136.24
Siaya,2023-10,3.82,3.8,4.79,54.9,209.0,158.41,135.08
Homa Bay,2023-10,4.41,6.02,6.06,48.7,209.0,155.11,137.5
Migori,2023-10,2.9,4.82,6.07,55.9,209.0,160.38,137.34
Vihiga,2023-10,3.0,5.53,4.78,49.3,209.0,155.62,137.93
Baringo,2023-10,3.58,4.96,6.65,52.4,209.0,156.86,137.0
Elgeyo Marakwet,2023-10,3.07,5.24,4.51,47.4,209.0,157.29,135.33
Samburu,2023-10,4.03,5.75,6.73,50.4,209.0,163.93,137.49
Trans Nzoia,2023-10,3.29,6.47,6.0,54.7,209.0,158.27,138.45
Turkana,2023-10,4.2,4.55,4.93,53.2,209.0,159.04,138.1
West Pokot,2023-10,3.43,4.69,6.36,57.5,209.0,167.39,137.67
Narok,2023-10,3.71,5.03,6.26,54.3,209.0,157.68,133.88
Kajiado,2023-10,3.68,5.85,6.47,55.8,209.0,163.02,134.86
Tana River,2023-10,4.22,5.84,6.88,54.6,209.0,153.78,137.67
Nairobi,2023-11,3.26,5.39,6.26,53.0,210.5,154.65,138.98
Mombasa,2023-11,3.42,5.36,5.84,54.1,210.5,164.36,137.49
Kisumu,2023-11,4.39,5.05,5.39,49.1,210.5,160.27,134.94
Nakuru,2023-11,4.1,4.72,7.0,48.9,210.5,160.05,140.64
Kiambu,2023-11,3.85,5.12,5.09,52.4,210.5,155.76,136.29
Uasin Gishu,2023-11,3.61,4.16,5.13,57.5,210.5,164.6,136.09
Meru,2023-11,4.24,4.61,5.96,52.0,210.5,155.86,137.69
Machakos,2023-11,3.09,6.2,5.45,53.0,210.5,157.42,140.11
Kakamega,2023-11,3.88,4.63,7.02,55.4,210.5,166.17,135.46
Bungoma,2023-11,3.82,5.73,5.43,48.7,210.5,156.83,136.69
Kisii,2023-11,4.21,5.36,5.01,50.6,210.5,164.7,137.49
Nyamira,2023-11,3.01,5.31,4.67,57.0,210.5,155.75,135.91
Nyandarua,2023-11,2.62,5.32,6.58,54.4,210.5,156.69,138.43
Nyeri,2023-11,3.49,4.1,6.97,54.3,210.5,153.42,138.57
Kirinyaga,2023-11,3.0,4.68,6.28,54.0,210.5,162.55,137.86
Murang'a,2023-11,3.28,6.33,5.6,51.9,210.5,157.62,135.98
Laikipia,2023-11,2.97,4.83,5.39,48.5,210.5,160.39,137.1
Nandi,2023-11,2.78,4.93,6.58,49.9,210.5,165.28,135.09
Kericho,2023-11,3.2,4.99,5.36,49.0,210.5,157.53,139.52
Bomet,2023-11,4.08,6.18,5.74,48.3,210.5,165.73,136.44
Kilifi,2023-11,3.76,5.59,6.11,48.0,210.5,159.53,138.32
Kwale,2023-11,4.0,5.77,4.54,51.8,210.5,163.46,135.4
Lamu,2023-11,3.44,5.12,7.46,50.5,210.5,166.99,137.39
Taita Taveta,2023-11,3.73,6.69,6.89,48.5,210.5,155.61,137.02
Garissa,2023-11,2.92,4.64,6.75,52.6,210.5,158.22,135.17
Wajir,2023-11,4.47,4.11,4.52,52.9,210.5,157.69,137.98
Mandera,2023-11,4.0,5.63,6.36,54.1,210.5,162.32,139.15
Marsabit,2023-11,4.1,4.77,5.1,55.9,210.5,164.04,136.84
Isiolo,2023-11,2.93,5.45,6.12,47.1,210.5,155.68,136.88
Kitui,2023-11,4.37,4.66,5.72,51.5,210.5,152.64,140.91
Makueni,2023-11,3.41,4.79,6.46,56.3,210.5,163.36,139.79
Embu,2023-11,3.71,5.5,5.36,49.3,210.5,170.84,138.0
Tharaka Nithi,2023-11,3.89,5.33,5.42,50.6,210.5,163.39,133.93
Busia,2023-11,4.0,5.62,6.53,47.7,210.5,163.22,136.44
Siaya,2023-11,3.76,3.8,5.27,54.9,210.5,151.82,139.28
Homa Bay,2023-11,3.98,5.17,6.63,49.4,210.5,158.51,136.09
Migori,2023-11,2.67,5.75,5.9,55.2,210.5,164.77,137.62
Vihiga,2023-11,2.97,5.74,5.82,49.2,210.5,148.77,136.87
Baringo,2023-11,3.49,5.12,6.52,52.3,210.5,161.79,137.99
Elgeyo Marakwet,2023-11,3.78,5.84,5.85,46.9,210.5,158.18,139.53
Samburu,2023-11,3.97,5.84,5.88,50.4,210.5,168.25,137.48
Trans Nzoia,2023-11,4.76,5.82,6.97,55.2,210.5,161.29,135.95
Turkana,2023-11,4.15,4.95,5.19,52.9,210.5,166.28,136.24
West Pokot,2023-11,3.84,5.17,5.88,57.1,210.5,160.09,141.12
Narok,2023-11,4.22,5.42,6.8,54.0,210.5,157.03,135.25
Kajiado,2023-11,4.51,5.29,7.96,56.2,210.5,159.35,140.8
Tana River,2023-11,3.41,5.88,6.65,54.6,210.5,161.69,139.05
Nairobi,2023-12,3.33,5.43,6.44,53.0,214.5,158.73,137.29
Mombasa,2023-12,3.33,5.95,5.75,53.7,214.5,167.38,137.6
Kisumu,2023-12,3.71,5.09,4.98,49.1,214.5,160.38,138.11
Nakuru,2023-12,4.14,4.98,6.49,48.8,214.5,159.27,137.88
Kiambu,2023-12,3.59,5.81,5.25,51.8,214.5,160.98,137.44
Uasin Gishu,2023-12,3.08,5.81,4.97,56.2,214.5,168.52,140.11
Meru,2023-12,3.84,4.51,6.51,52.1,214.5,157.63,140.99
Machakos,2023-12,2.85,5.79,5.57,53.3,214.5,161.38,137.01
Kakamega,2023-12,4.26,5.11,7.1,55.0,214.5,164.25,139.6
Bungoma,2023-12,3.57,6.54,5.23,48.1,214.5,163.44,137.83
Kisii,2023-12,3.57,5.36,7.75,50.6,214.5,166.61,139.32
Nyamira,2023-12,3.53,5.52,5.3,56.8,214.5,155.75,138.56
Nyandarua,2023-12,3.34,4.96,6.43,54.7,214.5,158.49,137.87
Nyeri,2023-12,3.66,4.08,6.34,54.3,214.5,160.24,138.0
Kirinyaga,2023-12,3.6,4.74,6.47,53.9,214.5,154.32,139.27
Murang'a,2023-12,4.0,5.15,6.05,52.8,214.5,162.76,140.21
Laikipia,2023-12,3.68,4.63,4.95,48.7,214.5,159.77,137.0
Nandi,2023-12,3.35,4.88,6.43,49.9,214.5,164.28,138.32
Kericho,2023-12,2.82,4.72,5.39,49.2,214.5,166.74,139.17
Bomet,2023-12,3.57,6.08,6.19,48.4,214.5,165.86,136.8
Kilifi,2023-12,4.11,5.79,5.13,47.8,214.5,163.47,137.08
Kwale,2023-12,3.3,4.66,4.58,52.7,214.5,162.85,139.89
Lamu,2023-12,2.99,4.83,6.65,50.7,214.5,159.53,136.58
Taita Taveta,2023-12,3.91,6.19,7.06,48.9,214.5,155.5,138.15
Garissa,2023-12,2.52,4.83,6.35,52.5,214.5,155.25,140.42
Wajir,2023-12,3.35,5.03,5.57,52.2,214.5,155.2,137.94
Mandera,2023-12,3.17,4.52,4.94,55.0,214.5,160.97,138.97
Marsabit,2023-12,3.82,5.33,4.67,55.4,214.5,156.78,136.61
Isiolo,2023-12,2.71,5.14,6.39,47.4,214.5,157.05,137.51
Kitui,2023-12,4.08,4.51,5.71,51.6,214.5,159.57,138.4
Makueni,2023-12,3.63,4.87,7.08,56.2,214.5,163.19,141.59
Embu,2023-12,3.46,5.09,6.54,49.7,214.5,165.9,139.14
Tharaka Nithi,2023-12,4.13,6.0,5.17,50.0,214.5,169.5,139.76
Busia,2023-12,3.56,5.94,6.26,47.4,214.5,163.67,135.17
Siaya,2023-12,3.36,4.73,5.61,54.2,214.5,157.48,139.23
Homa Bay,2023-12,4.08,5.6,5.94,49.1,214.5,160.2,138.73
Migori,2023-12,3.75,5.98,5.62,55.1,214.5,160.65,135.15
Vihiga,2023-12,3.55,4.94,5.75,49.8,214.5,156.0,140.1
Baringo,2023-12,3.57,5.76,6.65,51.8,214.5,160.86,137.59
Elgeyo Marakwet,2023-12,3.1,6.11,5.57,46.7,214.5,154.46,137.42
Samburu,2023-12,4.15,6.32,6.53,50.0,214.5,164.17,138.04
Trans Nzoia,2023-12,3.93,5.43,7.18,55.5,214.5,158.96,137.51
Turkana,2023-12,4.81,4.86,5.72,53.0,214.5,165.62,136.23
West Pokot,2023-12,2.99,4.92,5.69,57.3,214.5,156.69,139.54
Narok,2023-12,3.63,5.31,7.38,54.1,214.5,154.46,136.12
Kajiado,2023-12,3.78,5.64,6.29,56.0,214.5,158.04,140.26
Tana River,2023-12,4.06,5.71,6.34,54.7,214.5,160.75,139.4
Nairobi,2024-01,3.13,6.07,6.81,52.5,220.0,163.39,141.32
Mombasa,2024-01,3.24,6.28,4.87,53.4,220.0,171.56,137.31
Kisumu,2024-01,3.89,4.95,5.29,49.3,220.0,163.04,140.78
Nakuru,2024-01,3.44,4.47,7.13,49.2,220.0,162.44,141.28
Kiambu,2024-01,3.96,5.16,5.72,52.4,220.0,154.71,138.41
Uasin Gishu,2024-01,3.74,4.06,4.72,57.6,220.0,171.9,138.76
Meru,2024-01,3.39,5.32,6.17,51.5,220.0,161.88,139.89
Machakos,2024-01,3.03,5.59,4.39,53.5,220.0,159.59,136.98
Kakamega,2024-01,3.77,4.49,8.02,55.5,220.0,162.98,140.5
Bungoma,2024-01,3.84,6.24,5.55,48.3,220.0,153.8,138.38
Kisii,2024-01,3.44,4.42,6.89,51.4,220.0,167.78,134.39
Nyamira,2024-01,3.09,5.22,5.18,57.1,220.0,158.21,137.49
Nyandarua,2024-01,3.44,6.4,7.74,53.6,220.0,155.72,135.67
Nyeri,2024-01,3.74,5.27,7.13,53.4,220.0,162.65,138.06
Kirinyaga,2024-01,3.23,5.0,6.29,53.8,220.0,163.91,139.85
Murang'a,2024-01,3.7,5.78,6.64,52.4,220.0,164.52,135.46
Laikipia,2024-01,3.77,5.14,5.16,48.3,220.0,163.3,139.05
Nandi,2024-01,3.24,5.7,7.05,49.3,220.0,165.21,137.35
Kericho,2024-01,3.71,4.64,5.2,49.3,220.0,165.11,139.34
Bomet,2024-01,4.01,6.03,6.65,48.4,220.0,165.67,140.26
Kilifi,2024-01,4.26,5.64,5.11,48.0,220.0,159.84,141.33
Kwale,2024-01,4.09,6.67,4.95,51.2,220.0,158.64,138.29
Lamu,2024-01,3.24,4.67,6.31,50.9,220.0,165.73,139.98
Taita Taveta,2024-01,4.5,5.82,6.75,49.2,220.0,157.9,140.09
Garissa,2024-01,3.77,4.15,5.77,53.1,220.0,162.84,138.97
Wajir,2024-01,4.37,4.47,4.35,52.7,220.0,157.0,139.43
Mandera,2024-01,4.68,5.48,6.61,54.3,220.0,166.01,136.31
Marsabit,2024-01,3.88,5.64,3.97,55.2,220.0,161.0,140.16
Isiolo,2024-01,3.36,5.36,6.27,47.3,220.0,158.77,136.64
Kitui,2024-01,3.53,4.55,6.44,51.6,220.0,156.9,137.1
Makueni,2024-01,3.8,4.77,6.58,56.3,220.0,165.32,137.72
Embu,2024-01,4.0,5.72,5.76,49.2,220.0,162.65,138.18
Tharaka Nithi,2024-01,3.51,5.34,5.54,50.6,220.0,158.78,139.2
Busia,2024-01,3.97,6.16,6.39,47.3,220.0,168.39,140.19
Siaya,2024-01,3.71,4.45,4.42,54.5,220.0,162.53,138.18
Homa Bay,2024-01,3.31,5.84,5.21,49.0,220.0,158.28,139.76
Migori,2024-01,3.31,5.35,6.09,55.6,220.0,156.85,139.47
Vihiga,2024-01,3.2,4.92,5.4,49.9,220.0,161.17,139.38
Baringo,2024-01,4.03,4.9,6.88,52.5,220.0,163.62,138.71
Elgeyo Marakwet,2024-01,3.78,5.61,6.12,47.1,220.0,163.19,139.27
Samburu,2024-01,3.8,5.91,7.45,50.4,220.0,161.99,137.81
Trans Nzoia,2024-01,3.45,5.64,7.36,55.4,220.0,162.18,137.33
Turkana,2024-01,4.25,4.88,4.89,53.0,220.0,162.02,139.05
West Pokot,2024-01,4.1,4.4,6.5,57.8,220.0,167.13,136.51
Narok,2024-01,4.18,5.96,6.35,53.6,220.0,163.85,141.7
Kajiado,2024-01,4.11,5.64,7.22,56.0,220.0,164.74,134.62
Tana River,2024-01,3.96,5.32,6.6,55.1,220.0,160.0,138.27
Nairobi,2024-02,3.19,6.26,7.29,52.4,225.5,156.92,136.7
Mombasa,2024-02,3.23,5.81,6.79,53.8,225.5,163.91,137.99
Kisumu,2024-02,3.13,5.33,5.49,49.0,225.5,161.76,136.82
Nakuru,2024-02,3.1,5.07,5.67,48.7,225.5,161.88,141.86
Kiambu,2024-02,3.48,5.31,5.59,52.3,225.5,154.69,141.38
Uasin Gishu,2024-02,4.33,4.65,4.68,57.2,225.5,164.71,138.36
Meru,2024-02,3.62,5.01,5.85,51.8,225.5,165.88,139.73
Machakos,2024-02,2.99,5.46,5.58,53.7,225.5,159.92,140.34
Kakamega,2024-02,3.26,4.96,6.9,55.2,225.5,165.17,138.65
Bungoma,2024-02,4.19,5.44,4.97,49.0,225.5,158.9,138.74
Kisii,2024-02,3.28,4.17,6.13,51.6,225.5,168.24,139.17
Nyamira,2024-02,3.39,5.61,5.12,56.8,225.5,158.6,139.59
Nyandarua,2024-02,3.21,5.28,6.54,54.5,225.5,151.26,139.42
Nyeri,2024-02,2.96,4.59,6.13,54.0,225.5,158.54,139.67
Kirinyaga,2024-02,4.07,4.34,6.95,54.3,225.5,163.02,138.12
Murang'a,2024-02,3.58,5.49,6.88,52.6,225.5,159.86,137.85
Laikipia,2024-02,4.06,5.72,5.03,47.9,225.5,155.9,138.5
Nandi,2024-02,3.49,5.16,6.98,49.8,225.5,164.02,140.06
Kericho,2024-02,2.92,5.06,6.35,49.0,225.5,163.24,137.43
Bomet,2024-02,3.96,5.36,6.36,49.0,225.5,166.6,139.91
Kilifi,2024-02,4.76,5.94,5.33,47.8,225.5,162.32,138.57
Kwale,2024-02,3.92,5.81,4.55,51.9,225.5,160.97,136.69
Lamu,2024-02,2.99,4.93,5.76,50.7,225.5,167.24,135.72
Taita Taveta,2024-02,3.79,5.48,6.72,49.5,225.5,162.47,142.1
Garissa,2024-02,3.49,3.71,6.7,53.5,225.5,159.99,138.9
Wajir,2024-02,4.29,3.93,5.29,53.2,225.5,159.09,140.63
Mandera,2024-02,4.12,5.01,6.11,54.7,225.5,165.57,136.48
Marsabit,2024-02,3.82,5.71,4.57,55.2,225.5,163.9,136.53
Isiolo,2024-02,2.88,5.01,7.04,47.6,225.5,158.69,137.06
Kitui,2024-02,3.98,4.98,6.72,51.3,225.5,158.46,139.18
Makueni,2024-02,3.24,5.29,7.42,55.9,225.5,167.75,139.99
Embu,2024-02,4.19,4.83,6.38,50.0,225.5,167.21,140.7
Tharaka Nithi,2024-02,4.38,5.67,4.84,50.4,225.5,166.6,137.96
Busia,2024-02,4.15,5.52,6.15,47.8,225.5,168.26,138.15
Siaya,2024-02,3.82,3.85,4.79,55.0,225.5,161.48,136.95
Homa Bay,2024-02,4.21,5.94,6.17,48.9,225.5,169.27,140.66
Migori,2024-02,3.11,5.93,6.33,55.2,225.5,161.25,137.2
Vihiga,2024-02,3.65,4.79,5.48,50.0,225.5,159.07,137.68
Baringo,2024-02,4.0,5.61,5.3,51.9,225.5,162.88,137.68
Elgeyo Marakwet,2024-02,3.92,6.77,5.38,46.2,225.5,154.5,138.98
Samburu,2024-02,4.02,6.76,7.66,49.7,225.5,169.78,137.92
Trans Nzoia,2024-02,3.86,6.09,7.05,55.1,225.5,157.08,140.39
Turkana,2024-02,4.05,4.91,5.04,53.0,225.5,162.48,139.28
West Pokot,2024-02,3.03,4.91,5.7,57.4,225.5,156.91,141.53
Narok,2024-02,3.69,5.34,6.96,54.2,225.5,166.4,136.5
Kajiado,2024-02,3.59,5.38,7.2,56.2,225.5,167.83,137.18
Tana River,2024-02,4.52,5.2,6.57,55.2,225.5,157.47,138.62
Nairobi,2024-03,3.49,5.84,6.66,52.7,229.5,157.14,137.87
Mombasa,2024-03,3.4,6.37,6.19,53.4,229.5,169.81,140.34
Kisumu,2024-03,4.33,4.4,4.98,49.7,229.5,161.78,142.09
Nakuru,2024-03,3.8,5.09,6.41,48.8,229.5,158.3,142.11
Kiambu,2024-03,3.81,5.99,4.52,51.8,229.5,161.4,138.67
Uasin Gishu,2024-03,3.24,4.33,4.5,57.5,229.5,162.84,139.29
Meru,2024-03,3.31,4.73,7.21,52.0,229.5,163.16,135.83
Machakos,2024-03,3.1,6.38,5.47,53.0,229.5,168.39,139.88
Kakamega,2024-03,2.97,4.78,7.09,55.4,229.5,170.79,141.93
Bungoma,2024-03,4.12,6.09,5.52,48.5,229.5,161.35,137.01
Kisii,2024-03,3.57,5.02,6.06,51.0,229.5,168.01,140.71
Nyamira,2024-03,2.75,6.27,4.99,56.3,229.5,158.25,140.82
Nyandarua,2024-03,3.15,6.51,5.99,53.5,229.5,154.15,138.78
Nyeri,2024-03,3.84,4.26,6.06,54.3,229.5,159.92,137.0
Kirinyaga,2024-03,3.6,4.83,6.71,53.9,229.5,159.17,141.15
Murang'a,2024-03,3.21,5.89,7.0,52.3,229.5,160.07,140.52
Laikipia,2024-03,3.11,4.58,6.03,48.8,229.5,168.3,142.31
Nandi,2024-03,3.33,5.3,7.08,49.7,229.5,166.12,138.08
Kericho,2024-03,3.03,4.65,5.05,49.3,229.5,163.4,139.79
Bomet,2024-03,3.76,6.21,6.39,48.3,229.5,162.25,139.84
Kilifi,2024-03,3.64,5.61,5.33,48.0,229.5,162.24,141.86
Kwale,2024-03,3.43,6.34,5.38,51.5,229.5,165.52,143.91
Lamu,2024-03,3.85,5.35,6.23,50.4,229.5,162.07,139.74
Taita Taveta,2024-03,2.85,6.24,5.86,49.0,229.5,165.07,138.72
Garissa,2024-03,3.5,4.2,5.27,53.1,229.5,165.09,141.2
Wajir,2024-03,3.93,5.09,5.09,52.3,229.5,161.89,140.34
Mandera,2024-03,4.06,6.2,5.73,53.8,229.5,165.01,138.06
Marsabit,2024-03,3.6,5.62,4.43,55.3,229.5,163.78,138.78
Isiolo,2024-03,2.88,4.95,6.69,47.6,229.5,160.82,141.58
Kitui,2024-03,3.3,4.49,6.34,51.7,229.5,157.72,139.21
Makueni,2024-03,3.63,4.82,7.6,56.3,229.5,161.29,139.71
Embu,2024-03,3.72,5.5,6.27,49.4,229.5,164.61,137.85
Tharaka Nithi,2024-03,4.27,5.47,5.57,50.5,229.5,169.55,140.3
Busia,2024-03,3.84,5.35,5.65,48.0,229.5,167.69,137.07
Siaya,2024-03,3.81,4.94,5.03,54.1,229.5,158.6,142.2
Homa Bay,2024-03,4.31,5.24,6.37,49.5,229.5,161.96,139.51
Migori,2024-03,4.21,5.67,6.42,55.4,229.5,166.35,140.98
Vihiga,2024-03,3.63,5.25,4.75,49.7,229.5,161.07,140.43
Baringo,2024-03,4.15,5.78,7.53,51.8,229.5,159.99,140.91
Elgeyo Marakwet,2024-03,3.23,5.97,5.54,46.9,229.5,166.75,139.4
Samburu,2024-03,3.85,6.14,6.99,50.2,229.5,171.3,139.87
Trans Nzoia,2024-03,4.58,5.95,6.88,55.2,229.5,160.64,139.33
Turkana,2024-03,4.11,5.06,5.37,52.9,229.5,163.73,137.88
West Pokot,2024-03,3.58,5.06,6.91,57.3,229.5,163.55,137.79
Narok,2024-03,4.01,6.46,6.89,53.3,229.5,163.19,140.64
Kajiado,2024-03,4.59,5.28,6.54,56.3,229.5,162.03,140.08
Tana River,2024-03,4.02,5.79,6.15,54.8,229.5,166.1,139.1
Nairobi,2024-04,3.82,6.44,7.02,52.3,231.0,161.94,140.83
Mombasa,2024-04,3.92,6.04,5.84,53.7,231.0,170.75,139.54
Kisumu,2024-04,3.06,4.97,5.42,49.3,231.0,168.02,138.47
Nakuru,2024-04,2.99,4.98,6.41,48.9,231.0,163.25,139.63
Kiambu,2024-04,3.19,5.65,5.23,52.1,231.0,162.98,140.17
Uasin Gishu,2024-04,3.66,5.41,5.0,56.6,231.0,169.06,139.35
Meru,2024-04,4.12,4.64,6.43,52.1,231.0,163.83,139.89
Machakos,2024-04,3.68,6.24,5.53,53.1,231.0,169.6,140.91
Kakamega,2024-04,3.54,4.19,6.73,55.9,231.0,169.49,140.5
Bungoma,2024-04,4.31,5.48,4.96,49.0,231.0,159.02,137.59
Kisii,2024-04,3.3,5.03,7.04,51.0,231.0,161.88,138.39
Nyamira,2024-04,2.59,5.81,4.78,56.7,231.0,166.28,140.21
Nyandarua,2024-04,3.1,5.49,5.67,54.4,231.0,155.94,138.67
Nyeri,2024-04,3.24,4.23,6.91,54.3,231.0,161.48,138.91
Kirinyaga,2024-04,4.25,4.27,6.49,54.4,231.0,163.37,138.77
Murang'a,2024-04,3.0,5.58,6.41,52.6,231.0,163.06,137.65
Laikipia,2024-04,3.04,5.01,4.85,48.5,231.0,165.07,139.44
Nandi,2024-04,3.27,5.17,6.39,49.8,231.0,171.43,138.4
Kericho,2024-04,3.24,4.28,5.21,49.6,231.0,167.46,139.45
Bomet,2024-04,3.61,5.73,6.25,48.7,231.0,165.9,142.68
Kilifi,2024-04,3.62,6.04,5.66,47.7,231.0,165.58,140.65
Kwale,2024-04,4.06,5.81,4.8,51.9,231.0,159.23,139.45
Lamu,2024-04,2.77,4.75,7.44,50.9,231.0,166.63,140.94
Taita Taveta,2024-04,4.12,5.93,7.03,49.2,231.0,161.4,138.38
Garissa,2024-04,3.07,4.84,6.32,52.6,231.0,167.63,141.06
Wajir,2024-04,3.78,5.16,5.14,52.2,231.0,165.37,138.87
Mandera,2024-04,3.41,5.35,5.1,54.5,231.0,163.1,138.74
Marsabit,2024-04,4.14,6.02,4.52,55.0,231.0,164.96,138.88
Isiolo,2024-04,3.34,4.73,6.62,47.8,231.0,155.55,140.07
Kitui,2024-04,3.91,4.8,6.01,51.5,231.0,162.32,140.19
Makueni,2024-04,3.42,4.9,6.8,56.3,231.0,167.49,139.41
Embu,2024-04,4.07,5.56,5.86,49.4,231.0,164.57,140.01
Tharaka Nithi,2024-04,4.54,5.58,5.84,50.5,231.0,168.14,140.71
Busia,2024-04,3.98,5.51,6.84,47.9,231.0,166.69,140.93
Siaya,2024-04,4.21,4.69,4.58,54.3,231.0,160.99,139.3
Homa Bay,2024-04,3.51,5.61,6.69,49.2,231.0,160.3,139.34
Migori,2024-04,3.39,6.11,6.17,55.1,231.0,161.28,137.24
Vihiga,2024-04,3.4,4.73,5.86,50.1,231.0,159.24,138.79
Baringo,2024-04,3.52,5.63,6.91,52.0,231.0,165.24,137.97
Elgeyo Marakwet,2024-04,3.06,5.7,4.72,47.1,231.0,160.35,141.88
Samburu,2024-04,4.03,5.38,6.53,50.9,231.0,166.69,142.81
Trans Nzoia,2024-04,4.26,6.28,6.76,55.0,231.0,166.75,137.9
Turkana,2024-04,4.45,5.32,5.26,52.8,231.0,169.68,138.93
West Pokot,2024-04,3.23,4.99,6.19,57.4,231.0,166.29,142.33
Narok,2024-04,3.75,5.57,7.18,54.0,231.0,164.24,138.55
Kajiado,2024-04,3.59,5.53,6.36,56.2,231.0,165.03,139.72
Tana River,2024-04,4.07,5.15,6.37,55.3,231.0,156.51,139.82
Nairobi,2024-05,4.01,5.4,6.71,53.1,229.5,159.73,141.2
Mombasa,2024-05,3.29,6.0,6.23,53.8,229.5,173.68,140.52
Kisumu,2024-05,3.72,4.83,5.18,49.4,229.5,165.73,139.37
Nakuru,2024-05,3.33,4.99,6.25,48.9,229.5,166.86,139.38
Kiambu,2024-05,2.83,5.56,4.59,52.2,229.5,161.71,137.49
Uasin Gishu,2024-05,3.38,4.58,5.9,57.3,229.5,164.87,140.02
Meru,2024-05,3.7,5.2,6.76,51.7,229.5,168.23,141.3
Machakos,2024-05,2.72,6.05,5.94,53.3,229.5,162.33,139.13
Kakamega,2024-05,3.39,5.05,6.9,55.2,229.5,167.99,138.08
Bungoma,2024-05,3.74,5.7,5.3,48.9,229.5,159.82,140.27
Kisii,2024-05,3.38,4.38,5.99,51.5,229.5,161.9,139.69
Nyamira,2024-05,3.35,5.84,5.3,56.7,229.5,159.71,141.59
Nyandarua,2024-05,2.99,5.93,6.33,54.0,229.5,161.87,139.68
Nyeri,2024-05,3.68,4.63,7.13,54.0,229.5,158.18,137.35
Kirinyaga,2024-05,3.09,5.4,6.38,53.5,229.5,165.0,138.42
Murang'a,2024-05,3.31,5.18,6.08,52.9,229.5,163.73,140.67
Laikipia,2024-05,3.91,5.36,4.26,48.3,229.5,166.34,139.7
Nandi,2024-05,2.87,5.27,6.69,49.8,229.5,169.09,140.12
Kericho,2024-05,3.17,4.94,4.47,49.1,229.5,167.89,137.36
Bomet,2024-05,3.43,6.05,5.97,48.5,229.5,161.12,143.57
Kilifi,2024-05,3.43,6.54,5.55,47.3,229.5,162.7,140.85
Kwale,2024-05,4.52,5.37,4.76,52.3,229.5,164.76,140.43
Lamu,2024-05,3.73,5.19,7.79,50.6,229.5,167.57,140.33
Taita Taveta,2024-05,3.66,5.95,7.35,49.2,229.5,163.72,141.18
Garissa,2024-05,3.83,4.68,6.47,52.8,229.5,159.76,139.17
Wajir,2024-05,4.41,5.4,4.32,52.1,229.5,160.72,140.04
Mandera,2024-05,3.49,5.34,5.71,54.5,229.5,171.07,136.95
Marsabit,2024-05,3.73,5.49,5.57,55.4,229.5,162.82,142.64
Isiolo,2024-05,3.22,5.92,6.03,46.9,229.5,162.44,138.18
Kitui,2024-05,4.17,4.68,6.56,51.6,229.5,160.44,140.88
Makueni,2024-05,3.67,4.23,6.38,56.9,229.5,166.52,140.99
Embu,2024-05,4.73,5.46,6.56,49.5,229.5,164.13,143.02
Tharaka Nithi,2024-05,4.31,5.44,5.6,50.6,229.5,165.65,138.77
Busia,2024-05,4.82,5.3,5.78,48.1,229.5,166.88,138.2
Siaya,2024-05,3.78,4.9,4.9,54.2,229.5,157.49,140.44
Homa Bay,2024-05,3.69,5.96,6.08,49.0,229.5,161.59,139.78
Migori,2024-05,3.53,5.49,6.02,55.6,229.5,160.13,139.15
Vihiga,2024-05,3.55,5.38,5.29,49.6,229.5,167.83,139.96
Baringo,2024-05,3.52,4.8,7.2,52.7,229.5,163.81,138.18
Elgeyo Marakwet,2024-05,2.46,5.45,5.76,47.4,229.5,159.68,138.42
Samburu,2024-05,3.89,6.47,6.13,50.0,229.5,167.36,141.82
Trans Nzoia,2024-05,3.79,6.07,6.6,55.2,229.5,163.94,139.19
Turkana,2024-05,3.67,4.52,5.73,53.4,229.5,166.78,140.47
West Pokot,2024-05,3.8,4.78,6.1,57.6,229.5,163.74,138.78
Narok,2024-05,3.48,5.18,6.21,54.4,229.5,158.13,137.93
Kajiado,2024-05,4.39,5.83,6.51,55.9,229.5,171.83,137.53
Tana River,2024-05,4.35,5.44,6.8,55.1,229.5,163.71,137.19
Nairobi,2024-06,3.58,6.11,5.37,52.6,225.5,168.09,140.87
Mombasa,2024-06,3.49,5.37,6.55,54.3,225.5,173.67,140.78
Kisumu,2024-06,4.0,4.43,5.26,49.8,225.5,164.41,141.26
Nakuru,2024-06,3.26,5.14,5.8,48.8,225.5,163.58,141.32
Kiambu,2024-06,3.34,5.97,5.68,51.9,225.5,160.35,142.14
Uasin Gishu,2024-06,3.81,5.16,6.03,56.9,225.5,168.06,141.37
Meru,2024-06,3.22,4.19,6.27,52.6,225.5,161.56,138.99
Machakos,2024-06,3.44,5.7,5.87,53.6,225.5,166.8,143.18
Kakamega,2024-06,3.92,5.19,7.14,55.1,225.5,170.58,142.15
Bungoma,2024-06,4.03,6.01,5.28,48.7,225.5,165.57,139.39
Kisii,2024-06,3.27,5.45,7.59,50.7,225.5,163.34,139.4
Nyamira,2024-06,3.76,5.95,5.49,56.6,225.5,165.38,140.04
Nyandarua,2024-06,3.3,5.86,5.98,54.1,225.5,162.39,142.26
Nyeri,2024-06,3.39,4.7,6.83,54.0,225.5,160.48,141.42
Kirinyaga,2024-06,3.21,5.5,6.77,53.5,225.5,162.61,142.95
Murang'a,2024-06,3.35,5.3,7.07,52.9,225.5,167.12,137.74
Laikipia,2024-06,3.48,5.25,3.97,48.4,225.5,167.32,140.64
Nandi,2024-06,3.01,5.37,6.82,49.7,225.5,164.68,141.78
Kericho,2024-06,3.73,4.46,5.48,49.5,225.5,170.96,140.1
Bomet,2024-06,3.03,6.04,6.2,48.5,225.5,164.92,142.59
Kilifi,2024-06,3.92,5.88,5.89,47.9,225.5,166.49,139.02
Kwale,2024-06,3.96,5.84,5.15,51.9,225.5,163.79,144.28
Lamu,2024-06,2.82,5.38,7.48,50.4,225.5,169.21,139.42
Taita Taveta,2024-06,4.2,5.13,6.58,49.9,225.5,167.22,139.84
Garissa,2024-06,4.09,3.9,5.66,53.4,225.5,161.89,141.03
Wajir,2024-06,3.99,4.64,6.0,52.7,225.5,167.66,139.78
Mandera,2024-06,3.16,4.81,5.59,54.9,225.5,168.99,140.49
Marsabit,2024-06,3.77,4.99,5.51,55.9,225.5,167.6,137.07
Isiolo,2024-06,3.18,5.01,5.61,47.7,225.5,159.58,140.97
Kitui,2024-06,3.97,5.31,6.39,51.1,225.5,156.8,140.04
Makueni,2024-06,2.95,4.15,7.14,57.0,225.5,167.88,141.28
Embu,2024-06,3.84,5.65,5.85,49.4,225.5,173.02,140.92
Tharaka Nithi,2024-06,3.98,5.55,5.67,50.6,225.5,174.46,140.77
Busia,2024-06,4.05,5.6,6.71,47.9,225.5,171.81,139.99
Siaya,2024-06,3.31,4.1,5.11,54.9,225.5,166.35,140.02
Homa Bay,2024-06,3.48,4.85,7.06,49.9,225.5,164.78,141.59
Migori,2024-06,3.88,5.58,6.34,55.5,225.5,170.85,140.67
Vihiga,2024-06,3.5,5.39,5.85,49.6,225.5,164.25,140.35
Baringo,2024-06,4.37,5.77,7.17,51.9,225.5,167.28,141.29
Elgeyo Marakwet,2024-06,3.18,5.37,5.95,47.5,225.5,160.75,140.37
Samburu,2024-06,4.66,6.46,6.98,50.0,225.5,169.09,140.21
Trans Nzoia,2024-06,3.94,5.98,6.65,55.3,225.5,168.2,140.67
Turkana,2024-06,3.79,5.15,5.82,53.0,225.5,164.64,140.1
West Pokot,2024-06,3.64,4.79,6.55,57.6,225.5,164.23,138.16
Narok,2024-06,4.46,5.19,6.53,54.4,225.5,163.24,140.64
Kajiado,2024-06,4.64,6.96,5.92,55.1,225.5,168.67,140.17
Tana River,2024-06,4.38,5.87,7.11,54.8,225.5,164.93,139.07
Nairobi,2024-07,3.91,6.02,6.35,52.7,220.0,161.53,142.31
Mombasa,2024-07,3.87,5.36,6.51,54.3,220.0,169.98,138.6
Kisumu,2024-07,4.06,4.46,4.57,49.8,220.0,164.3,139.26
Nakuru,2024-07,3.34,4.39,6.03,49.4,220.0,162.92,141.36
Kiambu,2024-07,3.86,5.81,5.28,52.0,220.0,161.08,139.54
Uasin Gishu,2024-07,3.45,5.01,4.25,57.0,220.0,169.24,140.31
Meru,2024-07,3.71,4.04,6.37,52.7,220.0,167.38,137.94
Machakos,2024-07,2.77,5.87,5.77,53.5,220.0,167.15,141.64
Kakamega,2024-07,3.28,4.11,6.98,56.0,220.0,166.66,139.5
Bungoma,2024-07,4.14,6.0,4.89,48.7,220.0,162.56,141.73
Kisii,2024-07,3.64,4.4,5.68,51.6,220.0,172.47,138.97
Nyamira,2024-07,3.52,6.34,5.22,56.3,220.0,161.59,138.66
Nyandarua,2024-07,2.6,5.91,7.14,54.1,220.0,160.95,139.97
Nyeri,2024-07,3.81,4.36,6.86,54.3,220.0,162.16,140.19
Kirinyaga,2024-07,3.47,5.68,6.76,53.4,220.0,169.4,139.42
Murang'a,2024-07,3.73,5.85,5.77,52.5,220.0,167.96,140.03
Laikipia,2024-07,3.07,5.19,5.32,48.5,220.0,168.22,140.64
Nandi,2024-07,3.35,6.25,6.22,49.0,220.0,171.57,140.82
Kericho,2024-07,3.06,4.56,4.88,49.5,220.0,167.69,140.73
Bomet,2024-07,3.18,6.05,6.13,48.6,220.0,162.44,139.18
Kilifi,2024-07,4.85,5.1,5.85,48.5,220.0,163.42,140.27
Kwale,2024-07,4.23,6.05,4.67,51.8,220.0,159.55,141.73
Lamu,2024-07,3.51,4.88,7.11,50.9,220.0,167.09,139.56
Taita Taveta,2024-07,3.53,6.22,7.08,49.1,220.0,165.94,139.66
Garissa,2024-07,4.09,4.37,6.16,53.1,220.0,160.23,140.51
Wajir,2024-07,4.29,5.14,6.07,52.3,220.0,165.38,141.22
Mandera,2024-07,3.66,5.41,5.96,54.5,220.0,170.58,139.18
Marsabit,2024-07,4.09,5.57,4.62,55.4,220.0,164.89,139.23
Isiolo,2024-07,2.24,5.33,6.48,47.4,220.0,163.32,145.1
Kitui,2024-07,3.97,4.79,6.6,51.6,220.0,161.45,142.19
Makueni,2024-07,3.65,4.76,6.54,56.5,220.0,163.31,140.05
Embu,2024-07,4.1,5.16,6.21,49.8,220.0,169.68,141.45
Tharaka Nithi,2024-07,3.68,5.54,5.36,50.6,220.0,165.76,140.55
Busia,2024-07,4.67,5.12,6.34,48.3,220.0,172.78,144.25
Siaya,2024-07,3.58,4.21,4.62,54.8,220.0,166.43,139.5
Homa Bay,2024-07,3.57,4.82,6.75,49.9,220.0,167.25,142.07
Migori,2024-07,2.85,5.89,5.46,55.3,220.0,167.26,141.11
Vihiga,2024-07,3.39,5.26,5.53,49.8,220.0,159.44,141.6
Baringo,2024-07,4.1,5.1,5.8,52.5,220.0,170.95,142.65
Elgeyo Marakwet,2024-07,3.65,5.34,4.3,47.5,220.0,165.47,141.35
Samburu,2024-07,3.96,6.43,7.25,50.1,220.0,171.21,140.85
Trans Nzoia,2024-07,3.62,6.27,6.5,55.0,220.0,166.53,139.42
Turkana,2024-07,4.55,5.17,4.99,53.0,220.0,168.6,139.52
West Pokot,2024-07,4.34,5.26,6.58,57.2,220.0,171.25,141.03
Narok,2024-07,4.35,6.13,6.39,53.6,220.0,164.55,142.2
Kajiado,2024-07,4.24,5.45,5.64,56.3,220.0,165.89,137.65
Tana River,2024-07,3.57,5.14,6.12,55.4,220.0,167.24,142.36
Nairobi,2024-08,3.75,6.23,6.79,52.6,214.5,156.17,141.22
Mombasa,2024-08,2.51,6.04,5.16,53.8,214.5,171.26,142.02
Kisumu,2024-08,3.56,5.18,5.62,49.2,214.5,168.49,142.25
Nakuru,2024-08,3.46,4.98,6.23,49.0,214.5,165.73,140.19
Kiambu,2024-08,3.13,5.58,5.2,52.2,214.5,160.35,142.48
Uasin Gishu,2024-08,3.31,4.66,5.71,57.3,214.5,172.91,143.02
Meru,2024-08,3.24,4.93,5.84,52.0,214.5,166.22,140.93
Machakos,2024-08,2.97,5.77,5.27,53.6,214.5,164.35,142.48
Kakamega,2024-08,3.64,4.83,7.02,55.4,214.5,171.21,141.34
Bungoma,2024-08,3.65,6.5,5.56,48.3,214.5,165.41,140.53
Kisii,2024-08,3.51,5.06,7.41,51.1,214.5,163.41,142.19
Nyamira,2024-08,3.76,5.14,5.06,57.3,214.5,160.89,141.85
Nyandarua,2024-08,3.03,5.71,6.21,54.3,214.5,165.0,141.54
Nyeri,2024-08,3.62,4.71,7.01,54.0,214.5,161.95,143.75
Kirinyaga,2024-08,2.99,4.29,5.55,54.5,214.5,160.58,142.21
Murang'a,2024-08,3.51,6.08,5.99,52.3,214.5,169.27,141.29
Laikipia,2024-08,3.76,5.39,4.67,48.3,214.5,176.23,143.2
Nandi,2024-08,3.27,4.83,6.77,50.2,214.5,170.2,142.8
Kericho,2024-08,2.93,4.69,4.81,49.4,214.5,171.49,141.04
Bomet,2024-08,4.58,5.23,7.29,49.2,214.5,162.38,139.21
Kilifi,2024-08,3.31,5.99,5.05,47.9,214.5,162.33,141.5
Kwale,2024-08,4.17,5.85,4.93,52.0,214.5,169.81,141.42
Lamu,2024-08,3.61,5.05,6.34,50.7,214.5,170.78,140.22
Taita Taveta,2024-08,3.5,6.13,5.95,49.2,214.5,160.28,142.56
Garissa,2024-08,3.19,4.27,6.3,53.2,214.5,163.73,141.83
Wajir,2024-08,4.06,4.92,4.94,52.5,214.5,165.1,142.86
Mandera,2024-08,3.62,6.04,5.45,54.0,214.5,170.63,141.39
Marsabit,2024-08,3.79,5.45,5.79,55.5,214.5,164.67,141.92
Isiolo,2024-08,3.06,6.03,6.68,46.9,214.5,164.6,141.02
Kitui,2024-08,4.21,4.49,5.49,51.8,214.5,163.69,142.99
Makueni,2024-08,4.15,4.59,6.87,56.7,214.5,170.26,140.8
Embu,2024-08,4.19,5.31,6.56,49.7,214.5,173.24,142.42
Tharaka Nithi,2024-08,3.99,6.24,5.92,50.1,214.5,171.81,140.06
Busia,2024-08,4.02,5.75,5.89,47.8,214.5,170.21,140.95
Siaya,2024-08,3.8,3.77,5.14,55.2,214.5,162.58,141.17
Homa Bay,2024-08,4.13,6.38,6.64,48.7,214.5,160.77,140.68
Migori,2024-08,3.73,5.84,6.79,55.4,214.5,167.49,140.65
Vihiga,2024-08,3.96,5.07,5.02,49.9,214.5,170.46,138.96
Baringo,2024-08,2.66,5.77,7.04,52.0,214.5,168.27,139.25
Elgeyo Marakwet,2024-08,3.34,5.5,5.29,47.4,214.5,168.11,139.63
Samburu,2024-08,4.24,6.46,7.02,50.1,214.5,175.11,142.05
Trans Nzoia,2024-08,3.77,6.15,7.23,55.2,214.5,164.79,139.25
Turkana,2024-08,4.4,5.43,5.46,52.8,214.5,167.42,138.86
West Pokot,2024-08,3.77,4.07,5.49,58.2,214.5,167.22,140.05
Narok,2024-08,4.19,5.58,6.09,54.1,214.5,159.92,139.92
Kajiado,2024-08,3.65,5.26,6.57,56.5,214.5,163.67,140.95
Tana River,2024-08,4.06,5.16,6.62,55.4,214.5,161.4,139.53
Nairobi,2024-09,3.5,6.25,6.9,52.6,210.5,169.2,141.04
Mombasa,2024-09,3.18,5.43,5.58,54.3,210.5,173.18,140.44
Kisumu,2024-09,4.5,4.21,5.61,50.0,210.5,165.03,140.37
Nakuru,2024-09,3.82,4.65,5.97,49.3,210.5,164.03,144.28
Kiambu,2024-09,3.38,5.73,5.3,52.1,210.5,163.93,140.68
Uasin Gishu,2024-09,3.7,4.89,4.7,57.2,210.5,174.15,143.38
Meru,2024-09,3.72,4.64,4.87,52.3,210.5,169.02,141.01
Machakos,2024-09,3.11,5.15,5.76,54.1,210.5,163.65,141.78
Kakamega,2024-09,4.08,4.57,7.55,55.7,210.5,169.51,142.5
Bungoma,2024-09,3.25,6.35,5.61,48.5,210.5,167.46,141.01
Kisii,2024-09,3.0,4.74,7.21,51.4,210.5,168.62,139.27
Nyamira,2024-09,2.86,6.24,5.39,56.5,210.5,161.09,138.95
Nyandarua,2024-09,2.93,5.02,6.34,54.9,210.5,170.9,139.2
Nyeri,2024-09,3.46,5.17,7.1,53.7,210.5,162.99,141.38
Kirinyaga,2024-09,3.02,4.87,6.58,54.1,210.5,170.84,140.67
Murang'a,2024-09,3.22,5.22,6.63,53.0,210.5,170.09,142.54
Laikipia,2024-09,3.23,5.2,4.71,48.5,210.5,172.2,141.36
Nandi,2024-09,2.88,5.18,7.04,49.9,210.5,171.09,140.83
Kericho,2024-09,3.17,4.19,5.38,49.8,210.5,168.31,143.06
Bomet,2024-09,3.44,5.9,6.63,48.7,210.5,171.03,143.23
Kilifi,2024-09,4.26,6.03,5.11,47.9,210.5,163.86,140.33
Kwale,2024-09,4.29,5.86,5.45,52.0,210.5,168.03,140.51
Lamu,2024-09,3.3,4.99,6.72,50.8,210.5,168.23,143.38
Taita Taveta,2024-09,3.56,6.02,6.52,49.3,210.5,167.83,140.09
Garissa,2024-09,3.64,4.71,6.01,52.8,210.5,166.54,141.88
Wajir,2024-09,4.06,4.85,5.32,52.6,210.5,165.61,141.69
Mandera,2024-09,3.4,5.62,5.61,54.4,210.5,169.41,143.03
Marsabit,2024-09,4.05,4.97,5.1,56.0,210.5,163.73,141.59
Isiolo,2024-09,3.21,5.65,6.44,47.2,210.5,168.76,141.96
Kitui,2024-09,3.48,4.55,6.68,51.8,210.5,159.33,139.58
Makueni,2024-09,3.52,5.02,7.5,56.3,210.5,168.75,143.19
Embu,2024-09,4.02,4.73,6.06,50.2,210.5,169.92,142.98
Tharaka Nithi,2024-09,4.06,4.96,4.93,51.1,210.5,171.71,137.97
Busia,2024-09,3.85,5.8,5.76,47.8,210.5,174.77,143.39
Siaya,2024-09,3.37,4.35,5.7,54.7,210.5,164.4,139.51
Homa Bay,2024-09,3.66,5.22,6.86,49.6,210.5,166.99,141.13
Migori,2024-09,3.55,5.13,5.92,56.0,210.5,173.14,141.68
Vihiga,2024-09,3.64,5.14,6.19,49.9,210.5,160.73,141.32
Baringo,2024-09,4.72,5.85,7.25,51.9,210.5,167.7,140.79
Elgeyo Marakwet,2024-09,2.96,5.18,5.97,47.7,210.5,166.11,141.5
Samburu,2024-09,4.32,6.04,7.31,50.4,210.5,174.94,140.0
Trans Nzoia,2024-09,3.71,5.34,6.99,55.8,210.5,168.46,139.63
Turkana,2024-09,3.86,4.97,5.46,53.2,210.5,168.92,139.84
West Pokot,2024-09,3.72,3.95,6.11,58.3,210.5,166.66,141.4
Narok,2024-09,3.83,5.04,6.21,54.6,210.5,168.53,143.49
Kajiado,2024-09,4.96,6.43,6.14,55.6,210.5,166.59,141.57
Tana River,2024-09,3.94,5.53,7.61,55.1,210.5,162.93,140.53
Nairobi,2024-10,4.21,5.74,6.66,53.0,209.0,168.16,142.73
Mombasa,2024-10,3.31,6.22,5.76,53.7,209.0,171.71,142.8
Kisumu,2024-10,3.18,5.37,5.52,49.1,209.0,169.21,139.55
Nakuru,2024-10,3.09,4.77,6.63,49.2,209.0,160.93,143.18
Kiambu,2024-10,3.49,5.63,5.53,52.2,209.0,164.77,140.93
Uasin Gishu,2024-10,4.03,3.81,4.9,58.0,209.0,172.05,141.48
Meru,2024-10,2.75,4.92,5.74,52.1,209.0,168.25,142.23
Machakos,2024-10,3.22,6.38,5.49,53.1,209.0,169.98,141.92
Kakamega,2024-10,3.97,5.31,7.01,55.1,209.0,174.79,144.18
Bungoma,2024-10,4.31,5.78,5.7,48.9,209.0,167.5,143.68
Kisii,2024-10,3.79,5.0,6.87,51.2,209.0,169.69,142.44
Nyamira,2024-10,3.25,5.64,6.03,57.0,209.0,166.92,141.14
Nyandarua,2024-10,3.07,6.19,6.05,53.9,209.0,159.79,139.89
Nyeri,2024-10,2.84,4.13,6.14,54.5,209.0,168.29,141.93
Kirinyaga,2024-10,3.34,4.4,6.39,54.5,209.0,163.01,141.45
Murang'a,2024-10,4.12,5.87,6.42,52.5,209.0,170.53,141.22
Laikipia,2024-10,3.38,5.83,4.48,48.0,209.0,168.8,142.46
Nandi,2024-10,3.11,5.53,6.66,49.7,209.0,173.05,142.88
Kericho,2024-10,3.31,5.27,5.25,49.0,209.0,175.63,143.76
Bomet,2024-10,4.52,5.92,6.21,48.7,209.0,175.12,141.5
Kilifi,2024-10,3.66,5.82,5.15,48.0,209.0,169.35,141.09
Kwale,2024-10,3.88,6.22,5.33,51.7,209.0,165.77,142.26
Lamu,2024-10,3.3,4.83,6.88,51.0,209.0,172.0,141.81
Taita Taveta,2024-10,3.71,5.68,6.62,49.6,209.0,164.31,141.15
Garissa,2024-10,3.97,4.81,5.68,52.8,209.0,167.6,141.41
Wajir,2024-10,3.81,4.25,5.78,53.1,209.0,161.83,141.92
Mandera,2024-10,3.47,5.99,5.31,54.1,209.0,169.42,141.85
Marsabit,2024-10,3.93,5.32,5.16,55.7,209.0,163.81,139.64
Isiolo,2024-10,2.77,5.69,6.2,47.2,209.0,163.77,139.89
Kitui,2024-10,3.13,4.46,6.83,51.9,209.0,163.2,142.6
Makueni,2024-10,3.27,4.9,6.67,56.5,209.0,166.4,141.6
Embu,2024-10,4.72,6.06,6.3,49.2,209.0,172.06,142.46
Tharaka Nithi,2024-10,4.2,5.46,5.9,50.7,209.0,173.1,141.53
Busia,2024-10,3.58,5.52,6.68,48.0,209.0,172.39,142.45
Siaya,2024-10,3.67,4.05,5.08,55.0,209.0,162.04,140.37
Homa Bay,2024-10,4.2,5.4,5.93,49.5,209.0,170.73,143.22
Migori,2024-10,3.35,5.83,6.18,55.4,209.0,167.11,142.71
Vihiga,2024-10,3.14,5.08,6.04,50.0,209.0,170.16,141.17
Baringo,2024-10,4.26,5.02,6.81,52.6,209.0,168.87,142.57
Elgeyo Marakwet,2024-10,3.25,6.45,5.11,46.7,209.0,168.19,140.45
Samburu,2024-10,4.32,6.22,6.86,50.3,209.0,171.3,142.21
Trans Nzoia,2024-10,3.71,6.72,6.49,54.8,209.0,165.68,142.43
Turkana,2024-10,3.92,4.93,5.87,53.2,209.0,162.0,141.1
West Pokot,2024-10,3.05,4.14,7.43,58.2,209.0,170.48,143.43
Narok,2024-10,4.02,5.95,5.51,53.9,209.0,169.55,140.77
Kajiado,2024-10,3.77,5.96,6.89,56.0,209.0,168.77,139.96
Tana River,2024-10,4.01,5.88,6.14,54.9,209.0,170.82,140.69
Nairobi,2024-11,3.55,6.6,6.12,52.3,210.5,168.92,145.36
Mombasa,2024-11,3.3,5.64,5.82,54.2,210.5,177.81,144.32
Kisumu,2024-11,4.59,4.79,5.88,49.6,210.5,169.3,141.08
Nakuru,2024-11,4.06,5.58,5.71,48.6,210.5,164.75,142.46
Kiambu,2024-11,4.01,5.27,5.51,52.6,210.5,162.89,143.45
Uasin Gishu,2024-11,3.46,5.04,5.05,57.1,210.5,169.47,142.5
Meru,2024-11,2.7,4.4,6.54,52.5,210.5,163.84,138.54
Machakos,2024-11,2.27,6.45,5.48,53.1,210.5,167.8,143.82
Kakamega,2024-11,3.56,4.87,6.95,55.5,210.5,171.74,142.84
Bungoma,2024-11,4.08,5.86,4.95,48.9,210.5,166.43,138.95
Kisii,2024-11,3.68,4.41,6.97,51.7,210.5,169.36,142.56
Nyamira,2024-11,3.6,5.38,5.33,57.2,210.5,166.99,142.12
Nyandarua,2024-11,2.81,6.01,6.77,54.1,210.5,165.28,140.79
Nyeri,2024-11,3.32,4.62,7.07,54.2,210.5,160.09,141.55
Kirinyaga,2024-11,3.33,4.95,5.81,54.0,210.5,168.27,141.93
Murang'a,2024-11,2.88,5.56,6.25,52.8,210.5,170.62,141.07
Laikipia,2024-11,3.73,4.82,4.75,48.9,210.5,171.46,142.75
Nandi,2024-11,3.32,5.17,6.09,50.0,210.5,175.96,143.43
Kericho,2024-11,3.66,3.95,5.28,50.1,210.5,171.28,139.5
Bomet,2024-11,4.16,6.44,7.64,48.3,210.5,166.46,142.58
Kilifi,2024-11,4.51,5.8,5.35,48.1,210.5,162.87,144.1
Kwale,2024-11,3.99,5.55,5.16,52.3,210.5,166.88,142.65
Lamu,2024-11,3.21,5.65,6.82,50.3,210.5,176.09,143.25
Taita Taveta,2024-11,3.68,5.97,7.41,49.4,210.5,167.55,141.0
Garissa,2024-11,3.07,4.69,5.77,52.9,210.5,166.8,143.99
Wajir,2024-11,4.21,4.56,5.99,52.9,210.5,168.26,143.93
Mandera,2024-11,2.94,5.81,5.9,54.3,210.5,175.62,140.2
Marsabit,2024-11,4.29,5.98,4.17,55.2,210.5,167.5,143.33
Isiolo,2024-11,3.09,5.21,6.69,47.6,210.5,164.62,142.07
Kitui,2024-11,4.15,5.44,6.65,51.1,210.5,165.98,141.63
Makueni,2024-11,3.11,5.09,6.77,56.3,210.5,174.25,141.91
Embu,2024-11,3.73,5.52,6.02,49.6,210.5,169.56,145.13
Tharaka Nithi,2024-11,3.82,5.85,6.1,50.4,210.5,169.39,140.9
Busia,2024-11,3.94,5.36,7.15,48.2,210.5,172.59,143.73
Siaya,2024-11,3.99,4.58,5.22,54.6,210.5,169.52,141.16
Homa Bay,2024-11,4.41,5.05,6.69,49.8,210.5,162.36,141.93
Migori,2024-11,3.54,5.46,6.21,55.8,210.5,165.72,140.92
Vihiga,2024-11,3.47,5.06,5.19,50.0,210.5,172.1,140.57
Baringo,2024-11,3.92,5.27,6.9,52.4,210.5,169.27,142.24
Elgeyo Marakwet,2024-11,2.63,5.96,5.45,47.1,210.5,166.32,141.28
Samburu,2024-11,3.75,6.59,5.94,50.1,210.5,170.32,144.62
Trans Nzoia,2024-11,3.86,5.88,7.55,55.5,210.5,169.39,142.75
Turkana,2024-11,4.12,5.16,5.59,53.1,210.5,177.75,142.11
West Pokot,2024-11,3.68,4.12,6.2,58.2,210.5,174.97,143.88
Narok,2024-11,3.84,5.66,5.75,54.1,210.5,164.23,142.62
Kajiado,2024-11,3.79,5.34,6.98,56.5,210.5,168.97,140.05
Tana River,2024-11,3.14,5.27,5.61,55.4,210.5,161.97,144.09
Nairobi,2024-12,3.51,5.88,6.37,52.9,214.5,163.05,143.42
Mombasa,2024-12,3.18,5.55,5.9,54.3,214.5,170.92,142.19
Kisumu,2024-12,3.91,4.63,5.39,49.8,214.5,169.91,143.15
Nakuru,2024-12,3.99,5.17,6.7,48.9,214.5,166.02,142.04
Kiambu,2024-12,3.89,5.99,5.06,52.0,214.5,167.2,141.38
Uasin Gishu,2024-12,3.98,4.73,4.44,57.4,214.5,171.68,146.07
Meru,2024-12,3.56,5.54,5.65,51.6,214.5,172.1,139.0
Machakos,2024-12,3.21,6.17,5.94,53.3,214.5,167.7,144.36
Kakamega,2024-12,3.51,4.7,6.72,55.6,214.5,170.44,145.15
Bungoma,2024-12,3.79,6.38,5.7,48.5,214.5,165.25,144.62
Kisii,2024-12,3.77,4.48,6.88,51.6,214.5,167.26,145.21
Nyamira,2024-12,3.64,5.72,5.78,56.9,214.5,162.14,141.68
Nyandarua,2024-12,3.08,6.66,5.88,53.6,214.5,160.52,140.63
Nyeri,2024-12,3.9,4.41,6.65,54.4,214.5,167.82,142.56
Kirinyaga,2024-12,3.57,5.2,6.24,53.9,214.5,169.12,143.16
Murang'a,2024-12,3.64,5.29,5.01,53.0,214.5,171.88,144.19
Laikipia,2024-12,3.78,5.26,4.77,48.5,214.5,172.76,144.08
Nandi,2024-12,3.51,6.28,6.03,49.1,214.5,172.94,141.04
Kericho,2024-12,3.76,3.96,4.91,50.1,214.5,171.08,143.2
Bomet,2024-12,3.57,5.63,6.52,49.0,214.5,169.57,145.03
Kilifi,2024-12,4.26,5.77,6.68,48.1,214.5,170.65,141.35
Kwale,2024-12,4.1,6.06,4.67,51.9,214.5,163.96,142.93
Lamu,2024-12,3.15,5.6,7.26,50.4,214.5,170.01,143.44
Taita Taveta,2024-12,4.05,5.46,6.41,49.8,214.5,167.88,142.85
Garissa,2024-12,3.44,4.4,6.06,53.2,214.5,168.84,144.5
Wajir,2024-12,3.89,5.82,6.27,51.9,214.5,171.31,143.73
Mandera,2024-12,4.65,5.57,5.06,54.5,214.5,169.65,141.3
Marsabit,2024-12,3.86,5.44,5.28,55.7,214.5,166.73,143.0
Isiolo,2024-12,3.91,5.66,6.82,47.3,214.5,167.74,140.38
Kitui,2024-12,3.1,5.58,6.12,51.1,214.5,164.42,143.17
Makueni,2024-12,3.74,4.92,7.74,56.5,214.5,176.0,141.58
Embu,2024-12,4.38,5.2,5.99,49.9,214.5,170.59,140.26
Tharaka Nithi,2024-12,4.06,5.1,6.14,51.1,214.5,173.03,143.26
Busia,2024-12,4.61,5.12,5.92,48.4,214.5,174.43,143.27
Siaya,2024-12,4.22,4.83,5.25,54.4,214.5,167.42,143.3
Homa Bay,2024-12,3.14,5.51,6.43,49.5,214.5,168.65,141.41
Migori,2024-12,2.99,5.57,7.28,55.7,214.5,168.13,144.56
Vihiga,2024-12,3.9,5.07,5.19,50.0,214.5,170.37,143.09
Baringo,2024-12,3.73,5.21,6.82,52.5,214.5,172.63,142.32
Elgeyo Marakwet,2024-12,3.34,5.89,5.48,47.2,214.5,165.77,141.67
Samburu,2024-12,3.81,7.06,6.73,49.7,214.5,178.28,145.33
Trans Nzoia,2024-12,3.53,6.16,6.98,55.3,214.5,163.91,140.47
Turkana,2024-12,4.05,4.8,6.28,53.4,214.5,171.15,145.73
West Pokot,2024-12,3.56,5.39,6.48,57.2,214.5,171.77,142.03
Narok,2024-12,4.28,6.33,6.32,53.6,214.5,166.82,142.43
Kajiado,2024-12,4.63,6.1,7.46,55.9,214.5,170.86,142.86
Tana River,2024-12,4.14,5.93,6.28,54.9,214.5,172.39,143.35
Nairobi,2025-01,2.59,6.34,5.83,52.6,220.0,169.74,144.55
Mombasa,2025-01,3.37,6.07,6.75,53.9,220.0,173.81,144.39
Kisumu,2025-01,4.48,5.51,4.81,49.1,220.0,172.07,141.76
Nakuru,2025-01,3.21,5.08,6.26,49.0,220.0,172.7,142.68
Kiambu,2025-01,3.58,5.81,4.97,52.2,220.0,163.9,144.87
Uasin Gishu,2025-01,3.57,5.21,5.43,57.0,220.0,169.04,144.0
Meru,2025-01,3.69,4.79,6.3,52.2,220.0,167.73,145.22
Machakos,2025-01,3.17,5.57,5.75,53.8,220.0,168.57,141.78
Kakamega,2025-01,3.58,4.5,6.48,55.8,220.0,176.97,143.03
Bungoma,2025-01,4.28,5.6,4.31,49.2,220.0,169.3,145.98
Kisii,2025-01,3.78,6.19,6.82,50.3,220.0,171.73,139.97
Nyamira,2025-01,3.49,5.82,4.95,56.9,220.0,167.18,143.1
Nyandarua,2025-01,3.11,6.61,6.23,53.7,220.0,166.85,142.59
Nyeri,2025-01,3.85,4.72,6.59,54.1,220.0,160.46,143.56
Kirinyaga,2025-01,3.37,4.96,5.87,54.1,220.0,174.62,144.49
Murang'a,2025-01,3.87,6.07,6.82,52.4,220.0,167.11,145.97
Laikipia,2025-01,3.33,5.04,5.4,48.7,220.0,174.23,144.06
Nandi,2025-01,3.33,5.04,8.08,50.1,220.0,173.04,142.96
Kericho,2025-01,3.12,4.69,5.68,49.5,220.0,173.63,143.77
Bomet,2025-01,4.52,5.62,6.63,49.0,220.0,169.05,143.64
Kilifi,2025-01,3.76,5.69,4.91,48.2,220.0,170.16,143.84
Kwale,2025-01,4.74,6.03,4.79,52.0,220.0,163.74,141.37
Lamu,2025-01,2.78,5.76,7.03,50.3,220.0,170.88,141.76
Taita Taveta,2025-01,3.2,5.78,7.58,49.6,220.0,168.52,141.03
Garissa,2025-01,4.39,4.07,5.92,53.4,220.0,172.32,143.82
Wajir,2025-01,3.9,4.36,4.81,53.1,220.0,165.3,143.21
Mandera,2025-01,3.93,5.63,5.46,54.5,220.0,168.77,143.64
Marsabit,2025-01,4.32,5.26,5.09,55.8,220.0,167.71,144.88
Isiolo,2025-01,2.86,5.99,6.57,47.1,220.0,167.95,145.02
Kitui,2025-01,3.35,4.96,6.6,51.6,220.0,164.17,143.89
Makueni,2025-01,3.63,4.58,7.28,56.8,220.0,170.48,143.61
Embu,2025-01,3.94,5.11,6.31,50.0,220.0,173.95,140.99
Tharaka Nithi,2025-01,3.36,5.8,5.07,50.5,220.0,175.41,143.28
Busia,2025-01,3.92,6.5,6.37,47.3,220.0,176.85,143.63
Siaya,2025-01,3.69,4.47,5.93,54.7,220.0,170.47,146.13
Homa Bay,2025-01,3.82,5.22,6.08,49.7,220.0,164.41,144.35
Migori,2025-01,3.27,4.44,7.53,56.6,220.0,169.57,142.34
Vihiga,2025-01,3.94,4.57,6.1,50.5,220.0,167.77,141.21
Baringo,2025-01,4.75,5.85,7.05,52.0,220.0,171.63,144.1
Elgeyo Marakwet,2025-01,2.88,5.67,5.1,47.4,220.0,163.2,143.82
Samburu,2025-01,4.58,5.84,6.72,50.7,220.0,171.47,143.21
Trans Nzoia,2025-01,3.91,6.33,7.2,55.1,220.0,167.6,142.22
Turkana,2025-01,4.35,5.3,5.25,53.0,220.0,171.28,144.95
West Pokot,2025-01,3.6,4.92,6.16,57.6,220.0,167.64,145.62
Narok,2025-01,4.1,5.37,5.7,54.4,220.0,164.67,142.64
Kajiado,2025-01,4.76,5.53,7.46,56.4,220.0,170.22,141.43
Tana River,2025-01,3.79,5.0,5.98,55.6,220.0,166.32,140.34
Nairobi,2025-02,4.16,6.08,6.12,52.8,225.5,168.53,142.35
Mombasa,2025-02,2.17,7.04,6.3,53.2,225.5,174.23,140.7
Kisumu,2025-02,3.41,5.47,6.11,49.2,225.5,173.81,141.93
Nakuru,2025-02,4.22,5.12,6.55,49.0,225.5,171.3,141.34
Kiambu,2025-02,3.16,5.52,5.72,52.4,225.5,162.62,143.34
Uasin Gishu,2025-02,3.72,5.06,5.47,57.1,225.5,171.35,145.77
Meru,2025-02,3.02,5.06,6.09,52.1,225.5,171.74,143.94
Machakos,2025-02,3.29,6.19,5.71,53.4,225.5,173.85,144.3
Kakamega,2025-02,3.22,4.87,6.66,55.6,225.5,171.92,143.17
Bungoma,2025-02,3.85,6.05,5.7,48.8,225.5,173.48,144.1
Kisii,2025-02,3.78,4.94,7.04,51.3,225.5,173.19,143.52
Nyamira,2025-02,4.18,5.54,5.88,57.1,225.5,164.22,144.82
Nyandarua,2025-02,3.76,5.01,6.48,55.0,225.5,169.19,143.98
Nyeri,2025-02,3.69,4.71,6.18,54.2,225.5,174.04,142.84
Kirinyaga,2025-02,3.66,4.73,5.32,54.3,225.5,168.25,141.43
Murang'a,2025-02,3.74,5.37,6.26,53.0,225.5,168.04,143.74
Laikipia,2025-02,3.42,5.55,5.2,48.3,225.5,170.95,144.88
Nandi,2025-02,3.5,5.29,6.08,50.0,225.5,173.64,144.08
Kericho,2025-02,3.94,4.29,6.72,49.9,225.5,176.05,141.32
Bomet,2025-02,3.48,6.43,7.23,48.4,225.5,171.75,143.82
Kilifi,2025-02,3.52,6.43,5.14,47.7,225.5,173.11,145.63
Kwale,2025-02,4.02,6.23,5.94,51.8,225.5,169.32,143.34
Lamu,2025-02,3.27,4.71,6.5,51.2,225.5,174.66,143.35
Taita Taveta,2025-02,3.67,5.43,6.88,49.9,225.5,172.4,141.92
Garissa,2025-02,3.47,3.79,5.57,53.7,225.5,171.51,143.14
Wajir,2025-02,4.82,5.03,5.56,52.6,225.5,165.49,143.02
Mandera,2025-02,3.56,5.26,5.81,54.8,225.5,175.22,144.2
Marsabit,2025-02,3.48,5.46,4.22,55.7,225.5,172.13,141.65
Isiolo,2025-02,2.77,5.46,6.46,47.5,225.5,168.35,141.93
Kitui,2025-02,4.28,4.07,5.64,52.3,225.5,167.35,141.7
Makueni,2025-02,4.01,4.18,7.63,57.1,225.5,176.01,145.45
Embu,2025-02,4.75,5.39,5.55,49.8,225.5,174.96,142.75
Tharaka Nithi,2025-02,3.8,5.54,5.52,50.8,225.5,173.01,143.23
Busia,2025-02,4.29,6.1,5.48,47.7,225.5,174.38,143.39
Siaya,2025-02,3.31,4.44,5.28,54.8,225.5,169.46,143.72
Homa Bay,2025-02,3.38,6.38,6.72,48.8,225.5,170.33,145.11
Migori,2025-02,3.6,6.18,6.33,55.3,225.5,171.99,144.55
Vihiga,2025-02,3.9,5.66,5.83,49.6,225.5,171.78,144.64
Baringo,2025-02,4.47,6.0,6.47,51.9,225.5,175.18,144.11
Elgeyo Marakwet,2025-02,3.64,6.18,5.94,47.0,225.5,170.82,143.02
Samburu,2025-02,4.72,6.27,6.89,50.4,225.5,178.89,147.48
Trans Nzoia,2025-02,3.14,5.7,8.27,55.7,225.5,171.43,143.89
Turkana,2025-02,3.99,5.46,6.64,52.9,225.5,171.26,143.45
West Pokot,2025-02,3.61,4.92,6.84,57.7,225.5,176.35,144.75
Narok,2025-02,5.07,5.43,5.98,54.4,225.5,173.64,143.78
Kajiado,2025-02,3.44,5.64,6.86,56.3,225.5,169.38,142.08
Tana River,2025-02,3.9,5.08,6.72,55.6,225.5,163.85,143.74
Nairobi,2025-03,3.76,5.96,7.01,52.9,229.5,164.45,142.95
Mombasa,2025-03,3.11,6.14,6.31,53.9,229.5,183.13,142.79
Kisumu,2025-03,3.46,5.53,4.65,49.1,229.5,174.3,142.53
Nakuru,2025-03,2.79,4.79,6.67,49.3,229.5,167.0,144.86
Kiambu,2025-03,3.94,5.22,5.29,52.7,229.5,172.2,144.98
Uasin Gishu,2025-03,3.68,4.91,4.79,57.3,229.5,178.43,145.67
Meru,2025-03,3.53,4.72,5.87,52.4,229.5,167.9,143.44
Machakos,2025-03,3.18,6.35,5.98,53.3,229.5,172.76,145.79
Kakamega,2025-03,3.35,5.2,6.54,55.3,229.5,179.67,143.98
Bungoma,2025-03,2.98,6.24,5.58,48.7,229.5,168.88,143.44
Kisii,2025-03,3.51,4.14,5.48,52.0,229.5,176.33,142.76
Nyamira,2025-03,4.06,6.3,5.93,56.6,229.5,167.04,141.59
Nyandarua,2025-03,2.75,5.6,5.23,54.5,229.5,166.31,143.7
Nyeri,2025-03,3.02,4.24,6.62,54.6,229.5,168.7,142.66
Kirinyaga,2025-03,3.61,5.05,6.48,54.1,229.5,169.77,142.0
Murang'a,2025-03,3.98,5.87,7.02,52.6,229.5,171.69,143.75
Laikipia,2025-03,3.9,4.42,4.49,49.3,229.5,170.97,143.32
Nandi,2025-03,3.14,5.42,6.86,49.9,229.5,178.73,147.71
Kericho,2025-03,2.91,4.65,5.65,49.6,229.5,175.04,142.37
Bomet,2025-03,3.45,5.96,6.13,48.8,229.5,172.87,143.63
Kilifi,2025-03,4.05,5.53,5.71,48.4,229.5,168.63,144.24
Kwale,2025-03,4.54,5.95,5.17,52.1,229.5,171.67,141.89
Lamu,2025-03,3.99,4.59,7.33,51.3,229.5,176.27,142.65
Taita Taveta,2025-03,3.95,6.23,7.87,49.3,229.5,170.59,143.84
Garissa,2025-03,3.26,3.83,6.06,53.7,229.5,168.96,144.39
Wajir,2025-03,3.52,4.76,5.58,52.8,229.5,171.45,141.21
Mandera,2025-03,4.14,5.59,5.38,54.5,229.5,166.23,146.24
Marsabit,2025-03,3.89,4.72,5.37,56.3,229.5,169.9,145.83
Isiolo,2025-03,3.1,5.42,6.03,47.6,229.5,171.06,142.82
Kitui,2025-03,3.47,4.72,5.77,51.8,229.5,173.18,146.89
Makueni,2025-03,3.34,4.1,7.02,57.2,229.5,172.15,145.76
Embu,2025-03,3.68,5.58,6.12,49.7,229.5,173.94,144.36
Tharaka Nithi,2025-03,4.43,5.52,5.73,50.8,229.5,173.35,145.72
Busia,2025-03,4.49,5.56,6.22,48.1,229.5,180.23,142.3
Siaya,2025-03,4.03,4.26,6.09,55.0,229.5,168.8,145.89
Homa Bay,2025-03,3.43,5.08,6.19,49.9,229.5,170.16,143.23
Migori,2025-03,3.81,5.58,5.26,55.8,229.5,174.34,142.68
Vihiga,2025-03,3.13,5.68,6.42,49.6,229.5,169.2,144.87
Baringo,2025-03,3.85,5.37,6.29,52.5,229.5,166.75,144.14
Elgeyo Marakwet,2025-03,3.49,5.36,6.11,47.7,229.5,167.46,143.04
Samburu,2025-03,4.33,5.38,7.28,51.1,229.5,175.08,145.48
Trans Nzoia,2025-03,4.13,6.28,6.52,55.2,229.5,167.1,141.85
Turkana,2025-03,4.47,4.93,5.04,53.4,229.5,173.56,145.62
West Pokot,2025-03,4.06,4.8,6.55,57.8,229.5,172.72,144.45
Narok,2025-03,4.15,5.66,6.77,54.2,229.5,171.02,142.68
Kajiado,2025-03,4.2,5.87,7.04,56.2,229.5,171.7,145.22
Tana River,2025-03,3.96,5.8,6.18,55.0,229.5,169.22,144.9
Nairobi,2025-04,3.43,6.88,6.75,52.2,231.0,169.33,145.63
Mombasa,2025-04,3.05,6.23,6.65,53.8,231.0,181.16,143.74
Kisumu,2025-04,3.53,4.57,5.22,49.9,231.0,177.95,147.69
Nakuru,2025-04,3.75,4.94,6.05,49.2,231.0,173.84,147.68
Kiambu,2025-04,4.35,6.19,5.96,51.9,231.0,170.66,144.33
Uasin Gishu,2025-04,3.5,4.74,5.34,57.4,231.0,171.42,144.17
Meru,2025-04,3.16,5.04,6.09,52.1,231.0,173.64,143.35
Machakos,2025-04,3.86,5.25,5.76,54.2,231.0,169.07,143.64
Kakamega,2025-04,3.81,4.87,7.05,55.6,231.0,177.1,143.44
Bungoma,2025-04,3.72,5.96,5.27,48.9,231.0,170.76,145.49
Kisii,2025-04,3.61,4.99,6.47,51.3,231.0,169.97,144.63
Nyamira,2025-04,3.81,5.94,4.74,56.9,231.0,172.13,143.9
Nyandarua,2025-04,3.47,5.63,6.59,54.5,231.0,166.88,143.66
Nyeri,2025-04,2.92,4.87,6.91,54.1,231.0,169.61,144.81
Kirinyaga,2025-04,3.19,5.38,6.96,53.8,231.0,170.06,145.2
Murang'a,2025-04,3.65,5.43,6.37,53.0,231.0,174.24,142.13
Laikipia,2025-04,3.27,4.76,4.15,49.0,231.0,177.32,141.42
Nandi,2025-04,3.64,5.61,6.67,49.8,231.0,173.25,144.75
Kericho,2025-04,3.41,5.0,4.27,49.4,231.0,173.03,145.24
Bomet,2025-04,3.84,6.17,6.74,48.7,231.0,172.69,143.95
Kilifi,2025-04,4.92,6.52,5.88,47.6,231.0,172.21,145.21
Kwale,2025-04,4.33,6.02,4.64,52.0,231.0,175.27,144.77
Lamu,2025-04,4.11,5.09,6.76,50.9,231.0,178.88,144.85
Taita Taveta,2025-04,3.6,5.55,7.26,49.8,231.0,169.23,143.73
Garissa,2025-04,3.27,4.71,5.45,53.0,231.0,169.85,145.87
Wajir,2025-04,3.59,4.93,4.97,52.7,231.0,168.91,146.88
Mandera,2025-04,3.2,6.0,5.24,54.2,231.0,172.44,142.73
Marsabit,2025-04,4.12,5.26,5.02,55.9,231.0,169.89,144.14
Isiolo,2025-04,2.42,5.22,6.8,47.7,231.0,165.45,142.77
Kitui,2025-04,3.66,4.46,6.37,52.1,231.0,165.8,143.82
Makueni,2025-04,3.51,4.92,7.47,56.6,231.0,173.52,147.23
Embu,2025-04,3.93,5.7,7.03,49.6,231.0,177.09,142.34
Tharaka Nithi,2025-04,4.12,5.24,5.54,51.1,231.0,182.63,142.57
Busia,2025-04,4.19,5.37,6.13,48.3,231.0,178.92,144.88
Siaya,2025-04,3.7,4.23,5.36,55.0,231.0,174.43,143.05
Homa Bay,2025-04,4.5,6.06,6.99,49.1,231.0,171.0,146.16
Migori,2025-04,3.11,5.4,6.68,55.9,231.0,174.27,144.18
Vihiga,2025-04,2.28,4.89,4.94,50.3,231.0,173.11,144.11
Baringo,2025-04,3.82,6.54,7.11,51.5,231.0,175.79,147.7
Elgeyo Marakwet,2025-04,3.7,5.32,5.12,47.7,231.0,172.37,141.31
Samburu,2025-04,4.09,5.13,6.88,51.3,231.0,179.55,144.82
Trans Nzoia,2025-04,3.99,6.81,6.86,54.8,231.0,179.97,144.72
Turkana,2025-04,4.41,4.74,6.15,53.5,231.0,177.79,146.61
West Pokot,2025-04,3.78,4.13,6.46,58.3,231.0,167.79,143.9
Narok,2025-04,4.14,6.61,6.55,53.5,231.0,171.05,144.31
Kajiado,2025-04,3.46,5.81,6.79,56.2,231.0,169.81,142.62
Tana River,2025-04,3.79,5.54,6.18,55.3,231.0,167.93,144.83
Nairobi,2025-05,3.78,6.05,6.18,52.9,229.5,171.74,144.51
Mombasa,2025-05,2.77,6.28,6.38,53.8,229.5,177.74,142.44
Kisumu,2025-05,3.72,5.62,4.61,49.1,229.5,172.89,144.78
Nakuru,2025-05,3.75,4.34,6.31,49.7,229.5,167.01,144.95
Kiambu,2025-05,3.38,5.39,5.82,52.6,229.5,168.16,145.51
Uasin Gishu,2025-05,4.0,5.26,4.53,57.1,229.5,179.24,144.82
Meru,2025-05,3.34,4.17,6.67,52.8,229.5,170.59,145.58
Machakos,2025-05,3.99,6.32,6.21,53.3,229.5,171.44,145.94
Kakamega,2025-05,3.27,4.68,7.81,55.8,229.5,175.52,146.47
Bungoma,2025-05,4.19,6.38,4.54,48.6,229.5,173.23,144.57
Kisii,2025-05,4.01,4.25,6.84,51.9,229.5,174.51,141.81
Nyamira,2025-05,2.97,5.03,4.79,57.6,229.5,172.03,145.09
Nyandarua,2025-05,3.26,5.37,6.97,54.8,229.5,169.08,144.85
Nyeri,2025-05,3.92,4.27,6.84,54.6,229.5,170.31,143.98
Kirinyaga,2025-05,3.76,5.19,6.41,54.0,229.5,172.73,145.59
Murang'a,2025-05,3.62,5.64,7.08,52.9,229.5,175.31,142.12
Laikipia,2025-05,3.15,5.63,4.93,48.4,229.5,175.26,146.51
Nandi,2025-05,3.5,5.31,6.38,50.0,229.5,177.07,145.68
Kericho,2025-05,3.18,4.23,6.89,50.0,229.5,176.2,143.77
Bomet,2025-05,4.1,5.85,6.06,49.0,229.5,175.24,143.52
Kilifi,2025-05,4.62,6.11,5.5,48.0,229.5,173.0,146.15
Kwale,2025-05,4.08,6.7,5.58,51.5,229.5,172.08,143.39
Lamu,2025-05,3.25,5.21,6.47,50.8,229.5,179.31,143.34
Taita Taveta,2025-05,3.29,5.81,7.3,49.6,229.5,168.99,142.1
Garissa,2025-05,3.91,4.36,5.68,53.3,229.5,168.92,147.38
Wajir,2025-05,3.83,4.81,5.07,52.8,229.5,167.12,143.69
Mandera,2025-05,3.34,6.08,5.53,54.2,229.5,182.17,143.74
Marsabit,2025-05,3.48,5.95,5.71,55.4,229.5,171.42,143.13
Isiolo,2025-05,3.92,5.39,6.14,47.6,229.5,174.09,144.77
Kitui,2025-05,3.36,4.77,5.99,51.8,229.5,160.75,143.48
Makueni,2025-05,3.32,4.2,7.14,57.2,229.5,172.67,145.52
Embu,2025-05,3.51,5.73,5.42,49.6,229.5,170.35,146.66
Tharaka Nithi,2025-05,3.74,6.19,5.96,50.3,229.5,179.74,146.37
Busia,2025-05,4.12,5.78,6.92,48.0,229.5,177.72,143.71
Siaya,2025-05,4.03,3.65,5.86,55.5,229.5,174.03,146.6
Homa Bay,2025-05,4.2,5.55,6.25,49.6,229.5,167.08,147.42
Migori,2025-05,3.32,5.81,6.43,55.6,229.5,170.06,142.18
Vihiga,2025-05,3.28,4.88,5.49,50.3,229.5,175.53,145.14
Baringo,2025-05,4.38,5.67,6.43,52.3,229.5,170.32,145.2
Elgeyo Marakwet,2025-05,3.41,6.0,5.49,47.2,229.5,169.28,144.46
Samburu,2025-05,3.76,6.58,7.4,50.2,229.5,174.04,146.01
Trans Nzoia,2025-05,2.88,6.42,6.58,55.2,229.5,173.33,141.91
Turkana,2025-05,3.56,5.17,4.99,53.2,229.5,172.84,146.89
West Pokot,2025-05,4.64,5.01,5.68,57.7,229.5,178.87,142.46
Narok,2025-05,3.94,5.68,7.36,54.3,229.5,174.07,144.1
Kajiado,2025-05,3.62,6.17,6.47,56.0,229.5,174.07,142.75
Tana River,2025-05,4.21,5.71,5.78,55.2,229.5,174.87,145.63
Nairobi,2025-06,3.86,5.85,6.55,53.1,225.5,170.85,144.98
Mombasa,2025-06,3.31,6.37,6.74,53.8,225.5,175.25,146.68
Kisumu,2025-06,4.5,4.76,5.62,49.8,225.5,175.83,143.93
Nakuru,2025-06,3.47,5.25,5.98,49.0,225.5,175.69,147.16
Kiambu,2025-06,4.1,6.53,5.35,51.7,225.5,170.1,145.68
Uasin Gishu,2025-06,3.77,4.97,4.27,57.3,225.5,177.8,143.13
Meru,2025-06,3.11,4.93,6.27,52.3,225.5,176.14,144.87
Machakos,2025-06,3.66,5.84,4.54,53.8,225.5,174.98,141.95
Kakamega,2025-06,3.15,4.42,6.44,56.0,225.5,176.41,143.64
Bungoma,2025-06,3.22,6.57,4.84,48.5,225.5,165.66,144.66
Kisii,2025-06,3.13,4.56,7.01,51.7,225.5,173.18,143.47
Nyamira,2025-06,3.51,6.22,5.42,56.7,225.5,163.73,143.53
Nyandarua,2025-06,3.21,5.69,6.25,54.5,225.5,166.89,143.09
Nyeri,2025-06,4.35,4.68,7.05,54.3,225.5,169.75,145.27
Kirinyaga,2025-06,3.47,4.55,5.7,54.5,225.5,174.98,145.48
Murang'a,2025-06,3.68,5.92,6.12,52.7,225.5,177.44,146.35
Laikipia,2025-06,3.99,6.06,6.07,48.0,225.5,177.53,146.05
Nandi,2025-06,3.93,5.06,6.53,50.2,225.5,178.68,143.92
Kericho,2025-06,3.65,4.67,5.15,49.7,225.5,177.26,147.16
Bomet,2025-06,3.85,5.91,6.77,48.9,225.5,175.87,144.7
Kilifi,2025-06,4.13,5.49,5.24,48.5,225.5,171.36,145.9
Kwale,2025-06,4.07,5.8,5.36,52.3,225.5,172.46,144.77
Lamu,2025-06,2.89,4.69,6.15,51.3,225.5,176.55,143.91
Taita Taveta,2025-06,3.35,5.98,7.45,49.5,225.5,174.9,145.12
Garissa,2025-06,3.98,3.73,7.16,53.8,225.5,173.96,145.35
Wajir,2025-06,3.74,4.69,5.59,52.9,225.5,173.42,146.2
Mandera,2025-06,3.57,5.33,5.57,54.8,225.5,177.73,145.2
Marsabit,2025-06,4.41,5.35,5.18,55.9,225.5,172.98,147.03
Isiolo,2025-06,2.69,4.98,6.2,48.0,225.5,180.84,144.81
Kitui,2025-06,3.78,5.01,6.87,51.7,225.5,170.98,146.95
Makueni,2025-06,3.05,4.36,7.43,57.1,225.5,175.73,143.31
Embu,2025-06,3.47,5.04,6.06,50.2,225.5,179.47,144.71
Tharaka Nithi,2025-06,4.24,5.32,6.29,51.0,225.5,185.73,144.61
Busia,2025-06,4.27,5.89,6.35,47.9,225.5,180.05,145.92
Siaya,2025-06,3.6,5.02,5.3,54.4,225.5,169.55,148.86
Homa Bay,2025-06,3.69,5.69,6.39,49.5,225.5,171.08,145.87
Migori,2025-06,3.17,5.91,5.42,55.6,225.5,170.89,147.94
Vihiga,2025-06,2.78,4.28,4.91,50.8,225.5,178.25,142.51
Baringo,2025-06,3.7,4.91,6.45,52.9,225.5,172.72,144.48
Elgeyo Marakwet,2025-06,4.12,5.16,5.51,47.9,225.5,171.89,143.73
Samburu,2025-06,4.32,5.85,7.02,50.8,225.5,178.06,142.12
Trans Nzoia,2025-06,4.14,6.85,6.84,54.9,225.5,170.26,147.46
Turkana,2025-06,4.79,4.92,5.23,53.4,225.5,175.82,142.69
West Pokot,2025-06,3.64,5.32,6.15,57.4,225.5,171.16,145.95
Narok,2025-06,3.8,5.64,5.76,54.3,225.5,168.93,146.31
Kajiado,2025-06,4.04,5.47,6.79,56.6,225.5,172.29,144.02
Tana River,2025-06,4.45,5.83,6.39,55.1,225.5,172.91,145.19
Nairobi,2025-07,3.76,5.68,6.9,53.3,220.0,172.42,145.21
Mombasa,2025-07,3.05,6.2,6.13,53.9,220.0,177.4,145.02
Kisumu,2025-07,4.33,4.18,5.19,50.3,220.0,178.26,145.35
Nakuru,2025-07,3.73,5.38,6.67,48.9,220.0,172.14,145.4
Kiambu,2025-07,4.01,6.11,5.36,52.1,220.0,170.1,146.0
Uasin Gishu,2025-07,4.34,5.18,5.48,57.2,220.0,174.65,145.19
Meru,2025-07,3.4,5.21,6.25,52.1,220.0,178.51,144.74
Machakos,2025-07,3.03,6.13,6.3,53.5,220.0,174.37,141.76
Kakamega,2025-07,3.11,4.9,6.2,55.7,220.0,176.15,145.62
Bungoma,2025-07,2.81,5.81,4.59,49.1,220.0,168.56,144.4
Kisii,2025-07,3.15,5.1,7.26,51.3,220.0,174.13,144.71
Nyamira,2025-07,3.16,5.32,4.5,57.4,220.0,166.85,143.61
Nyandarua,2025-07,3.85,5.51,4.94,54.7,220.0,168.78,143.21
Nyeri,2025-07,3.57,4.65,6.75,54.3,220.0,170.31,145.04
Kirinyaga,2025-07,2.92,4.97,6.97,54.2,220.0,179.96,145.24
Murang'a,2025-07,3.26,5.82,7.27,52.8,220.0,173.28,146.64
Laikipia,2025-07,3.38,5.3,5.54,48.7,220.0,172.29,144.81
Nandi,2025-07,3.88,5.54,7.33,49.9,220.0,179.9,145.09
Kericho,2025-07,4.3,4.66,4.05,49.7,220.0,177.03,144.9
Bomet,2025-07,4.14,5.7,7.16,49.1,220.0,176.87,144.1
Kilifi,2025-07,3.94,5.61,5.73,48.4,220.0,171.73,145.71
Kwale,2025-07,3.9,5.8,6.04,52.3,220.0,170.94,142.7
Lamu,2025-07,3.71,5.43,5.9,50.7,220.0,174.73,146.25
Taita Taveta,2025-07,3.76,6.04,6.93,49.5,220.0,169.99,142.0
Garissa,2025-07,4.29,4.15,6.31,53.5,220.0,172.11,146.95
Wajir,2025-07,4.14,4.93,3.97,52.8,220.0,169.72,146.72
Mandera,2025-07,4.12,5.32,4.69,54.9,220.0,176.5,141.24
Marsabit,2025-07,3.36,6.04,5.9,55.3,220.0,173.13,146.06
Isiolo,2025-07,2.45,5.13,6.21,47.9,220.0,169.91,145.07
Kitui,2025-07,4.35,4.54,6.21,52.1,220.0,173.39,143.47
Makueni,2025-07,3.19,4.37,6.88,57.1,220.0,175.36,145.13
Embu,2025-07,3.74,4.94,6.36,50.3,220.0,177.76,146.53
Tharaka Nithi,2025-07,3.64,5.23,5.57,51.1,220.0,178.39,146.73
Busia,2025-07,3.9,6.03,6.47,47.8,220.0,178.46,144.17
Siaya,2025-07,4.1,4.13,5.19,55.2,220.0,171.25,145.29
Homa Bay,2025-07,3.58,5.26,5.5,49.9,220.0,176.38,144.86
Migori,2025-07,3.46,5.62,6.85,55.8,220.0,181.28,145.84
Vihiga,2025-07,3.22,4.62,4.81,50.6,220.0,168.41,144.41
Baringo,2025-07,3.24,5.92,6.8,52.1,220.0,173.97,147.26
Elgeyo Marakwet,2025-07,2.96,5.31,4.59,47.8,220.0,173.89,144.38
Samburu,2025-07,4.14,6.41,7.52,50.4,220.0,179.0,146.18
Trans Nzoia,2025-07,3.26,6.7,6.84,55.0,220.0,173.89,144.99
Turkana,2025-07,4.52,5.07,5.72,53.3,220.0,177.82,145.27
West Pokot,2025-07,4.13,4.78,5.75,57.9,220.0,172.02,145.82
Narok,2025-07,4.43,6.32,5.51,53.8,220.0,172.81,146.33
Kajiado,2025-07,4.12,6.18,7.06,56.0,220.0,171.86,144.08
Tana River,2025-07,4.11,5.92,6.48,55.0,220.0,168.45,144.03
Nairobi,2025-08,3.84,5.87,6.52,53.1,214.5,175.26,144.2
Mombasa,2025-08,3.08,5.66,6.38,54.4,214.5,182.52,143.78
Kisumu,2025-08,4.02,5.17,4.44,49.5,214.5,175.55,144.18
Nakuru,2025-08,3.37,3.95,6.92,50.1,214.5,173.1,144.79
Kiambu,2025-08,3.78,5.32,4.83,52.7,214.5,175.5,148.71
Uasin Gishu,2025-08,3.56,5.18,5.31,57.2,214.5,174.34,144.61
Meru,2025-08,4.12,4.07,7.51,53.0,214.5,173.74,148.37
Machakos,2025-08,3.1,6.26,6.22,53.5,214.5,179.87,145.12
Kakamega,2025-08,3.39,4.75,6.29,55.8,214.5,180.17,144.77
Bungoma,2025-08,4.22,5.73,4.31,49.2,214.5,177.96,146.28
Kisii,2025-08,3.59,5.36,7.09,51.1,214.5,173.64,145.33
Nyamira,2025-08,2.89,5.18,5.44,57.6,214.5,173.66,147.14
Nyandarua,2025-08,3.71,6.1,6.85,54.3,214.5,165.01,145.54
Nyeri,2025-08,3.93,4.2,6.77,54.7,214.5,172.69,146.66
Kirinyaga,2025-08,3.65,5.24,6.55,54.0,214.5,170.83,146.76
Murang'a,2025-08,3.42,5.05,7.21,53.4,214.5,177.04,143.93
Laikipia,2025-08,3.39,4.94,4.77,49.0,214.5,177.74,144.54
Nandi,2025-08,3.96,5.72,7.12,49.8,214.5,178.19,147.41
Kericho,2025-08,3.31,4.32,6.17,50.0,214.5,179.53,144.97
Bomet,2025-08,3.66,5.58,7.62,49.3,214.5,175.91,146.24
Kilifi,2025-08,4.29,5.43,6.18,48.6,214.5,172.95,148.75
Kwale,2025-08,3.88,6.28,3.77,51.9,214.5,169.2,145.56
Lamu,2025-08,2.5,5.27,7.04,50.9,214.5,174.56,145.98
Taita Taveta,2025-08,3.88,5.2,6.29,50.2,214.5,172.5,146.04
Garissa,2025-08,3.45,4.9,6.46,53.0,214.5,175.38,143.92
Wajir,2025-08,4.16,4.75,6.02,52.9,214.5,173.44,145.0
Mandera,2025-08,4.2,5.93,5.06,54.4,214.5,175.78,145.5
Marsabit,2025-08,4.31,5.42,5.54,55.9,214.5,170.89,146.5
Isiolo,2025-08,3.75,5.29,6.41,47.8,214.5,168.68,144.85
Kitui,2025-08,3.7,4.34,7.04,52.2,214.5,169.36,147.18
Makueni,2025-08,3.61,4.68,7.59,56.9,214.5,170.32,145.71
Embu,2025-08,3.58,4.59,5.46,50.6,214.5,179.52,144.91
Tharaka Nithi,2025-08,4.45,5.41,5.52,51.0,214.5,178.51,145.85
Busia,2025-08,3.91,5.39,6.78,48.4,214.5,177.61,145.42
Siaya,2025-08,3.97,4.63,4.76,54.8,214.5,174.37,146.81
Homa Bay,2025-08,3.81,5.42,6.1,49.8,214.5,172.27,144.15
Migori,2025-08,3.5,6.04,6.74,55.5,214.5,175.04,147.6
Vihiga,2025-08,4.05,4.95,5.88,50.3,214.5,167.64,144.11
Baringo,2025-08,4.12,5.09,7.61,52.8,214.5,177.22,147.45
Elgeyo Marakwet,2025-08,3.37,5.24,5.3,47.9,214.5,173.03,145.04
Samburu,2025-08,4.4,6.3,6.83,50.5,214.5,174.31,148.57
Trans Nzoia,2025-08,3.53,7.12,7.25,54.7,214.5,173.72,146.67
Turkana,2025-08,3.23,5.4,6.62,53.1,214.5,171.19,145.57
West Pokot,2025-08,3.72,4.99,7.28,57.8,214.5,176.83,149.21
Narok,2025-08,4.14,5.85,6.56,54.2,214.5,177.1,145.37
Kajiado,2025-08,4.33,5.29,6.59,56.8,214.5,173.6,146.13
Tana River,2025-08,3.86,5.98,5.96,55.0,214.5,168.69,143.96
Nairobi,2025-09,3.96,5.62,6.66,53.4,210.5,171.88,147.64
Mombasa,2025-09,3.16,6.98,7.15,53.4,210.5,179.95,145.72
Kisumu,2025-09,5.28,4.4,5.34,50.2,210.5,176.51,146.4
Nakuru,2025-09,2.93,5.15,5.74,49.2,210.5,179.17,144.22
Kiambu,2025-09,3.67,4.86,4.32,53.1,210.5,169.15,145.35
Uasin Gishu,2025-09,4.39,4.74,5.78,57.6,210.5,178.14,147.31
Meru,2025-09,3.21,4.33,5.46,52.8,210.5,177.16,146.79
Machakos,2025-09,3.54,6.03,6.53,53.7,210.5,176.93,147.89
Kakamega,2025-09,3.61,4.42,7.3,56.1,210.5,179.88,147.65
Bungoma,2025-09,3.93,5.65,5.71,49.3,210.5,171.84,147.34
Kisii,2025-09,4.09,4.77,7.24,51.6,210.5,177.82,147.68
Nyamira,2025-09,3.0,5.86,4.45,57.1,210.5,178.32,143.38
Nyandarua,2025-09,3.06,5.42,6.75,54.8,210.5,177.71,147.38
Nyeri,2025-09,4.73,4.12,6.08,54.8,210.5,169.16,146.58
Kirinyaga,2025-09,3.09,4.71,6.77,54.5,210.5,172.2,144.7
Murang'a,2025-09,3.15,5.51,7.03,53.1,210.5,173.44,145.32
Laikipia,2025-09,3.95,5.49,5.77,48.6,210.5,178.97,146.6
Nandi,2025-09,3.74,5.19,6.68,50.2,210.5,173.43,147.74
Kericho,2025-09,3.51,4.92,4.17,49.6,210.5,179.14,145.12
Bomet,2025-09,4.43,6.13,6.72,48.8,210.5,175.3,147.0
Kilifi,2025-09,3.63,5.88,5.35,48.3,210.5,182.27,148.6
Kwale,2025-09,4.43,5.27,5.45,52.8,210.5,173.98,148.24
Lamu,2025-09,3.44,5.03,7.0,51.1,210.5,172.81,145.25
Taita Taveta,2025-09,3.7,6.5,6.65,49.2,210.5,174.09,144.0
Garissa,2025-09,4.06,4.99,6.55,52.9,210.5,175.21,148.73
Wajir,2025-09,3.78,4.51,5.82,53.2,210.5,176.6,144.61
Mandera,2025-09,3.65,6.38,5.68,54.1,210.5,179.88,144.66
Marsabit,2025-09,4.09,4.78,4.19,56.4,210.5,175.25,148.55
Isiolo,2025-09,3.13,5.21,7.21,47.9,210.5,172.88,146.3
Kitui,2025-09,4.51,4.63,6.05,52.0,210.5,175.02,145.33
Makueni,2025-09,3.47,4.14,6.94,57.3,210.5,178.0,147.85
Embu,2025-09,4.35,5.6,6.26,49.8,210.5,179.95,147.31
Tharaka Nithi,2025-09,3.65,4.56,6.26,51.7,210.5,182.19,146.21
Busia,2025-09,4.51,5.44,5.93,48.4,210.5,177.65,147.25
Siaya,2025-09,3.16,4.2,5.35,55.2,210.5,169.2,145.41
Homa Bay,2025-09,2.86,5.84,5.96,49.4,210.5,170.27,144.46
Migori,2025-09,3.35,5.05,7.27,56.3,210.5,169.73,145.72
Vihiga,2025-09,3.33,4.77,5.64,50.5,210.5,172.73,148.7
Baringo,2025-09,3.64,4.56,5.94,53.3,210.5,177.28,146.22
Elgeyo Marakwet,2025-09,3.69,5.84,5.24,47.4,210.5,171.5,145.82
Samburu,2025-09,4.89,6.29,7.78,50.5,210.5,183.01,146.3
Trans Nzoia,2025-09,3.21,6.11,6.9,55.5,210.5,174.77,146.09
Turkana,2025-09,3.22,5.5,5.31,53.0,210.5,173.92,147.12
West Pokot,2025-09,3.42,4.87,6.67,57.9,210.5,179.44,146.16
Narok,2025-09,3.9,5.42,6.03,54.6,210.5,174.08,146.09
Kajiado,2025-09,3.67,5.33,6.68,56.7,210.5,174.91,144.69
Tana River,2025-09,4.32,6.24,6.89,54.8,210.5,172.42,146.32
Nairobi,2025-10,4.18,5.54,6.86,53.5,209.0,169.12,149.33
Mombasa,2025-10,3.08,6.77,7.07,53.6,209.0,181.28,145.72
Kisumu,2025-10,4.1,4.76,5.16,49.9,209.0,172.17,146.03
Nakuru,2025-10,3.18,5.18,6.72,49.2,209.0,177.79,147.31
Kiambu,2025-10,3.31,5.83,5.8,52.4,209.0,170.61,146.98
Uasin Gishu,2025-10,3.74,5.43,5.56,57.0,209.0,181.81,144.22
Meru,2025-10,3.57,4.58,6.29,52.6,209.0,172.16,145.17
Machakos,2025-10,3.2,6.39,5.22,53.4,209.0,175.9,149.47
Kakamega,2025-10,3.62,4.73,6.88,55.9,209.0,176.81,147.66
Bungoma,2025-10,3.53,5.95,5.4,49.1,209.0,180.98,144.82
Kisii,2025-10,3.93,5.27,6.34,51.3,209.0,179.13,149.27
Nyamira,2025-10,3.03,5.87,5.35,57.1,209.0,175.49,147.95
Nyandarua,2025-10,3.27,6.0,5.96,54.4,209.0,173.13,146.09
Nyeri,2025-10,3.06,4.47,6.86,54.6,209.0,173.84,144.9
Kirinyaga,2025-10,3.13,5.3,6.71,54.0,209.0,179.28,148.85
Murang'a,2025-10,3.53,5.47,6.58,53.1,209.0,181.82,150.95
Laikipia,2025-10,3.9,5.39,5.41,48.7,209.0,178.34,148.55
Nandi,2025-10,3.91,5.45,6.66,50.0,209.0,174.89,147.9
Kericho,2025-10,3.51,4.32,5.01,50.1,209.0,181.97,144.4
Bomet,2025-10,3.95,6.22,6.88,48.8,209.0,176.12,144.93
Kilifi,2025-10,4.24,6.4,5.35,47.9,209.0,177.69,149.17
Kwale,2025-10,4.15,5.71,5.53,52.4,209.0,171.91,144.85
Lamu,2025-10,3.64,4.87,6.73,51.2,209.0,177.05,146.09
Taita Taveta,2025-10,4.12,6.71,7.82,49.1,209.0,178.18,147.5
Garissa,2025-10,2.91,4.47,7.3,53.4,209.0,173.38,149.07
Wajir,2025-10,4.12,3.8,5.61,53.8,209.0,178.12,146.73
Mandera,2025-10,4.36,5.04,4.78,55.2,209.0,178.84,147.52
Marsabit,2025-10,4.37,5.6,4.58,55.8,209.0,174.4,147.7
Isiolo,2025-10,2.48,5.42,6.19,47.7,209.0,172.2,147.55
Kitui,2025-10,3.38,4.94,6.66,51.8,209.0,176.53,145.11
Makueni,2025-10,2.93,4.78,6.71,56.9,209.0,187.21,147.49
Embu,2025-10,4.03,5.31,5.45,50.1,209.0,182.56,146.68
Tharaka Nithi,2025-10,4.06,5.54,5.79,51.0,209.0,175.65,148.06
Busia,2025-10,3.74,5.68,6.93,48.2,209.0,186.22,144.25
Siaya,2025-10,3.81,4.61,4.45,54.8,209.0,175.92,146.97
Homa Bay,2025-10,3.82,5.23,6.51,50.0,209.0,176.79,146.99
Migori,2025-10,3.31,5.51,6.41,56.0,209.0,177.73,148.16
Vihiga,2025-10,3.09,4.59,5.71,50.7,209.0,174.4,147.98
Baringo,2025-10,4.09,5.76,6.08,52.3,209.0,177.26,145.75
Elgeyo Marakwet,2025-10,2.9,5.3,5.29,47.9,209.0,177.41,145.94
Samburu,2025-10,3.63,6.07,6.84,50.7,209.0,179.71,146.56
Trans Nzoia,2025-10,4.01,6.31,7.22,55.4,209.0,172.2,151.13
Turkana,2025-10,4.47,5.2,4.76,53.3,209.0,181.7,146.05
West Pokot,2025-10,3.69,3.97,5.61,58.6,209.0,178.4,148.31
Narok,2025-10,4.34,5.94,6.36,54.2,209.0,173.62,147.23
Kajiado,2025-10,4.33,5.79,7.34,56.4,209.0,176.27,145.33
Tana River,2025-10,3.99,5.57,6.36,55.4,209.0,179.12,148.01
Nairobi,2025-11,3.0,6.63,5.09,52.6,210.5,180.61,146.77
Mombasa,2025-11,3.18,5.85,6.39,54.3,210.5,182.3,147.0
Kisumu,2025-11,4.55,5.06,4.88,49.7,210.5,180.07,147.99
Nakuru,2025-11,3.41,5.28,6.14,49.1,210.5,175.6,146.83
Kiambu,2025-11,2.68,5.54,5.76,52.6,210.5,173.0,145.27
Uasin Gishu,2025-11,4.19,4.65,4.52,57.7,210.5,187.3,145.62
Meru,2025-11,3.85,4.34,6.44,52.9,210.5,174.85,145.34
Machakos,2025-11,3.44,6.11,6.09,53.7,210.5,177.7,150.53
Kakamega,2025-11,3.85,5.02,6.26,55.7,210.5,179.71,147.98
Bungoma,2025-11,3.76,6.04,4.77,49.1,210.5,176.22,147.38
Kisii,2025-11,3.11,5.18,5.81,51.3,210.5,178.58,149.85
Nyamira,2025-11,3.61,6.05,4.7,57.0,210.5,179.89,149.27
Nyandarua,2025-11,2.86,5.61,7.04,54.7,210.5,178.73,145.3
Nyeri,2025-11,3.15,4.62,5.64,54.5,210.5,173.29,148.98
Kirinyaga,2025-11,2.93,5.06,6.17,54.3,210.5,182.24,146.35
Murang'a,2025-11,3.92,5.39,6.91,53.2,210.5,178.29,146.99
Laikipia,2025-11,3.4,5.31,4.83,48.8,210.5,176.89,149.41
Nandi,2025-11,3.73,5.56,6.62,50.0,210.5,179.6,146.83
Kericho,2025-11,3.56,4.87,5.56,49.6,210.5,178.3,148.34
Bomet,2025-11,3.84,5.31,5.54,49.5,210.5,178.89,145.96
Kilifi,2025-11,4.17,5.62,5.7,48.5,210.5,175.74,149.83
Kwale,2025-11,4.39,6.41,5.03,51.9,210.5,177.29,147.34
Lamu,2025-11,3.9,5.0,6.19,51.2,210.5,173.63,149.7
Taita Taveta,2025-11,3.75,6.27,7.67,49.4,210.5,170.65,146.66
Garissa,2025-11,3.39,4.85,5.87,53.1,210.5,171.78,145.38
Wajir,2025-11,4.56,4.58,5.01,53.2,210.5,176.92,146.15
Mandera,2025-11,3.19,5.08,5.45,55.1,210.5,180.42,146.9
Marsabit,2025-11,4.0,4.7,4.41,56.5,210.5,181.23,149.05
Isiolo,2025-11,3.54,5.17,6.24,48.0,210.5,174.86,149.17
Kitui,2025-11,4.0,4.98,6.3,51.8,210.5,176.35,147.65
Makueni,2025-11,3.55,4.38,6.79,57.2,210.5,175.96,147.14
Embu,2025-11,4.05,4.42,5.94,50.8,210.5,178.04,147.95
Tharaka Nithi,2025-11,4.35,5.33,5.95,51.2,210.5,183.34,146.86
Busia,2025-11,4.7,5.45,7.02,48.4,210.5,180.91,145.94
Siaya,2025-11,3.66,4.07,5.6,55.3,210.5,169.4,149.28
Homa Bay,2025-11,3.37,5.93,6.32,49.4,210.5,175.78,146.31
Migori,2025-11,3.66,5.74,5.57,55.8,210.5,175.4,146.39
Vihiga,2025-11,2.99,5.58,5.53,49.9,210.5,174.19,146.46
Baringo,2025-11,3.89,5.39,6.05,52.6,210.5,175.08,148.35
Elgeyo Marakwet,2025-11,3.46,5.59,5.56,47.7,210.5,174.23,146.89
Samburu,2025-11,4.34,6.2,6.04,50.7,210.5,181.49,144.94
Trans Nzoia,2025-11,3.88,6.35,6.62,55.4,210.5,176.1,144.03
Turkana,2025-11,4.44,5.28,5.91,53.3,210.5,184.02,145.36
West Pokot,2025-11,4.12,5.24,5.48,57.6,210.5,177.27,146.65
Narok,2025-11,4.41,4.72,7.3,55.2,210.5,175.2,148.57
Kajiado,2025-11,3.98,5.99,5.57,56.3,210.5,176.46,148.47
Tana River,2025-11,4.11,4.88,6.43,56.0,210.5,173.52,145.84
Nairobi,2025-12,2.96,6.26,7.02,52.9,214.5,181.22,145.39
Mombasa,2025-12,3.56,6.21,5.91,54.1,214.5,180.25,145.97
Kisumu,2025-12,3.82,4.92,6.04,49.8,214.5,181.86,145.18
Nakuru,2025-12,3.31,5.48,5.86,49.0,214.5,176.79,145.04
Kiambu,2025-12,4.11,4.99,4.58,53.1,214.5,176.92,150.48
Uasin Gishu,2025-12,3.69,4.75,5.58,57.6,214.5,182.25,147.04
Meru,2025-12,3.31,4.02,6.48,53.1,214.5,177.98,146.94
Machakos,2025-12,2.83,5.59,5.83,54.1,214.5,181.15,147.11
Kakamega,2025-12,3.57,4.45,7.41,56.1,214.5,182.34,148.15
Bungoma,2025-12,3.94,5.85,4.59,49.2,214.5,173.56,149.29
Kisii,2025-12,3.3,4.77,6.09,51.7,214.5,175.08,146.45
Nyamira,2025-12,4.01,6.04,4.89,57.0,214.5,178.54,147.37
Nyandarua,2025-12,3.74,6.68,6.93,53.9,214.5,174.32,148.65
Nyeri,2025-12,3.56,3.95,6.4,55.0,214.5,171.08,146.58
Kirinyaga,2025-12,4.23,5.46,6.68,54.0,214.5,180.46,144.76
Murang'a,2025-12,3.61,6.01,5.4,52.8,214.5,180.53,145.46
Laikipia,2025-12,2.93,5.71,4.55,48.5,214.5,177.52,149.08
Nandi,2025-12,3.39,5.24,6.71,50.3,214.5,181.9,147.26
Kericho,2025-12,3.47,4.42,5.76,50.0,214.5,182.32,150.45
Bomet,2025-12,3.68,5.82,6.73,49.2,214.5,181.59,145.96
Kilifi,2025-12,4.05,4.93,5.5,49.1,214.5,180.79,146.51
Kwale,2025-12,4.09,5.66,4.58,52.5,214.5,178.44,146.03
Lamu,2025-12,3.43,5.16,6.46,51.1,214.5,180.8,146.2
Taita Taveta,2025-12,3.77,5.52,6.76,50.1,214.5,175.55,149.27
Garissa,2025-12,3.54,4.94,6.5,53.0,214.5,177.73,147.1
Wajir,2025-12,4.51,4.74,4.42,53.1,214.5,175.08,148.28
Mandera,2025-12,3.23,5.36,4.86,54.9,214.5,181.98,150.11
Marsabit,2025-12,3.75,5.56,5.43,55.9,214.5,179.83,146.62
Isiolo,2025-12,3.15,5.3,6.39,47.9,214.5,183.08,147.65
Kitui,2025-12,3.5,4.31,7.01,52.4,214.5,172.1,148.6
Makueni,2025-12,3.27,4.17,7.15,57.4,214.5,178.01,148.24
Embu,2025-12,4.21,5.6,5.93,49.9,214.5,184.33,146.22
Tharaka Nithi,2025-12,3.12,5.79,5.76,50.8,214.5,180.44,145.39
Busia,2025-12,3.27,5.76,7.11,48.2,214.5,181.87,147.06
Siaya,2025-12,3.79,5.38,5.58,54.3,214.5,172.11,147.64
Homa Bay,2025-12,3.88,5.18,6.68,50.0,214.5,173.22,145.33
Migori,2025-12,3.55,5.66,6.3,55.9,214.5,176.69,146.66
Vihiga,2025-12,3.74,5.26,5.05,50.2,214.5,171.38,146.23
Baringo,2025-12,4.15,5.25,6.23,52.8,214.5,176.46,147.49
Elgeyo Marakwet,2025-12,3.71,5.65,5.59,47.7,214.5,174.4,146.85
Samburu,2025-12,4.49,6.32,7.85,50.6,214.5,184.41,146.85
Trans Nzoia,2025-12,3.26,6.42,6.52,55.3,214.5,179.58,146.46
Turkana,2025-12,4.19,4.58,5.73,53.9,214.5,176.56,148.01
West Pokot,2025-12,3.69,4.69,6.03,58.1,214.5,177.23,147.83
Narok,2025-12,3.67,5.28,6.21,54.8,214.5,175.04,146.09
Kajiado,2025-12,4.38,5.66,6.62,56.6,214.5,174.33,150.71
Tana River,2025-12,4.97,5.22,7.02,55.7,214.5,176.4,150.01
Nairobi,2026-01,3.71,6.06,5.21,53.1,220.0,172.92,148.03
Mombasa,2026-01,3.34,5.4,5.84,54.7,220.0,185.36,145.93
Kisumu,2026-01,4.08,5.33,5.56,49.5,220.0,180.25,144.97
Nakuru,2026-01,3.3,5.79,5.92,48.7,220.0,181.46,147.08
Kiambu,2026-01,3.54,5.96,5.45,52.3,220.0,175.61,146.77
Uasin Gishu,2026-01,3.35,4.42,4.86,57.9,220.0,181.4,149.56
Meru,2026-01,3.54,4.85,6.44,52.5,220.0,175.61,148.03
Machakos,2026-01,3.29,6.26,4.98,53.6,220.0,173.08,148.26
Kakamega,2026-01,3.89,4.72,6.95,56.0,220.0,185.58,147.31
Bungoma,2026-01,3.68,6.0,4.57,49.1,220.0,176.8,147.9
Kisii,2026-01,4.24,4.81,6.76,51.7,220.0,182.18,146.74
Nyamira,2026-01,3.89,6.49,5.13,56.7,220.0,174.37,150.44
Nyandarua,2026-01,3.52,5.84,7.13,54.6,220.0,178.7,147.5
Nyeri,2026-01,3.66,4.91,6.74,54.3,220.0,170.46,146.59
Kirinyaga,2026-01,2.97,5.21,5.87,54.2,220.0,179.3,150.75
Murang'a,2026-01,3.89,4.9,5.88,53.7,220.0,176.61,146.25
Laikipia,2026-01,3.06,5.18,5.4,48.9,220.0,183.23,147.29
Nandi,2026-01,3.4,5.45,6.76,50.1,220.0,183.99,148.65
Kericho,2026-01,3.28,3.88,6.33,50.5,220.0,180.02,148.54
Bomet,2026-01,3.07,5.89,6.66,49.1,220.0,179.84,152.52
Kilifi,2026-01,3.75,6.26,5.9,48.1,220.0,176.24,149.21
Kwale,2026-01,3.95,6.22,5.99,52.1,220.0,176.67,147.58
Lamu,2026-01,3.74,5.6,6.44,50.7,220.0,179.67,149.01
Taita Taveta,2026-01,3.51,5.67,7.2,50.0,220.0,179.02,147.5
Garissa,2026-01,3.51,4.33,5.67,53.5,220.0,175.3,148.11
Wajir,2026-01,3.52,4.71,5.33,53.1,220.0,180.0,147.53
Mandera,2026-01,3.37,5.63,5.19,54.8,220.0,181.98,147.49
Marsabit,2026-01,2.75,6.83,5.25,54.9,220.0,176.13,145.69
Isiolo,2026-01,2.65,5.41,6.52,47.8,220.0,178.37,148.36
Kitui,2026-01,3.37,3.77,6.33,52.8,220.0,173.77,146.11
Makueni,2026-01,3.87,4.05,7.16,57.5,220.0,176.37,148.2
Embu,2026-01,4.39,5.25,6.9,50.2,220.0,188.73,148.36
Tharaka Nithi,2026-01,4.32,5.93,5.95,50.7,220.0,184.28,147.21
Busia,2026-01,3.41,5.19,7.48,48.7,220.0,183.95,147.63
Siaya,2026-01,4.31,4.21,5.49,55.2,220.0,175.84,148.69
Homa Bay,2026-01,3.61,5.22,5.89,50.0,220.0,174.02,148.0
Migori,2026-01,2.9,5.19,6.37,56.3,220.0,179.3,148.29
Vihiga,2026-01,3.27,6.09,5.59,49.5,220.0,176.79,148.15
Baringo,2026-01,4.5,5.49,6.93,52.6,220.0,180.11,147.56
Elgeyo Marakwet,2026-01,3.44,6.29,5.68,47.2,220.0,172.81,147.52
Samburu,2026-01,3.29,6.08,7.49,50.8,220.0,179.26,148.22
Trans Nzoia,2026-01,4.02,6.48,7.57,55.3,220.0,172.25,148.76
Turkana,2026-01,3.45,4.61,5.75,53.9,220.0,181.43,149.09
West Pokot,2026-01,3.4,5.24,6.57,57.7,220.0,181.85,146.38
Narok,2026-01,4.54,5.56,6.09,54.6,220.0,178.81,148.87
Kajiado,2026-01,3.67,6.62,7.64,55.8,220.0,180.83,148.65
Tana River,2026-01,4.13,4.92,6.46,56.0,220.0,177.68,147.14
Nairobi,2026-02,3.45,5.07,5.92,53.9,225.5,179.03,151.0
Mombasa,2026-02,2.88,5.96,6.75,54.3,225.5,182.84,149.41
Kisumu,2026-02,4.02,5.32,4.72,49.6,225.5,176.63,148.82
Nakuru,2026-02,3.67,4.94,6.51,49.4,225.5,175.57,146.35
Kiambu,2026-02,3.46,5.6,5.26,52.7,225.5,178.97,149.56
Uasin Gishu,2026-02,4.02,4.86,4.91,57.6,225.5,180.22,146.6
Meru,2026-02,3.23,4.64,5.79,52.7,225.5,180.16,148.11
Machakos,2026-02,3.08,6.42,4.29,53.5,225.5,178.75,144.87
Kakamega,2026-02,3.84,5.1,6.26,55.7,225.5,179.98,145.85
Bungoma,2026-02,3.82,5.84,5.04,49.3,225.5,176.85,146.94
Kisii,2026-02,4.04,5.04,6.07,51.5,225.5,178.03,147.09
Nyamira,2026-02,3.9,6.07,5.09,57.0,225.5,181.81,150.58
Nyandarua,2026-02,3.11,5.64,6.23,54.8,225.5,172.58,151.0
Nyeri,2026-02,3.16,5.03,7.07,54.2,225.5,174.42,151.12
Kirinyaga,2026-02,2.89,4.99,6.21,54.4,225.5,182.3,148.93
Murang'a,2026-02,2.63,6.14,6.76,52.7,225.5,176.53,147.88
Laikipia,2026-02,3.2,5.12,5.13,49.0,225.5,180.06,147.72
Nandi,2026-02,2.87,5.45,5.85,50.1,225.5,182.35,145.7
Kericho,2026-02,3.45,4.62,5.78,49.9,225.5,185.37,149.97
Bomet,2026-02,3.19,5.87,7.61,49.2,225.5,180.45,147.15
Kilifi,2026-02,3.98,5.78,5.05,48.5,225.5,181.58,149.28
Kwale,2026-02,3.48,5.84,4.73,52.4,225.5,172.12,146.28
Lamu,2026-02,2.81,5.02,6.66,51.2,225.5,178.85,147.81
Taita Taveta,2026-02,3.86,6.2,7.43,49.6,225.5,177.02,150.8
Garissa,2026-02,3.62,4.36,6.27,53.5,225.5,173.74,147.94
Wajir,2026-02,4.28,5.13,5.08,52.8,225.5,185.32,148.14
Mandera,2026-02,3.2,6.2,5.78,54.3,225.5,181.72,147.7
Marsabit,2026-02,3.99,6.0,5.28,55.6,225.5,172.16,143.22
Isiolo,2026-02,3.39,5.05,6.31,48.1,225.5,174.54,147.08
Kitui,2026-02,3.54,4.51,6.77,52.3,225.5,177.8,146.59
Makueni,2026-02,3.11,4.83,7.38,56.9,225.5,184.41,146.9
Embu,2026-02,4.41,4.68,5.96,50.7,225.5,185.13,145.28
Tharaka Nithi,2026-02,4.94,6.04,6.0,50.7,225.5,180.78,148.3
Busia,2026-02,4.4,5.3,6.19,48.6,225.5,186.42,146.16
Siaya,2026-02,3.94,3.81,4.73,55.6,225.5,174.79,149.17
Homa Bay,2026-02,3.47,5.66,5.96,49.7,225.5,175.48,150.28
Migori,2026-02,3.07,6.0,6.3,55.7,225.5,178.66,146.57
Vihiga,2026-02,2.84,4.79,5.46,50.6,225.5,180.44,147.95
Baringo,2026-02,4.0,5.48,6.83,52.6,225.5,181.56,146.32
Elgeyo Marakwet,2026-02,3.28,6.15,4.9,47.3,225.5,176.69,148.14
Samburu,2026-02,3.91,6.66,6.85,50.4,225.5,188.52,148.41
Trans Nzoia,2026-02,3.81,5.82,6.64,55.9,225.5,179.78,149.04
Turkana,2026-02,4.29,5.16,4.67,53.4,225.5,179.24,149.67
West Pokot,2026-02,2.99,4.77,6.17,58.1,225.5,182.43,149.02
Narok,2026-02,3.81,5.4,6.13,54.7,225.5,179.38,144.95
Kajiado,2026-02,4.07,5.44,6.83,56.8,225.5,180.75,145.91
Tana River,2026-02,3.91,5.6,6.45,55.5,225.5,177.71,146.57
